# WaveFront *.obj file (generated by Autodesk ATF)

mtllib L6.mtl

g link

v 9.547349 -15.555951 767.900000
v 8.297720 -16.249227 767.900000
v 6.997549 -16.842322 767.900000
v 5.654853 -17.331578 767.900000
v 4.277910 -17.713980 767.900000
v 2.875208 -17.987168 767.900000
v 1.455396 -18.149460 767.900000
v 0.027227 -18.199855 767.900000
v -1.400493 -18.138041 767.900000
v -2.818961 -17.964400 767.900000
v -4.219434 -17.680003 767.900000
v -5.593275 -17.286602 767.900000
v -6.932016 -16.786624 767.900000
v -8.227402 -16.183151 767.900000
v -9.471447 -15.479903 767.900000
v -10.656481 -14.681217 767.900000
v -11.775197 -13.792016 767.900000
v -12.820699 -12.817782 767.900000
v -13.786540 -11.764523 767.900000
v -14.666766 -10.638732 767.900000
v -15.455951 -9.447349 767.900000
v -16.149227 -8.197720 767.900000
v -16.742322 -6.897549 767.900000
v -17.231578 -5.554853 767.900000
v -17.613980 -4.177910 767.900000
v -17.887168 -2.775208 767.900000
v -18.049460 -1.355396 767.900000
v -18.099855 0.072773 767.900000
v -18.038041 1.500493 767.900000
v -17.864400 2.918961 767.900000
v -17.580003 4.319434 767.900000
v -17.186602 5.693275 767.900000
v -16.686624 7.032016 767.900000
v -16.083151 8.327402 767.900000
v -15.379903 9.571447 767.900000
v -14.581217 10.756481 767.900000
v -13.692016 11.875197 767.900000
v -12.717782 12.920699 767.900000
v -11.664523 13.886540 767.900000
v -10.538732 14.766766 767.900000
v -9.347349 15.555951 767.900000
v -8.097720 16.249227 767.900000
v -6.797549 16.842322 767.900000
v -5.454853 17.331578 767.900000
v -4.077910 17.713980 767.900000
v -2.675208 17.987168 767.900000
v -1.255396 18.149460 767.900000
v 0.172773 18.199855 767.900000
v 1.600493 18.138041 767.900000
v 3.018961 17.964400 767.900000
v 4.419434 17.680003 767.900000
v 5.793275 17.286602 767.900000
v 7.132016 16.786624 767.900000
v 8.427402 16.183151 767.900000
v 9.671447 15.479903 767.900000
v 10.856481 14.681217 767.900000
v 11.975197 13.792016 767.900000
v 13.020699 12.817782 767.900000
v 13.986540 11.764523 767.900000
v 14.866766 10.638732 767.900000
v 15.655951 9.447349 767.900000
v 16.349227 8.197720 767.900000
v 16.942322 6.897549 767.900000
v 17.431578 5.554853 767.900000
v 17.813980 4.177910 767.900000
v 18.087168 2.775208 767.900000
v 18.249460 1.355396 767.900000
v 18.299855 -0.072773 767.900000
v 18.238041 -1.500493 767.900000
v 18.064400 -2.918961 767.900000
v 17.780003 -4.319434 767.900000
v 17.386602 -5.693275 767.900000
v 16.886624 -7.032016 767.900000
v 16.283151 -8.327402 767.900000
v 15.579903 -9.571447 767.900000
v 14.781217 -10.756481 767.900000
v 13.892016 -11.875197 767.900000
v 12.917782 -12.920699 767.900000
v 11.864523 -13.886540 767.900000
v 10.738732 -14.766766 767.900000
v 5.290851 -8.547226 767.900000
v 6.155843 -7.957811 767.900000
v 6.954487 -7.281210 767.900000
v 7.678031 -6.524833 767.900000
v 8.318548 -5.696970 767.900000
v 8.869022 -4.806689 767.900000
v 9.323420 -3.863745 767.900000
v 9.676764 -2.878469 767.900000
v 9.925184 -1.861656 767.900000
v 10.065956 -0.824447 767.900000
v 10.097540 0.221796 767.900000
v 10.019588 1.265608 767.900000
v 9.832956 2.295555 767.900000
v 9.539687 3.300350 767.900000
v 9.142995 4.268987 767.900000
v 8.647226 5.190851 767.900000
v 8.057811 6.055843 767.900000
v 7.381210 6.854487 767.900000
v 6.624833 7.578031 767.900000
v 5.796970 8.218548 767.900000
v 4.906689 8.769022 767.900000
v 3.963745 9.223420 767.900000
v 2.978469 9.576764 767.900000
v 1.961656 9.825184 767.900000
v 0.924447 9.965956 767.900000
v -0.121796 9.997540 767.900000
v -1.165608 9.919588 767.900000
v -2.195555 9.732956 767.900000
v -3.200350 9.439687 767.900000
v -4.168987 9.042995 767.900000
v -5.090851 8.547226 767.900000
v -5.955843 7.957811 767.900000
v -6.754487 7.281210 767.900000
v -7.478031 6.524833 767.900000
v -8.118548 5.696970 767.900000
v -8.669022 4.806689 767.900000
v -9.123420 3.863745 767.900000
v -9.476764 2.878469 767.900000
v -9.725184 1.861656 767.900000
v -9.865956 0.824447 767.900000
v -9.897540 -0.221796 767.900000
v -9.819588 -1.265608 767.900000
v -9.632956 -2.295555 767.900000
v -9.339687 -3.300350 767.900000
v -8.942995 -4.268987 767.900000
v -8.447226 -5.190851 767.900000
v -7.857811 -6.055843 767.900000
v -7.181210 -6.854487 767.900000
v -6.424833 -7.578031 767.900000
v -5.596970 -8.218548 767.900000
v -4.706689 -8.769022 767.900000
v -3.763745 -9.223420 767.900000
v -2.778469 -9.576764 767.900000
v -1.761656 -9.825184 767.900000
v -0.724447 -9.965956 767.900000
v 0.321796 -9.997540 767.900000
v 1.365608 -9.919588 767.900000
v 2.395555 -9.732956 767.900000
v 3.400350 -9.439687 767.900000
v 4.368987 -9.042995 767.900000
v 12.417382 5.725565 767.900000
v 12.722679 5.970775 767.900000
v 12.954108 6.286645 767.900000
v 13.095898 6.651652 767.900000
v 13.138386 7.040918 767.900000
v 13.078676 7.427918 767.900000
v 12.920838 7.786276 767.900000
v 12.675629 8.091573 767.900000
v 12.359758 8.323002 767.900000
v 11.994752 8.464792 767.900000
v 11.605485 8.507280 767.900000
v 11.218486 8.447570 767.900000
v 10.860127 8.289733 767.900000
v 10.554830 8.044523 767.900000
v 10.323401 7.728652 767.900000
v 10.181612 7.363646 767.900000
v 10.139124 6.974379 767.900000
v 10.198833 6.587380 767.900000
v 10.356671 6.229021 767.900000
v 10.601880 5.923725 767.900000
v 10.917751 5.692296 767.900000
v 11.282757 5.550506 767.900000
v 11.672024 5.508018 767.900000
v 12.059023 5.567727 767.900000
v -10.959552 5.206946 767.900000
v -10.654255 5.452156 767.900000
v -10.422826 5.768027 767.900000
v -10.281036 6.133033 767.900000
v -10.238548 6.522300 767.900000
v -10.298258 6.909299 767.900000
v -10.456095 7.267658 767.900000
v -10.701305 7.572954 767.900000
v -11.017176 7.804383 767.900000
v -11.382182 7.946173 767.900000
v -11.771449 7.988661 767.900000
v -12.158448 7.928952 767.900000
v -12.516807 7.771114 767.900000
v -12.822103 7.525904 767.900000
v -13.053532 7.210034 767.900000
v -13.195322 6.845027 767.900000
v -13.237810 6.455761 767.900000
v -13.178101 6.068761 767.900000
v -13.020263 5.710403 767.900000
v -12.775053 5.405106 767.900000
v -12.459183 5.173677 767.900000
v -12.094177 5.031887 767.900000
v -11.704910 4.989399 767.900000
v -11.317910 5.049109 767.900000
v 1.178052 -14.778763 767.900000
v 1.483349 -14.533553 767.900000
v 1.714778 -14.217682 767.900000
v 1.856568 -13.852676 767.900000
v 1.899056 -13.463410 767.900000
v 1.839346 -13.076410 767.900000
v 1.681508 -12.718051 767.900000
v 1.436299 -12.412755 767.900000
v 1.120428 -12.181326 767.900000
v 0.755422 -12.039536 767.900000
v 0.366155 -11.997048 767.900000
v -0.020844 -12.056757 767.900000
v -0.379203 -12.214595 767.900000
v -0.684500 -12.459805 767.900000
v -0.915929 -12.775676 767.900000
v -1.057718 -13.140682 767.900000
v -1.100206 -13.529948 767.900000
v -1.040497 -13.916948 767.900000
v -0.882659 -14.275307 767.900000
v -0.637450 -14.580603 767.900000
v -0.321579 -14.812032 767.900000
v 0.043427 -14.953822 767.900000
v 0.432694 -14.996310 767.900000
v 0.819693 -14.936601 767.900000
v -12.321199 -5.554620 767.900000
v -12.654829 -5.819725 767.900000
v -12.912049 -6.159471 767.900000
v -13.076695 -6.552512 767.900000
v -13.138425 -6.974150 767.900000
v -13.093357 -7.397893 767.900000
v -12.944325 -7.797116 767.900000
v -12.700692 -8.146733 767.900000
v -12.377767 -8.424778 767.900000
v -11.995841 -8.613779 767.900000
v -11.578911 -8.701861 767.900000
v -11.153174 -8.683490 767.900000
v -10.745381 -8.559819 767.900000
v -10.381156 -8.338620 767.900000
v -10.083383 -8.033791 767.900000
v -9.870773 -7.664486 767.900000
v -9.756686 -7.253909 767.900000
v -9.748289 -6.827858 767.900000
v -9.846110 -6.413105 767.900000
v -10.044003 -6.035709 767.900000
v -10.329533 -5.719384 767.900000
v -10.684760 -5.484005 767.900000
v -11.087363 -5.344362 767.900000
v -11.512045 -5.309229 767.900000
v -11.932122 -5.380815 767.900000
v 11.055735 -5.036002 767.900000
v 10.722105 -5.301106 767.900000
v 10.464885 -5.640853 767.900000
v 10.300238 -6.033893 767.900000
v 10.238509 -6.455531 767.900000
v 10.283577 -6.879274 767.900000
v 10.432609 -7.278497 767.900000
v 10.676242 -7.628115 767.900000
v 10.999167 -7.906159 767.900000
v 11.381093 -8.095161 767.900000
v 11.798023 -8.183243 767.900000
v 12.223760 -8.164871 767.900000
v 12.631553 -8.041201 767.900000
v 12.995778 -7.820001 767.900000
v 13.293551 -7.515172 767.900000
v 13.506161 -7.145867 767.900000
v 13.620248 -6.735290 767.900000
v 13.628645 -6.309240 767.900000
v 13.530824 -5.894486 767.900000
v 13.332931 -5.517090 767.900000
v 13.047401 -5.200765 767.900000
v 12.692174 -4.965386 767.900000
v 12.289571 -4.825743 767.900000
v 11.864889 -4.790611 767.900000
v 11.444812 -4.862196 767.900000
v -1.081869 14.949707 767.900000
v -1.415499 14.684603 767.900000
v -1.672719 14.344857 767.900000
v -1.837365 13.951816 767.900000
v -1.899095 13.530178 767.900000
v -1.854027 13.106435 767.900000
v -1.704995 12.707212 767.900000
v -1.461362 12.357595 767.900000
v -1.138437 12.079550 767.900000
v -0.756511 11.890549 767.900000
v -0.339581 11.802466 767.900000
v 0.086156 11.820838 767.900000
v 0.493949 11.944509 767.900000
v 0.858174 12.165708 767.900000
v 1.155947 12.470537 767.900000
v 1.368557 12.839842 767.900000
v 1.482644 13.250419 767.900000
v 1.491041 13.676469 767.900000
v 1.393220 14.091223 767.900000
v 1.195327 14.468619 767.900000
v 0.909797 14.784944 767.900000
v 0.554570 15.020323 767.900000
v 0.151967 15.159966 767.900000
v -0.272715 15.195098 767.900000
v -0.692792 15.123513 767.900000
v -15.524461 25.727149 770.500000
v -13.926970 26.631825 770.500000
v -12.277298 27.437429 770.500000
v -10.581581 28.140964 770.500000
v -8.846128 28.739812 770.500000
v -7.077395 29.231747 770.500000
v -5.281961 29.614937 770.500000
v -3.466506 29.887958 770.500000
v -1.637784 30.049794 770.500000
v 0.197403 30.099842 770.500000
v 2.032228 30.037918 770.500000
v 3.859865 29.864250 770.500000
v 5.673515 29.579485 770.500000
v 7.466431 29.184683 770.500000
v 9.231943 28.681311 770.500000
v 10.963484 28.071244 770.500000
v 12.654612 27.356749 770.500000
v 14.299036 26.540485 770.500000
v 15.890639 25.625490 770.500000
v 17.423500 24.615165 770.500000
v 18.891916 23.513271 770.500000
v 20.290424 22.323906 770.500000
v 21.613823 21.051494 770.500000
v 22.857190 19.700769 770.500000
v 24.015898 18.276757 770.500000
v 25.085637 16.784753 770.500000
v 26.062428 15.230309 770.500000
v 26.942637 13.619208 770.500000
v 27.722990 11.957442 770.500000
v 28.400584 10.251193 770.500000
v 28.972897 8.506810 770.500000
v 29.437802 6.730780 770.500000
v 29.793567 4.929712 770.500000
v 30.038871 3.110304 770.500000
v 30.172800 1.279327 770.500000
v 30.194857 -0.556410 770.500000
v 30.104958 -2.390077 770.500000
v 29.903440 -4.214853 770.500000
v 29.591050 -6.023950 770.500000
v 29.168952 -7.810636 770.500000
v 28.638715 -9.568267 770.500000
v 28.002313 -11.290303 770.500000
v 27.262112 -12.970339 770.500000
v 26.420866 -14.602124 770.500000
v 25.481705 -16.179588 770.500000
v 24.448122 -17.696863 770.500000
v 23.323963 -19.148304 770.500000
v 22.113409 -20.528513 770.500000
v 20.820963 -21.832354 770.500000
v 19.451435 -23.054977 770.500000
v 18.009917 -24.191835 770.500000
v 16.501774 -25.238697 770.500000
v 14.932615 -26.191669 770.500000
v 13.308277 -27.047207 770.500000
v 11.634804 -27.802127 770.500000
v 9.918421 -28.453622 770.500000
v 8.165513 -28.999267 770.500000
v 6.382600 -29.437033 770.500000
v 4.576316 -29.765292 770.500000
v 2.753379 -29.982821 770.500000
v 0.920572 -30.088813 770.500000
v -0.915288 -30.082872 770.500000
v -2.747371 -29.965021 770.500000
v -4.568861 -29.735698 770.500000
v -6.372983 -29.395756 770.500000
v -8.153026 -28.946460 770.500000
v -9.902366 -28.389482 770.500000
v -11.614497 -27.726892 770.500000
v -13.283049 -26.961157 770.500000
v -14.901815 -26.095125 770.500000
v -16.464774 -25.132017 770.500000
v -17.966110 -24.075416 770.500000
v -19.400240 -22.929253 770.500000
v -20.761827 -21.697792 770.500000
v -22.045807 -20.385613 770.500000
v -23.247403 -18.997599 770.500000
v -24.362145 -17.538912 770.500000
v -25.385887 -16.014980 770.500000
v -26.314819 -14.431471 770.500000
v -27.145486 -12.794275 770.500000
v -27.874799 -11.109485 770.500000
v -28.500043 -9.383366 770.500000
v -29.018893 -7.622340 770.500000
v -29.429419 -5.832959 770.500000
v -29.730094 -4.021879 770.500000
v -29.919798 -2.195837 770.500000
v -29.997828 -0.361626 770.500000
v -29.963891 1.473929 770.500000
v -29.818114 3.304002 770.500000
v -29.561041 5.121784 770.500000
v -29.193626 6.920512 770.500000
v -28.717237 8.693495 770.500000
v -28.133646 10.434138 770.500000
v -27.445024 12.135966 770.500000
v -26.653932 13.792646 770.500000
v -25.763315 15.398018 770.500000
v -24.776484 16.946107 770.500000
v -23.697111 18.431156 770.500000
v -22.529211 19.847640 770.500000
v -21.277129 21.190289 770.500000
v -19.945522 22.454109 770.500000
v -18.539345 23.634399 770.500000
v -17.063829 24.726767 770.500000
v 24.803944 -15.536987 770.500000
v 25.295817 -15.176056 770.500000
v 25.717541 -14.735195 770.500000
v 26.056304 -14.227800 770.500000
v 26.301812 -13.669287 770.500000
v 26.446606 -13.076628 770.500000
v 26.486285 -12.467830 770.500000
v 26.419646 -11.861390 770.500000
v 26.248711 -11.275735 770.500000
v 25.978675 -10.728661 770.500000
v 25.617744 -10.236788 770.500000
v 25.176883 -9.815064 770.500000
v 24.669488 -9.476301 770.500000
v 24.110975 -9.230793 770.500000
v 23.518316 -9.085999 770.500000
v 22.909518 -9.046319 770.500000
v 22.303078 -9.112959 770.500000
v 21.717423 -9.283894 770.500000
v 21.170349 -9.553929 770.500000
v 20.678476 -9.914861 770.500000
v 20.256752 -10.355722 770.500000
v 19.917989 -10.863117 770.500000
v 19.672481 -11.421629 770.500000
v 19.527687 -12.014289 770.500000
v 19.488007 -12.623087 770.500000
v 19.554647 -13.229527 770.500000
v 19.725582 -13.815181 770.500000
v 19.995618 -14.362256 770.500000
v 20.356549 -14.854129 770.500000
v 20.797410 -15.275853 770.500000
v 21.304805 -15.614616 770.500000
v 21.863317 -15.860124 770.500000
v 22.455977 -16.004918 770.500000
v 23.064775 -16.044597 770.500000
v 23.671215 -15.977958 770.500000
v 24.256870 -15.807023 770.500000
v 15.464919 -25.299788 770.500000
v 15.956791 -24.938856 770.500000
v 16.378516 -24.497995 770.500000
v 16.717279 -23.990600 770.500000
v 16.962787 -23.432088 770.500000
v 17.107580 -22.839429 770.500000
v 17.147260 -22.230630 770.500000
v 17.080620 -21.624191 770.500000
v 16.909686 -21.038536 770.500000
v 16.639650 -20.491461 770.500000
v 16.278718 -19.999589 770.500000
v 15.837857 -19.577864 770.500000
v 15.330462 -19.239101 770.500000
v 14.771950 -18.993593 770.500000
v 14.179291 -18.848800 770.500000
v 13.570492 -18.809120 770.500000
v 12.964053 -18.875760 770.500000
v 12.378398 -19.046694 770.500000
v 11.831323 -19.316730 770.500000
v 11.339451 -19.677662 770.500000
v 10.917726 -20.118523 770.500000
v 10.578964 -20.625918 770.500000
v 10.333455 -21.184430 770.500000
v 10.188662 -21.777089 770.500000
v 10.148982 -22.385888 770.500000
v 10.215622 -22.992327 770.500000
v 10.386557 -23.577982 770.500000
v 10.656592 -24.125057 770.500000
v 11.017524 -24.616929 770.500000
v 11.458385 -25.038654 770.500000
v 11.965780 -25.377416 770.500000
v 12.524292 -25.622925 770.500000
v 13.116951 -25.767718 770.500000
v 13.725750 -25.807398 770.500000
v 14.332189 -25.740758 770.500000
v 14.917844 -25.569823 770.500000
v 2.495685 -29.085108 770.500000
v 2.987558 -28.724177 770.500000
v 3.409282 -28.283316 770.500000
v 3.748045 -27.775921 770.500000
v 3.993553 -27.217408 770.500000
v 4.138347 -26.624749 770.500000
v 4.178027 -26.015951 770.500000
v 4.111387 -25.409511 770.500000
v 3.940452 -24.823856 770.500000
v 3.670417 -24.276782 770.500000
v 3.309485 -23.784909 770.500000
v 2.868624 -23.363185 770.500000
v 2.361229 -23.024422 770.500000
v 1.802717 -22.778914 770.500000
v 1.210057 -22.634120 770.500000
v 0.601259 -22.594440 770.500000
v -0.005181 -22.661080 770.500000
v -0.590835 -22.832015 770.500000
v -1.137910 -23.102050 770.500000
v -1.629783 -23.462982 770.500000
v -2.051507 -23.903843 770.500000
v -2.390270 -24.411238 770.500000
v -2.635778 -24.969750 770.500000
v -2.780572 -25.562410 770.500000
v -2.820251 -26.171208 770.500000
v -2.753612 -26.777648 770.500000
v -2.582677 -27.363303 770.500000
v -2.312641 -27.910377 770.500000
v -1.951710 -28.402250 770.500000
v -1.510849 -28.823974 770.500000
v -1.003454 -29.162737 770.500000
v -0.444941 -29.408245 770.500000
v 0.147718 -29.553039 770.500000
v 0.756516 -29.592718 770.500000
v 1.362956 -29.526079 770.500000
v 1.948611 -29.355144 770.500000
v -10.628661 -25.878675 770.500000
v -10.136788 -25.517744 770.500000
v -9.715064 -25.076883 770.500000
v -9.376301 -24.569488 770.500000
v -9.130793 -24.010975 770.500000
v -8.985999 -23.418316 770.500000
v -8.946319 -22.809518 770.500000
v -9.012959 -22.203078 770.500000
v -9.183894 -21.617423 770.500000
v -9.453929 -21.070349 770.500000
v -9.814861 -20.578476 770.500000
v -10.255722 -20.156752 770.500000
v -10.763117 -19.817989 770.500000
v -11.321629 -19.572481 770.500000
v -11.914289 -19.427687 770.500000
v -12.523087 -19.388007 770.500000
v -13.129527 -19.454647 770.500000
v -13.715181 -19.625582 770.500000
v -14.262256 -19.895618 770.500000
v -14.754129 -20.256549 770.500000
v -15.175853 -20.697410 770.500000
v -15.514616 -21.204805 770.500000
v -15.760124 -21.763317 770.500000
v -15.904918 -22.355977 770.500000
v -15.944597 -22.964775 770.500000
v -15.877958 -23.571215 770.500000
v -15.707023 -24.156870 770.500000
v -15.436987 -24.703944 770.500000
v -15.076056 -25.195817 770.500000
v -14.635195 -25.617541 770.500000
v -14.127800 -25.956304 770.500000
v -13.569287 -26.201812 770.500000
v -12.976628 -26.346606 770.500000
v -12.367830 -26.386285 770.500000
v -11.761390 -26.319646 770.500000
v -11.175735 -26.148711 770.500000
v -20.391461 -16.539650 770.500000
v -19.899589 -16.178718 770.500000
v -19.477864 -15.737857 770.500000
v -19.139101 -15.230462 770.500000
v -18.893593 -14.671950 770.500000
v -18.748800 -14.079291 770.500000
v -18.709120 -13.470492 770.500000
v -18.775760 -12.864053 770.500000
v -18.946694 -12.278398 770.500000
v -19.216730 -11.731323 770.500000
v -19.577662 -11.239451 770.500000
v -20.018523 -10.817726 770.500000
v -20.525918 -10.478964 770.500000
v -21.084430 -10.233455 770.500000
v -21.677089 -10.088662 770.500000
v -22.285888 -10.048982 770.500000
v -22.892327 -10.115622 770.500000
v -23.477982 -10.286557 770.500000
v -24.025057 -10.556592 770.500000
v -24.516929 -10.917524 770.500000
v -24.938654 -11.358385 770.500000
v -25.277416 -11.865780 770.500000
v -25.522925 -12.424292 770.500000
v -25.667718 -13.016951 770.500000
v -25.707398 -13.625750 770.500000
v -25.640758 -14.232189 770.500000
v -25.469823 -14.817844 770.500000
v -25.199788 -15.364919 770.500000
v -24.838856 -15.856791 770.500000
v -24.397995 -16.278516 770.500000
v -23.890600 -16.617279 770.500000
v -23.332088 -16.862787 770.500000
v -22.739429 -17.007580 770.500000
v -22.130630 -17.047260 770.500000
v -21.524191 -16.980620 770.500000
v -20.938536 -16.809686 770.500000
v -24.176782 -3.570417 770.500000
v -23.684909 -3.209485 770.500000
v -23.263185 -2.768624 770.500000
v -22.924422 -2.261229 770.500000
v -22.678914 -1.702717 770.500000
v -22.534120 -1.110057 770.500000
v -22.494440 -0.501259 770.500000
v -22.561080 0.105181 770.500000
v -22.732015 0.690835 770.500000
v -23.002050 1.237910 770.500000
v -23.362982 1.729783 770.500000
v -23.803843 2.151507 770.500000
v -24.311238 2.490270 770.500000
v -24.869750 2.735778 770.500000
v -25.462410 2.880572 770.500000
v -26.071208 2.920251 770.500000
v -26.677648 2.853612 770.500000
v -27.263303 2.682677 770.500000
v -27.810377 2.412641 770.500000
v -28.302250 2.051710 770.500000
v -28.723974 1.610849 770.500000
v -29.062737 1.103454 770.500000
v -29.308245 0.544941 770.500000
v -29.453039 -0.047718 770.500000
v -29.492718 -0.656516 770.500000
v -29.426079 -1.262956 770.500000
v -29.255144 -1.848611 770.500000
v -28.985108 -2.395685 770.500000
v -28.624177 -2.887558 770.500000
v -28.183316 -3.309282 770.500000
v -27.675921 -3.648045 770.500000
v -27.117408 -3.893553 770.500000
v -26.524749 -4.038347 770.500000
v -25.915951 -4.078027 770.500000
v -25.309511 -4.011387 770.500000
v -24.723856 -3.840452 770.500000
v -20.970349 9.553929 770.500000
v -20.478476 9.914861 770.500000
v -20.056752 10.355722 770.500000
v -19.717989 10.863117 770.500000
v -19.472481 11.421629 770.500000
v -19.327687 12.014289 770.500000
v -19.288007 12.623087 770.500000
v -19.354647 13.229527 770.500000
v -19.525582 13.815181 770.500000
v -19.795618 14.362256 770.500000
v -20.156549 14.854129 770.500000
v -20.597410 15.275853 770.500000
v -21.104805 15.614616 770.500000
v -21.663317 15.860124 770.500000
v -22.255977 16.004918 770.500000
v -22.864775 16.044597 770.500000
v -23.471215 15.977958 770.500000
v -24.056870 15.807023 770.500000
v -24.603944 15.536987 770.500000
v -25.095817 15.176056 770.500000
v -25.517541 14.735195 770.500000
v -25.856304 14.227800 770.500000
v -26.101812 13.669287 770.500000
v -26.246606 13.076628 770.500000
v -26.286285 12.467830 770.500000
v -26.219646 11.861390 770.500000
v -26.048711 11.275735 770.500000
v -25.778675 10.728661 770.500000
v -25.417744 10.236788 770.500000
v -24.976883 9.815064 770.500000
v -24.469488 9.476301 770.500000
v -23.910975 9.230793 770.500000
v -23.318316 9.085999 770.500000
v -22.709518 9.046319 770.500000
v -22.103078 9.112959 770.500000
v -21.517423 9.283894 770.500000
v -11.631323 19.316730 770.500000
v -11.139451 19.677662 770.500000
v -10.717726 20.118523 770.500000
v -10.378964 20.625918 770.500000
v -10.133455 21.184430 770.500000
v -9.988662 21.777089 770.500000
v -9.948982 22.385888 770.500000
v -10.015622 22.992327 770.500000
v -10.186557 23.577982 770.500000
v -10.456592 24.125057 770.500000
v -10.817524 24.616929 770.500000
v -11.258385 25.038654 770.500000
v -11.765780 25.377416 770.500000
v -12.324292 25.622925 770.500000
v -12.916951 25.767718 770.500000
v -13.525750 25.807398 770.500000
v -14.132189 25.740758 770.500000
v -14.717844 25.569823 770.500000
v -15.264919 25.299788 770.500000
v -15.756791 24.938856 770.500000
v -16.178516 24.497995 770.500000
v -16.517279 23.990600 770.500000
v -16.762787 23.432088 770.500000
v -16.907580 22.839429 770.500000
v -16.947260 22.230630 770.500000
v -16.880620 21.624191 770.500000
v -16.709686 21.038536 770.500000
v -16.439650 20.491461 770.500000
v -16.078718 19.999589 770.500000
v -15.637857 19.577864 770.500000
v -15.130462 19.239101 770.500000
v -14.571950 18.993593 770.500000
v -13.979291 18.848800 770.500000
v -13.370492 18.809120 770.500000
v -12.764053 18.875760 770.500000
v -12.178398 19.046694 770.500000
v 1.337910 23.102050 770.500000
v 1.829783 23.462982 770.500000
v 2.251507 23.903843 770.500000
v 2.590270 24.411238 770.500000
v 2.835778 24.969750 770.500000
v 2.980572 25.562410 770.500000
v 3.020251 26.171208 770.500000
v 2.953612 26.777648 770.500000
v 2.782677 27.363303 770.500000
v 2.512641 27.910377 770.500000
v 2.151710 28.402250 770.500000
v 1.710849 28.823974 770.500000
v 1.203454 29.162737 770.500000
v 0.644941 29.408245 770.500000
v 0.052282 29.553039 770.500000
v -0.556516 29.592718 770.500000
v -1.162956 29.526079 770.500000
v -1.748611 29.355144 770.500000
v -2.295685 29.085108 770.500000
v -2.787558 28.724177 770.500000
v -3.209282 28.283316 770.500000
v -3.548045 27.775921 770.500000
v -3.793553 27.217408 770.500000
v -3.938347 26.624749 770.500000
v -3.978027 26.015951 770.500000
v -3.911387 25.409511 770.500000
v -3.740452 24.823856 770.500000
v -3.470417 24.276782 770.500000
v -3.109485 23.784909 770.500000
v -2.668624 23.363185 770.500000
v -2.161229 23.024422 770.500000
v -1.602717 22.778914 770.500000
v -1.010057 22.634120 770.500000
v -0.401259 22.594440 770.500000
v 0.205181 22.661080 770.500000
v 0.790835 22.832015 770.500000
v 14.462256 19.895618 770.500000
v 14.954129 20.256549 770.500000
v 15.375853 20.697410 770.500000
v 15.714616 21.204805 770.500000
v 15.960124 21.763317 770.500000
v 16.104918 22.355977 770.500000
v 16.144597 22.964775 770.500000
v 16.077958 23.571215 770.500000
v 15.907023 24.156870 770.500000
v 15.636987 24.703944 770.500000
v 15.276056 25.195817 770.500000
v 14.835195 25.617541 770.500000
v 14.327800 25.956304 770.500000
v 13.769287 26.201812 770.500000
v 13.176628 26.346606 770.500000
v 12.567830 26.386285 770.500000
v 11.961390 26.319646 770.500000
v 11.375735 26.148711 770.500000
v 10.828661 25.878675 770.500000
v 10.336788 25.517744 770.500000
v 9.915064 25.076883 770.500000
v 9.576301 24.569488 770.500000
v 9.330793 24.010975 770.500000
v 9.185999 23.418316 770.500000
v 9.146319 22.809518 770.500000
v 9.212959 22.203078 770.500000
v 9.383894 21.617423 770.500000
v 9.653929 21.070349 770.500000
v 10.014861 20.578476 770.500000
v 10.455722 20.156752 770.500000
v 10.963117 19.817989 770.500000
v 11.521629 19.572481 770.500000
v 12.114289 19.427687 770.500000
v 12.723087 19.388007 770.500000
v 13.329527 19.454647 770.500000
v 13.915181 19.625582 770.500000
v 28.010377 -2.412641 770.500000
v 28.502250 -2.051710 770.500000
v 28.923974 -1.610849 770.500000
v 29.262737 -1.103454 770.500000
v 29.508245 -0.544941 770.500000
v 29.653039 0.047718 770.500000
v 29.692718 0.656516 770.500000
v 29.626079 1.262956 770.500000
v 29.455144 1.848611 770.500000
v 29.185108 2.395685 770.500000
v 28.824177 2.887558 770.500000
v 28.383316 3.309282 770.500000
v 27.875921 3.648045 770.500000
v 27.317408 3.893553 770.500000
v 26.724749 4.038347 770.500000
v 26.115951 4.078027 770.500000
v 25.509511 4.011387 770.500000
v 24.923856 3.840452 770.500000
v 24.376782 3.570417 770.500000
v 23.884909 3.209485 770.500000
v 23.463185 2.768624 770.500000
v 23.124422 2.261229 770.500000
v 22.878914 1.702717 770.500000
v 22.734120 1.110057 770.500000
v 22.694440 0.501259 770.500000
v 22.761080 -0.105181 770.500000
v 22.932015 -0.690835 770.500000
v 23.202050 -1.237910 770.500000
v 23.562982 -1.729783 770.500000
v 24.003843 -2.151507 770.500000
v 24.511238 -2.490270 770.500000
v 25.069750 -2.735778 770.500000
v 25.662410 -2.880572 770.500000
v 26.271208 -2.920251 770.500000
v 26.877648 -2.853612 770.500000
v 27.463303 -2.682677 770.500000
v 24.225057 10.556592 770.500000
v 24.716929 10.917524 770.500000
v 25.138654 11.358385 770.500000
v 25.477416 11.865780 770.500000
v 25.722925 12.424292 770.500000
v 25.867718 13.016951 770.500000
v 25.907398 13.625750 770.500000
v 25.840758 14.232189 770.500000
v 25.669823 14.817844 770.500000
v 25.399788 15.364919 770.500000
v 25.038856 15.856791 770.500000
v 24.597995 16.278516 770.500000
v 24.090600 16.617279 770.500000
v 23.532088 16.862787 770.500000
v 22.939429 17.007580 770.500000
v 22.330630 17.047260 770.500000
v 21.724191 16.980620 770.500000
v 21.138536 16.809686 770.500000
v 20.591461 16.539650 770.500000
v 20.099589 16.178718 770.500000
v 19.677864 15.737857 770.500000
v 19.339101 15.230462 770.500000
v 19.093593 14.671950 770.500000
v 18.948800 14.079291 770.500000
v 18.909120 13.470492 770.500000
v 18.975760 12.864053 770.500000
v 19.146694 12.278398 770.500000
v 19.416730 11.731323 770.500000
v 19.777662 11.239451 770.500000
v 20.218523 10.817726 770.500000
v 20.725918 10.478964 770.500000
v 21.284430 10.233455 770.500000
v 21.877089 10.088662 770.500000
v 22.485888 10.048982 770.500000
v 23.092327 10.115622 770.500000
v 23.677982 10.286557 770.500000
v 9.547349 -15.555951 770.500000
v 10.738732 -14.766766 770.500000
v 11.864523 -13.886540 770.500000
v 12.917782 -12.920699 770.500000
v 13.892016 -11.875197 770.500000
v 14.781217 -10.756481 770.500000
v 15.579903 -9.571447 770.500000
v 16.283151 -8.327402 770.500000
v 16.886624 -7.032016 770.500000
v 17.386602 -5.693275 770.500000
v 17.780003 -4.319434 770.500000
v 18.064400 -2.918961 770.500000
v 18.238041 -1.500493 770.500000
v 18.299855 -0.072773 770.500000
v 18.249460 1.355396 770.500000
v 18.087168 2.775208 770.500000
v 17.813980 4.177910 770.500000
v 17.431578 5.554853 770.500000
v 16.942322 6.897549 770.500000
v 16.349227 8.197720 770.500000
v 15.655951 9.447349 770.500000
v 14.866766 10.638732 770.500000
v 13.986540 11.764523 770.500000
v 13.020699 12.817782 770.500000
v 11.975197 13.792016 770.500000
v 10.856481 14.681217 770.500000
v 9.671447 15.479903 770.500000
v 8.427402 16.183151 770.500000
v 7.132016 16.786624 770.500000
v 5.793275 17.286602 770.500000
v 4.419434 17.680003 770.500000
v 3.018961 17.964400 770.500000
v 1.600493 18.138041 770.500000
v 0.172773 18.199855 770.500000
v -1.255396 18.149460 770.500000
v -2.675208 17.987168 770.500000
v -4.077910 17.713980 770.500000
v -5.454853 17.331578 770.500000
v -6.797549 16.842322 770.500000
v -8.097720 16.249227 770.500000
v -9.347349 15.555951 770.500000
v -10.538732 14.766766 770.500000
v -11.664523 13.886540 770.500000
v -12.717782 12.920699 770.500000
v -13.692016 11.875197 770.500000
v -14.581217 10.756481 770.500000
v -15.379903 9.571447 770.500000
v -16.083151 8.327402 770.500000
v -16.686624 7.032016 770.500000
v -17.186602 5.693275 770.500000
v -17.580003 4.319434 770.500000
v -17.864400 2.918961 770.500000
v -18.038041 1.500493 770.500000
v -18.099855 0.072773 770.500000
v -18.049460 -1.355396 770.500000
v -17.887168 -2.775208 770.500000
v -17.613980 -4.177910 770.500000
v -17.231578 -5.554853 770.500000
v -16.742322 -6.897549 770.500000
v -16.149227 -8.197720 770.500000
v -15.455951 -9.447349 770.500000
v -14.666766 -10.638732 770.500000
v -13.786540 -11.764523 770.500000
v -12.820699 -12.817782 770.500000
v -11.775197 -13.792016 770.500000
v -10.656481 -14.681217 770.500000
v -9.471447 -15.479903 770.500000
v -8.227402 -16.183151 770.500000
v -6.932016 -16.786624 770.500000
v -5.593275 -17.286602 770.500000
v -4.219434 -17.680003 770.500000
v -2.818961 -17.964400 770.500000
v -1.400493 -18.138041 770.500000
v 0.027227 -18.199855 770.500000
v 1.455396 -18.149460 770.500000
v 2.875208 -17.987168 770.500000
v 4.277910 -17.713980 770.500000
v 5.654853 -17.331578 770.500000
v 6.997549 -16.842322 770.500000
v 8.297720 -16.249227 770.500000
v 24.803944 -15.536987 778.500000
v 24.256870 -15.807023 778.500000
v 23.671215 -15.977958 778.500000
v 23.064775 -16.044597 778.500000
v 22.455977 -16.004918 778.500000
v 21.863317 -15.860124 778.500000
v 21.304805 -15.614616 778.500000
v 20.797410 -15.275853 778.500000
v 20.356549 -14.854129 778.500000
v 19.995618 -14.362256 778.500000
v 19.725582 -13.815181 778.500000
v 19.554647 -13.229527 778.500000
v 19.488007 -12.623087 778.500000
v 19.527687 -12.014289 778.500000
v 19.672481 -11.421629 778.500000
v 19.917989 -10.863117 778.500000
v 20.256752 -10.355722 778.500000
v 20.678476 -9.914861 778.500000
v 21.170349 -9.553929 778.500000
v 21.717423 -9.283894 778.500000
v 22.303078 -9.112959 778.500000
v 22.909518 -9.046319 778.500000
v 23.518316 -9.085999 778.500000
v 24.110975 -9.230793 778.500000
v 24.669488 -9.476301 778.500000
v 25.176883 -9.815064 778.500000
v 25.617744 -10.236788 778.500000
v 25.978675 -10.728661 778.500000
v 26.248711 -11.275735 778.500000
v 26.419646 -11.861390 778.500000
v 26.486285 -12.467830 778.500000
v 26.446606 -13.076628 778.500000
v 26.301812 -13.669287 778.500000
v 26.056304 -14.227800 778.500000
v 25.717541 -14.735195 778.500000
v 25.295817 -15.176056 778.500000
v 15.464919 -25.299788 778.500000
v 14.917844 -25.569823 778.500000
v 14.332189 -25.740758 778.500000
v 13.725750 -25.807398 778.500000
v 13.116951 -25.767718 778.500000
v 12.524292 -25.622925 778.500000
v 11.965780 -25.377416 778.500000
v 11.458385 -25.038654 778.500000
v 11.017524 -24.616929 778.500000
v 10.656592 -24.125057 778.500000
v 10.386557 -23.577982 778.500000
v 10.215622 -22.992327 778.500000
v 10.148982 -22.385888 778.500000
v 10.188662 -21.777089 778.500000
v 10.333455 -21.184430 778.500000
v 10.578964 -20.625918 778.500000
v 10.917726 -20.118523 778.500000
v 11.339451 -19.677662 778.500000
v 11.831323 -19.316730 778.500000
v 12.378398 -19.046694 778.500000
v 12.964053 -18.875760 778.500000
v 13.570492 -18.809120 778.500000
v 14.179291 -18.848800 778.500000
v 14.771950 -18.993593 778.500000
v 15.330462 -19.239101 778.500000
v 15.837857 -19.577864 778.500000
v 16.278718 -19.999589 778.500000
v 16.639650 -20.491461 778.500000
v 16.909686 -21.038536 778.500000
v 17.080620 -21.624191 778.500000
v 17.147260 -22.230630 778.500000
v 17.107580 -22.839429 778.500000
v 16.962787 -23.432088 778.500000
v 16.717279 -23.990600 778.500000
v 16.378516 -24.497995 778.500000
v 15.956791 -24.938856 778.500000
v 2.495685 -29.085108 778.500000
v 1.948611 -29.355144 778.500000
v 1.362956 -29.526079 778.500000
v 0.756516 -29.592718 778.500000
v 0.147718 -29.553039 778.500000
v -0.444941 -29.408245 778.500000
v -1.003454 -29.162737 778.500000
v -1.510849 -28.823974 778.500000
v -1.951710 -28.402250 778.500000
v -2.312641 -27.910377 778.500000
v -2.582677 -27.363303 778.500000
v -2.753612 -26.777648 778.500000
v -2.820251 -26.171208 778.500000
v -2.780572 -25.562410 778.500000
v -2.635778 -24.969750 778.500000
v -2.390270 -24.411238 778.500000
v -2.051507 -23.903843 778.500000
v -1.629783 -23.462982 778.500000
v -1.137910 -23.102050 778.500000
v -0.590835 -22.832015 778.500000
v -0.005181 -22.661080 778.500000
v 0.601259 -22.594440 778.500000
v 1.210057 -22.634120 778.500000
v 1.802717 -22.778914 778.500000
v 2.361229 -23.024422 778.500000
v 2.868624 -23.363185 778.500000
v 3.309485 -23.784909 778.500000
v 3.670417 -24.276782 778.500000
v 3.940452 -24.823856 778.500000
v 4.111387 -25.409511 778.500000
v 4.178027 -26.015951 778.500000
v 4.138347 -26.624749 778.500000
v 3.993553 -27.217408 778.500000
v 3.748045 -27.775921 778.500000
v 3.409282 -28.283316 778.500000
v 2.987558 -28.724177 778.500000
v -10.628661 -25.878675 778.500000
v -11.175735 -26.148711 778.500000
v -11.761390 -26.319646 778.500000
v -12.367830 -26.386285 778.500000
v -12.976628 -26.346606 778.500000
v -13.569287 -26.201812 778.500000
v -14.127800 -25.956304 778.500000
v -14.635195 -25.617541 778.500000
v -15.076056 -25.195817 778.500000
v -15.436987 -24.703944 778.500000
v -15.707023 -24.156870 778.500000
v -15.877958 -23.571215 778.500000
v -15.944597 -22.964775 778.500000
v -15.904918 -22.355977 778.500000
v -15.760124 -21.763317 778.500000
v -15.514616 -21.204805 778.500000
v -15.175853 -20.697410 778.500000
v -14.754129 -20.256549 778.500000
v -14.262256 -19.895618 778.500000
v -13.715181 -19.625582 778.500000
v -13.129527 -19.454647 778.500000
v -12.523087 -19.388007 778.500000
v -11.914289 -19.427687 778.500000
v -11.321629 -19.572481 778.500000
v -10.763117 -19.817989 778.500000
v -10.255722 -20.156752 778.500000
v -9.814861 -20.578476 778.500000
v -9.453929 -21.070349 778.500000
v -9.183894 -21.617423 778.500000
v -9.012959 -22.203078 778.500000
v -8.946319 -22.809518 778.500000
v -8.985999 -23.418316 778.500000
v -9.130793 -24.010975 778.500000
v -9.376301 -24.569488 778.500000
v -9.715064 -25.076883 778.500000
v -10.136788 -25.517744 778.500000
v -20.391461 -16.539650 778.500000
v -20.938536 -16.809686 778.500000
v -21.524191 -16.980620 778.500000
v -22.130630 -17.047260 778.500000
v -22.739429 -17.007580 778.500000
v -23.332088 -16.862787 778.500000
v -23.890600 -16.617279 778.500000
v -24.397995 -16.278516 778.500000
v -24.838856 -15.856791 778.500000
v -25.199788 -15.364919 778.500000
v -25.469823 -14.817844 778.500000
v -25.640758 -14.232189 778.500000
v -25.707398 -13.625750 778.500000
v -25.667718 -13.016951 778.500000
v -25.522925 -12.424292 778.500000
v -25.277416 -11.865780 778.500000
v -24.938654 -11.358385 778.500000
v -24.516929 -10.917524 778.500000
v -24.025057 -10.556592 778.500000
v -23.477982 -10.286557 778.500000
v -22.892327 -10.115622 778.500000
v -22.285888 -10.048982 778.500000
v -21.677089 -10.088662 778.500000
v -21.084430 -10.233455 778.500000
v -20.525918 -10.478964 778.500000
v -20.018523 -10.817726 778.500000
v -19.577662 -11.239451 778.500000
v -19.216730 -11.731323 778.500000
v -18.946694 -12.278398 778.500000
v -18.775760 -12.864053 778.500000
v -18.709120 -13.470492 778.500000
v -18.748800 -14.079291 778.500000
v -18.893593 -14.671950 778.500000
v -19.139101 -15.230462 778.500000
v -19.477864 -15.737857 778.500000
v -19.899589 -16.178718 778.500000
v -24.176782 -3.570417 778.500000
v -24.723856 -3.840452 778.500000
v -25.309511 -4.011387 778.500000
v -25.915951 -4.078027 778.500000
v -26.524749 -4.038347 778.500000
v -27.117408 -3.893553 778.500000
v -27.675921 -3.648045 778.500000
v -28.183316 -3.309282 778.500000
v -28.624177 -2.887558 778.500000
v -28.985108 -2.395685 778.500000
v -29.255144 -1.848611 778.500000
v -29.426079 -1.262956 778.500000
v -29.492718 -0.656516 778.500000
v -29.453039 -0.047718 778.500000
v -29.308245 0.544941 778.500000
v -29.062737 1.103454 778.500000
v -28.723974 1.610849 778.500000
v -28.302250 2.051710 778.500000
v -27.810377 2.412641 778.500000
v -27.263303 2.682677 778.500000
v -26.677648 2.853612 778.500000
v -26.071208 2.920251 778.500000
v -25.462410 2.880572 778.500000
v -24.869750 2.735778 778.500000
v -24.311238 2.490270 778.500000
v -23.803843 2.151507 778.500000
v -23.362982 1.729783 778.500000
v -23.002050 1.237910 778.500000
v -22.732015 0.690835 778.500000
v -22.561080 0.105181 778.500000
v -22.494440 -0.501259 778.500000
v -22.534120 -1.110057 778.500000
v -22.678914 -1.702717 778.500000
v -22.924422 -2.261229 778.500000
v -23.263185 -2.768624 778.500000
v -23.684909 -3.209485 778.500000
v -20.970349 9.553929 778.500000
v -21.517423 9.283894 778.500000
v -22.103078 9.112959 778.500000
v -22.709518 9.046319 778.500000
v -23.318316 9.085999 778.500000
v -23.910975 9.230793 778.500000
v -24.469488 9.476301 778.500000
v -24.976883 9.815064 778.500000
v -25.417744 10.236788 778.500000
v -25.778675 10.728661 778.500000
v -26.048711 11.275735 778.500000
v -26.219646 11.861390 778.500000
v -26.286285 12.467830 778.500000
v -26.246606 13.076628 778.500000
v -26.101812 13.669287 778.500000
v -25.856304 14.227800 778.500000
v -25.517541 14.735195 778.500000
v -25.095817 15.176056 778.500000
v -24.603944 15.536987 778.500000
v -24.056870 15.807023 778.500000
v -23.471215 15.977958 778.500000
v -22.864775 16.044597 778.500000
v -22.255977 16.004918 778.500000
v -21.663317 15.860124 778.500000
v -21.104805 15.614616 778.500000
v -20.597410 15.275853 778.500000
v -20.156549 14.854129 778.500000
v -19.795618 14.362256 778.500000
v -19.525582 13.815181 778.500000
v -19.354647 13.229527 778.500000
v -19.288007 12.623087 778.500000
v -19.327687 12.014289 778.500000
v -19.472481 11.421629 778.500000
v -19.717989 10.863117 778.500000
v -20.056752 10.355722 778.500000
v -20.478476 9.914861 778.500000
v -11.631323 19.316730 778.500000
v -12.178398 19.046694 778.500000
v -12.764053 18.875760 778.500000
v -13.370492 18.809120 778.500000
v -13.979291 18.848800 778.500000
v -14.571950 18.993593 778.500000
v -15.130462 19.239101 778.500000
v -15.637857 19.577864 778.500000
v -16.078718 19.999589 778.500000
v -16.439650 20.491461 778.500000
v -16.709686 21.038536 778.500000
v -16.880620 21.624191 778.500000
v -16.947260 22.230630 778.500000
v -16.907580 22.839429 778.500000
v -16.762787 23.432088 778.500000
v -16.517279 23.990600 778.500000
v -16.178516 24.497995 778.500000
v -15.756791 24.938856 778.500000
v -15.264919 25.299788 778.500000
v -14.717844 25.569823 778.500000
v -14.132189 25.740758 778.500000
v -13.525750 25.807398 778.500000
v -12.916951 25.767718 778.500000
v -12.324292 25.622925 778.500000
v -11.765780 25.377416 778.500000
v -11.258385 25.038654 778.500000
v -10.817524 24.616929 778.500000
v -10.456592 24.125057 778.500000
v -10.186557 23.577982 778.500000
v -10.015622 22.992327 778.500000
v -9.948982 22.385888 778.500000
v -9.988662 21.777089 778.500000
v -10.133455 21.184430 778.500000
v -10.378964 20.625918 778.500000
v -10.717726 20.118523 778.500000
v -11.139451 19.677662 778.500000
v 1.337910 23.102050 778.500000
v 0.790835 22.832015 778.500000
v 0.205181 22.661080 778.500000
v -0.401259 22.594440 778.500000
v -1.010057 22.634120 778.500000
v -1.602717 22.778914 778.500000
v -2.161229 23.024422 778.500000
v -2.668624 23.363185 778.500000
v -3.109485 23.784909 778.500000
v -3.470417 24.276782 778.500000
v -3.740452 24.823856 778.500000
v -3.911387 25.409511 778.500000
v -3.978027 26.015951 778.500000
v -3.938347 26.624749 778.500000
v -3.793553 27.217408 778.500000
v -3.548045 27.775921 778.500000
v -3.209282 28.283316 778.500000
v -2.787558 28.724177 778.500000
v -2.295685 29.085108 778.500000
v -1.748611 29.355144 778.500000
v -1.162956 29.526079 778.500000
v -0.556516 29.592718 778.500000
v 0.052282 29.553039 778.500000
v 0.644941 29.408245 778.500000
v 1.203454 29.162737 778.500000
v 1.710849 28.823974 778.500000
v 2.151710 28.402250 778.500000
v 2.512641 27.910377 778.500000
v 2.782677 27.363303 778.500000
v 2.953612 26.777648 778.500000
v 3.020251 26.171208 778.500000
v 2.980572 25.562410 778.500000
v 2.835778 24.969750 778.500000
v 2.590270 24.411238 778.500000
v 2.251507 23.903843 778.500000
v 1.829783 23.462982 778.500000
v 14.462256 19.895618 778.500000
v 13.915181 19.625582 778.500000
v 13.329527 19.454647 778.500000
v 12.723087 19.388007 778.500000
v 12.114289 19.427687 778.500000
v 11.521629 19.572481 778.500000
v 10.963117 19.817989 778.500000
v 10.455722 20.156752 778.500000
v 10.014861 20.578476 778.500000
v 9.653929 21.070349 778.500000
v 9.383894 21.617423 778.500000
v 9.212959 22.203078 778.500000
v 9.146319 22.809518 778.500000
v 9.185999 23.418316 778.500000
v 9.330793 24.010975 778.500000
v 9.576301 24.569488 778.500000
v 9.915064 25.076883 778.500000
v 10.336788 25.517744 778.500000
v 10.828661 25.878675 778.500000
v 11.375735 26.148711 778.500000
v 11.961390 26.319646 778.500000
v 12.567830 26.386285 778.500000
v 13.176628 26.346606 778.500000
v 13.769287 26.201812 778.500000
v 14.327800 25.956304 778.500000
v 14.835195 25.617541 778.500000
v 15.276056 25.195817 778.500000
v 15.636987 24.703944 778.500000
v 15.907023 24.156870 778.500000
v 16.077958 23.571215 778.500000
v 16.144597 22.964775 778.500000
v 16.104918 22.355977 778.500000
v 15.960124 21.763317 778.500000
v 15.714616 21.204805 778.500000
v 15.375853 20.697410 778.500000
v 14.954129 20.256549 778.500000
v 28.010377 -2.412641 778.500000
v 27.463303 -2.682677 778.500000
v 26.877648 -2.853612 778.500000
v 26.271208 -2.920251 778.500000
v 25.662410 -2.880572 778.500000
v 25.069750 -2.735778 778.500000
v 24.511238 -2.490270 778.500000
v 24.003843 -2.151507 778.500000
v 23.562982 -1.729783 778.500000
v 23.202050 -1.237910 778.500000
v 22.932015 -0.690835 778.500000
v 22.761080 -0.105181 778.500000
v 22.694440 0.501259 778.500000
v 22.734120 1.110057 778.500000
v 22.878914 1.702717 778.500000
v 23.124422 2.261229 778.500000
v 23.463185 2.768624 778.500000
v 23.884909 3.209485 778.500000
v 24.376782 3.570417 778.500000
v 24.923856 3.840452 778.500000
v 25.509511 4.011387 778.500000
v 26.115951 4.078027 778.500000
v 26.724749 4.038347 778.500000
v 27.317408 3.893553 778.500000
v 27.875921 3.648045 778.500000
v 28.383316 3.309282 778.500000
v 28.824177 2.887558 778.500000
v 29.185108 2.395685 778.500000
v 29.455144 1.848611 778.500000
v 29.626079 1.262956 778.500000
v 29.692718 0.656516 778.500000
v 29.653039 0.047718 778.500000
v 29.508245 -0.544941 778.500000
v 29.262737 -1.103454 778.500000
v 28.923974 -1.610849 778.500000
v 28.502250 -2.051710 778.500000
v 24.225057 10.556592 778.500000
v 23.677982 10.286557 778.500000
v 23.092327 10.115622 778.500000
v 22.485888 10.048982 778.500000
v 21.877089 10.088662 778.500000
v 21.284430 10.233455 778.500000
v 20.725918 10.478964 778.500000
v 20.218523 10.817726 778.500000
v 19.777662 11.239451 778.500000
v 19.416730 11.731323 778.500000
v 19.146694 12.278398 778.500000
v 18.975760 12.864053 778.500000
v 18.909120 13.470492 778.500000
v 18.948800 14.079291 778.500000
v 19.093593 14.671950 778.500000
v 19.339101 15.230462 778.500000
v 19.677864 15.737857 778.500000
v 20.099589 16.178718 778.500000
v 20.591461 16.539650 778.500000
v 21.138536 16.809686 778.500000
v 21.724191 16.980620 778.500000
v 22.330630 17.047260 778.500000
v 22.939429 17.007580 778.500000
v 23.532088 16.862787 778.500000
v 24.090600 16.617279 778.500000
v 24.597995 16.278516 778.500000
v 25.038856 15.856791 778.500000
v 25.399788 15.364919 778.500000
v 25.669823 14.817844 778.500000
v 25.840758 14.232189 778.500000
v 25.907398 13.625750 778.500000
v 25.867718 13.016951 778.500000
v 25.722925 12.424292 778.500000
v 25.477416 11.865780 778.500000
v 25.138654 11.358385 778.500000
v 24.716929 10.917524 778.500000
v 15.724461 -25.727149 780.500000
v 17.263829 -24.726767 780.500000
v 18.739345 -23.634399 780.500000
v 20.145522 -22.454109 780.500000
v 21.477129 -21.190289 780.500000
v 22.729211 -19.847640 780.500000
v 23.897111 -18.431156 780.500000
v 24.976484 -16.946107 780.500000
v 25.963315 -15.398018 780.500000
v 26.853932 -13.792646 780.500000
v 27.645024 -12.135966 780.500000
v 28.333646 -10.434138 780.500000
v 28.917237 -8.693495 780.500000
v 29.393626 -6.920512 780.500000
v 29.761041 -5.121784 780.500000
v 30.018114 -3.304002 780.500000
v 30.163891 -1.473929 780.500000
v 30.197828 0.361626 780.500000
v 30.119798 2.195837 780.500000
v 29.930094 4.021879 780.500000
v 29.629419 5.832959 780.500000
v 29.218893 7.622340 780.500000
v 28.700043 9.383366 780.500000
v 28.074799 11.109485 780.500000
v 27.345486 12.794275 780.500000
v 26.514819 14.431471 780.500000
v 25.585887 16.014980 780.500000
v 24.562145 17.538912 780.500000
v 23.447403 18.997599 780.500000
v 22.245807 20.385613 780.500000
v 20.961827 21.697792 780.500000
v 19.600240 22.929253 780.500000
v 18.166110 24.075416 780.500000
v 16.664774 25.132017 780.500000
v 15.101815 26.095125 780.500000
v 13.483049 26.961157 780.500000
v 11.814497 27.726892 780.500000
v 10.102366 28.389482 780.500000
v 8.353026 28.946460 780.500000
v 6.572983 29.395756 780.500000
v 4.768861 29.735698 780.500000
v 2.947371 29.965021 780.500000
v 1.115288 30.082872 780.500000
v -0.720572 30.088813 780.500000
v -2.553379 29.982821 780.500000
v -4.376316 29.765292 780.500000
v -6.182600 29.437033 780.500000
v -7.965513 28.999267 780.500000
v -9.718421 28.453622 780.500000
v -11.434804 27.802127 780.500000
v -13.108277 27.047207 780.500000
v -14.732615 26.191669 780.500000
v -16.301774 25.238697 780.500000
v -17.809917 24.191835 780.500000
v -19.251435 23.054977 780.500000
v -20.620963 21.832354 780.500000
v -21.913409 20.528513 780.500000
v -23.123963 19.148304 780.500000
v -24.248122 17.696863 780.500000
v -25.281705 16.179588 780.500000
v -26.220866 14.602124 780.500000
v -27.062112 12.970339 780.500000
v -27.802313 11.290303 780.500000
v -28.438715 9.568267 780.500000
v -28.968952 7.810636 780.500000
v -29.391050 6.023950 780.500000
v -29.703440 4.214853 780.500000
v -29.904958 2.390077 780.500000
v -29.994857 0.556410 780.500000
v -29.972800 -1.279327 780.500000
v -29.838871 -3.110304 780.500000
v -29.593567 -4.929712 780.500000
v -29.237802 -6.730780 780.500000
v -28.772897 -8.506810 780.500000
v -28.200584 -10.251193 780.500000
v -27.522990 -11.957442 780.500000
v -26.742637 -13.619208 780.500000
v -25.862428 -15.230309 780.500000
v -24.885637 -16.784753 780.500000
v -23.815898 -18.276757 780.500000
v -22.657190 -19.700769 780.500000
v -21.413823 -21.051494 780.500000
v -20.090424 -22.323906 780.500000
v -18.691916 -23.513271 780.500000
v -17.223500 -24.615165 780.500000
v -15.690639 -25.625490 780.500000
v -14.099036 -26.540485 780.500000
v -12.454612 -27.356749 780.500000
v -10.763484 -28.071244 780.500000
v -9.031943 -28.681311 780.500000
v -7.266431 -29.184683 780.500000
v -5.473515 -29.579485 780.500000
v -3.659865 -29.864250 780.500000
v -1.832228 -30.037918 780.500000
v 0.002597 -30.099842 780.500000
v 1.837784 -30.049794 780.500000
v 3.666506 -29.887958 780.500000
v 5.481961 -29.614937 780.500000
v 7.277395 -29.231747 780.500000
v 9.046128 -28.739812 780.500000
v 10.781581 -28.140964 780.500000
v 12.477298 -27.437429 780.500000
v 14.126970 -26.631825 780.500000
v -11.371781 18.889369 780.500000
v -9.995000 19.659628 780.500000
v -8.566777 20.329707 780.500000
v -7.094390 20.896190 780.500000
v -5.585343 21.356191 780.500000
v -4.047324 21.707365 780.500000
v -2.488171 21.947924 780.500000
v -0.915830 22.076641 780.500000
v 0.661688 22.092861 780.500000
v 2.236343 21.996501 780.500000
v 3.800112 21.788051 780.500000
v 5.345027 21.468575 780.500000
v 6.863214 21.039699 780.500000
v 8.346937 20.503610 780.500000
v 9.788635 19.863040 780.500000
v 11.180963 19.121252 780.500000
v 12.516824 18.282026 780.500000
v 13.789412 17.349639 780.500000
v 14.992242 16.328843 780.500000
v 16.119185 15.224839 780.500000
v 17.164497 14.043252 780.500000
v 18.122853 12.790104 780.500000
v 18.989369 11.471781 780.500000
v 19.759628 10.095000 780.500000
v 20.429707 8.666777 780.500000
v 20.996190 7.194390 780.500000
v 21.456191 5.685343 780.500000
v 21.807365 4.147324 780.500000
v 22.047924 2.588171 780.500000
v 22.176641 1.015830 780.500000
v 22.192861 -0.561688 780.500000
v 22.096501 -2.136343 780.500000
v 21.888051 -3.700112 780.500000
v 21.568575 -5.245027 780.500000
v 21.139699 -6.763214 780.500000
v 20.603610 -8.246937 780.500000
v 19.963040 -9.688635 780.500000
v 19.221252 -11.080963 780.500000
v 18.382026 -12.416824 780.500000
v 17.449639 -13.689412 780.500000
v 16.428843 -14.892242 780.500000
v 15.324839 -16.019185 780.500000
v 14.143252 -17.064497 780.500000
v 12.890104 -18.022853 780.500000
v 11.571781 -18.889369 780.500000
v 10.195000 -19.659628 780.500000
v 8.766777 -20.329707 780.500000
v 7.294390 -20.896190 780.500000
v 5.785343 -21.356191 780.500000
v 4.247324 -21.707365 780.500000
v 2.688171 -21.947924 780.500000
v 1.115830 -22.076641 780.500000
v -0.461688 -22.092861 780.500000
v -2.036343 -21.996501 780.500000
v -3.600112 -21.788051 780.500000
v -5.145027 -21.468575 780.500000
v -6.663214 -21.039699 780.500000
v -8.146937 -20.503610 780.500000
v -9.588635 -19.863040 780.500000
v -10.980963 -19.121252 780.500000
v -12.316824 -18.282026 780.500000
v -13.589412 -17.349639 780.500000
v -14.792242 -16.328843 780.500000
v -15.919185 -15.224839 780.500000
v -16.964497 -14.043252 780.500000
v -17.922853 -12.790104 780.500000
v -18.789369 -11.471781 780.500000
v -19.559628 -10.095000 780.500000
v -20.229707 -8.666777 780.500000
v -20.796190 -7.194390 780.500000
v -21.256191 -5.685343 780.500000
v -21.607365 -4.147324 780.500000
v -21.847924 -2.588171 780.500000
v -21.976641 -1.015830 780.500000
v -21.992861 0.561688 780.500000
v -21.896501 2.136343 780.500000
v -21.688051 3.700112 780.500000
v -21.368575 5.245027 780.500000
v -20.939699 6.763214 780.500000
v -20.403610 8.246937 780.500000
v -19.763040 9.688635 780.500000
v -19.021252 11.080963 780.500000
v -18.182026 12.416824 780.500000
v -17.249639 13.689412 780.500000
v -16.228843 14.892242 780.500000
v -15.124839 16.019185 780.500000
v -13.943252 17.064497 780.500000
v -12.690104 18.022853 780.500000
v 11.052696 -18.034646 774.500000
v 12.339922 -17.187039 774.500000
v 13.561842 -16.247732 774.500000
v 14.711938 -15.221736 774.500000
v 15.784073 -14.114526 774.500000
v 16.772527 -12.932009 774.500000
v 17.672025 -11.680493 774.500000
v 18.477769 -10.366658 774.500000
v 19.185460 -8.997511 774.500000
v 19.791322 -7.580359 774.500000
v 20.292122 -6.122763 774.500000
v 20.685188 -4.632499 774.500000
v 20.968423 -3.117518 774.500000
v 21.140316 -1.585905 774.500000
v 21.199950 -0.045829 774.500000
v 21.147007 1.494490 774.500000
v 20.981769 3.026836 774.500000
v 20.705117 4.543033 774.500000
v 20.318528 6.034990 774.500000
v 19.824065 7.494749 774.500000
v 19.224365 8.914519 774.500000
v 18.522629 10.286727 774.500000
v 17.722600 11.604050 774.500000
v 16.828546 12.859461 774.500000
v 15.845239 14.046261 774.500000
v 14.777924 15.158118 774.500000
v 13.632296 16.189101 774.500000
v 12.414467 17.133707 774.500000
v 11.130935 17.986897 774.500000
v 9.788548 18.744120 774.500000
v 8.394469 19.401335 774.500000
v 6.956135 19.955035 774.500000
v 5.481221 20.402266 774.500000
v 3.977596 20.740643 774.500000
v 2.453282 20.968359 774.500000
v 0.916412 21.084200 774.500000
v -0.624814 21.087547 774.500000
v -2.162173 20.978384 774.500000
v -3.687461 20.757291 774.500000
v -5.192543 20.425450 774.500000
v -6.669386 19.984630 774.500000
v -8.110111 19.437183 774.500000
v -9.507032 18.786030 774.500000
v -10.852696 18.034646 774.500000
v -12.139922 17.187039 774.500000
v -13.361842 16.247732 774.500000
v -14.511938 15.221736 774.500000
v -15.584073 14.114526 774.500000
v -16.572527 12.932009 774.500000
v -17.472025 11.680493 774.500000
v -18.277769 10.366658 774.500000
v -18.985460 8.997511 774.500000
v -19.591322 7.580359 774.500000
v -20.092122 6.122763 774.500000
v -20.485188 4.632499 774.500000
v -20.768423 3.117518 774.500000
v -20.940316 1.585905 774.500000
v -20.999950 0.045829 774.500000
v -20.947007 -1.494490 774.500000
v -20.781769 -3.026836 774.500000
v -20.505117 -4.543033 774.500000
v -20.118528 -6.034990 774.500000
v -19.624065 -7.494749 774.500000
v -19.024365 -8.914519 774.500000
v -18.322629 -10.286727 774.500000
v -17.522600 -11.604050 774.500000
v -16.628546 -12.859461 774.500000
v -15.645239 -14.046261 774.500000
v -14.577924 -15.158118 774.500000
v -13.432296 -16.189101 774.500000
v -12.214467 -17.133707 774.500000
v -10.930935 -17.986897 774.500000
v -9.588548 -18.744120 774.500000
v -8.194469 -19.401335 774.500000
v -6.756135 -19.955035 774.500000
v -5.281221 -20.402266 774.500000
v -3.777596 -20.740643 774.500000
v -2.253282 -20.968359 774.500000
v -0.716412 -21.084200 774.500000
v 0.824814 -21.087547 774.500000
v 2.362173 -20.978384 774.500000
v 3.887461 -20.757291 774.500000
v 5.392543 -20.425450 774.500000
v 6.869386 -19.984630 774.500000
v 8.310111 -19.437183 774.500000
v 9.707032 -18.786030 774.500000
v -1.756680 16.060847 774.500000
v -1.243266 16.309221 774.500000
v -0.692126 16.455943 774.500000
v -0.123177 16.495710 774.500000
v 0.443015 16.427084 774.500000
v 0.985988 16.252545 774.500000
v 1.486117 15.978402 774.500000
v 1.925326 15.614563 774.500000
v 2.287742 15.174178 774.500000
v 2.560264 14.673165 774.500000
v 2.733044 14.129629 774.500000
v 2.799837 13.563218 774.500000
v 2.758229 12.994401 774.500000
v 2.609724 12.443738 774.500000
v 2.359689 11.931132 774.500000
v 2.017160 11.475108 774.500000
v 1.594519 11.092149 774.500000
v 1.107040 10.796096 774.500000
v 0.572341 10.597649 774.500000
v 0.009749 10.503980 774.500000
v -0.560403 10.518476 774.500000
v -1.117508 10.640611 774.500000
v -1.641431 10.865973 774.500000
v -2.113237 11.186414 774.500000
v -2.515872 11.590355 774.500000
v -2.834785 12.063196 774.500000
v -3.058449 12.587846 774.500000
v -3.178781 13.145344 774.500000
v -3.191431 13.715540 774.500000
v -3.095942 14.277825 774.500000
v -2.895765 14.811878 774.500000
v -2.598135 15.298397 774.500000
v -2.213810 15.719796 774.500000
v 12.028068 6.366607 774.500000
v 11.848889 6.287688 774.500000
v 11.655389 6.257833 774.500000
v 11.460756 6.279077 774.500000
v 11.278253 6.349972 774.500000
v 11.120317 6.465687 774.500000
v 10.997713 6.618335 774.500000
v 10.918794 6.797514 774.500000
v 10.888939 6.991014 774.500000
v 10.910183 7.185647 774.500000
v 10.981078 7.368151 774.500000
v 11.096792 7.526086 774.500000
v 11.249441 7.648691 774.500000
v 11.428620 7.727610 774.500000
v 11.622120 7.757464 774.500000
v 11.816753 7.736220 774.500000
v 11.999256 7.665325 774.500000
v 12.157192 7.549611 774.500000
v 12.279797 7.396963 774.500000
v 12.358715 7.217783 774.500000
v 12.388570 7.024284 774.500000
v 12.367326 6.829650 774.500000
v 12.296431 6.647147 774.500000
v 12.180717 6.489212 774.500000
v -11.348865 5.847988 774.500000
v -11.528045 5.769069 774.500000
v -11.721545 5.739215 774.500000
v -11.916178 5.760459 774.500000
v -12.098681 5.831354 774.500000
v -12.256616 5.947068 774.500000
v -12.379221 6.099716 774.500000
v -12.458140 6.278896 774.500000
v -12.487995 6.472395 774.500000
v -12.466751 6.667029 774.500000
v -12.395856 6.849532 774.500000
v -12.280141 7.007467 774.500000
v -12.127493 7.130072 774.500000
v -11.948314 7.208991 774.500000
v -11.754814 7.238846 774.500000
v -11.560181 7.217602 774.500000
v -11.377678 7.146707 774.500000
v -11.219742 7.030992 774.500000
v -11.097137 6.878344 774.500000
v -11.018218 6.699165 774.500000
v -10.988364 6.505665 774.500000
v -11.009608 6.311032 774.500000
v -11.080503 6.128529 774.500000
v -11.196217 5.970593 774.500000
v 0.788738 -14.137721 774.500000
v 0.609559 -14.216640 774.500000
v 0.416059 -14.246495 774.500000
v 0.221426 -14.225251 774.500000
v 0.038923 -14.154356 774.500000
v -0.119013 -14.038641 774.500000
v -0.241617 -13.885993 774.500000
v -0.320536 -13.706813 774.500000
v -0.350391 -13.513314 774.500000
v -0.329147 -13.318680 774.500000
v -0.258252 -13.136177 774.500000
v -0.142538 -12.978242 774.500000
v 0.010111 -12.855637 774.500000
v 0.189290 -12.776718 774.500000
v 0.382790 -12.746864 774.500000
v 0.577423 -12.768107 774.500000
v 0.759926 -12.839002 774.500000
v 0.917862 -12.954717 774.500000
v 1.040467 -13.107365 774.500000
v 1.119385 -13.286545 774.500000
v 1.149240 -13.480044 774.500000
v 1.127996 -13.674678 774.500000
v 1.057101 -13.857181 774.500000
v 0.941387 -14.015116 774.500000
v -5.246577 8.803642 774.500000
v -4.313040 9.306722 774.500000
v -3.332724 9.711149 774.500000
v -2.316020 10.012634 774.500000
v -1.273705 10.207984 774.500000
v -0.216830 10.295126 774.500000
v 0.843405 10.273137 774.500000
v 1.895759 10.142251 774.500000
v 2.929077 9.903854 774.500000
v 3.932407 9.560474 774.500000
v 4.895112 9.115750 774.500000
v 5.806988 8.574397 774.500000
v 6.658368 7.942154 774.500000
v 7.440228 7.225721 774.500000
v 8.144280 6.432694 774.500000
v 8.763061 5.571479 774.500000
v 9.290010 4.651205 774.500000
v 9.719544 3.681627 774.500000
v 10.047107 2.673023 774.500000
v 10.269229 1.636084 774.500000
v 10.383555 0.581803 774.500000
v 10.388873 -0.478646 774.500000
v 10.285125 -1.534022 774.500000
v 10.073413 -2.573136 774.500000
v 9.755980 -3.584974 774.500000
v 9.336192 -4.558811 774.500000
v 8.818498 -5.484323 774.500000
v 8.208385 -6.351700 774.500000
v 7.512321 -7.151748 774.500000
v 6.737685 -7.875985 774.500000
v 5.892688 -8.516734 774.500000
v 4.986287 -9.067205 774.500000
v 4.028090 -9.521560 774.500000
v 3.028254 -9.874985 774.500000
v 1.997378 -10.123732 774.500000
v 0.946390 -10.265166 774.500000
v -0.113571 -10.297786 774.500000
v -1.171267 -10.221246 774.500000
v -2.215488 -10.036360 774.500000
v -3.235164 -9.745085 774.500000
v -4.219487 -9.350510 774.500000
v -5.158022 -8.856817 774.500000
v -6.040820 -8.269240 774.500000
v -6.858525 -7.594006 774.500000
v -7.602467 -6.838275 774.500000
v -8.264761 -6.010056 774.500000
v -8.838387 -5.118129 774.500000
v -9.317263 -4.171948 774.500000
v -9.696315 -3.181544 774.500000
v -9.971522 -2.157414 774.500000
v -10.139970 -1.110416 774.500000
v -10.199871 -0.051647 774.500000
v -10.150590 1.007670 774.500000
v -9.992651 2.056305 774.500000
v -9.727728 3.083143 774.500000
v -9.358628 4.077299 774.500000
v -8.889264 5.028234 774.500000
v -8.324611 5.925869 774.500000
v -7.670656 6.760688 774.500000
v -6.934330 7.523842 774.500000
v -6.123438 8.207242 774.500000
v -12.996010 -4.443481 774.500000
v -12.482596 -4.195106 774.500000
v -11.931456 -4.048384 774.500000
v -11.362507 -4.008618 774.500000
v -10.796315 -4.077244 774.500000
v -10.253342 -4.251783 774.500000
v -9.753213 -4.525926 774.500000
v -9.314004 -4.889765 774.500000
v -8.951588 -5.330149 774.500000
v -8.679066 -5.831163 774.500000
v -8.506286 -6.374698 774.500000
v -8.439493 -6.941110 774.500000
v -8.481101 -7.509927 774.500000
v -8.629606 -8.060589 774.500000
v -8.879641 -8.573196 774.500000
v -9.222170 -9.029220 774.500000
v -9.644811 -9.412179 774.500000
v -10.132290 -9.708232 774.500000
v -10.666989 -9.906679 774.500000
v -11.229581 -10.000348 774.500000
v -11.799733 -9.985852 774.500000
v -12.356838 -9.863717 774.500000
v -12.880761 -9.638355 774.500000
v -13.352567 -9.317913 774.500000
v -13.755202 -8.913973 774.500000
v -14.074115 -8.441132 774.500000
v -14.297779 -7.916482 774.500000
v -14.418111 -7.358984 774.500000
v -14.430761 -6.788788 774.500000
v -14.335272 -6.226503 774.500000
v -14.135095 -5.692449 774.500000
v -13.837465 -5.205931 774.500000
v -13.453140 -4.784532 774.500000
v 10.380924 -3.924863 774.500000
v 10.894337 -3.676488 774.500000
v 11.445478 -3.529766 774.500000
v 12.014426 -3.489999 774.500000
v 12.580619 -3.558626 774.500000
v 13.123592 -3.733164 774.500000
v 13.623721 -4.007307 774.500000
v 14.062930 -4.371146 774.500000
v 14.425345 -4.811531 774.500000
v 14.697868 -5.312545 774.500000
v 14.870648 -5.856080 774.500000
v 14.937441 -6.422491 774.500000
v 14.895833 -6.991308 774.500000
v 14.747328 -7.541971 774.500000
v 14.497293 -8.054578 774.500000
v 14.154764 -8.510602 774.500000
v 13.732123 -8.893561 774.500000
v 13.244644 -9.189614 774.500000
v 12.709945 -9.388061 774.500000
v 12.147353 -9.481729 774.500000
v 11.577201 -9.467233 774.500000
v 11.020096 -9.345098 774.500000
v 10.496173 -9.119737 774.500000
v 10.024367 -8.799295 774.500000
v 9.621732 -8.395354 774.500000
v 9.302819 -7.922514 774.500000
v 9.079155 -7.397863 774.500000
v 8.958823 -6.840366 774.500000
v 8.946173 -6.270170 774.500000
v 9.041662 -5.707884 774.500000
v 9.241839 -5.173831 774.500000
v 9.539468 -4.687312 774.500000
v 9.923794 -4.265913 774.500000
v 12.417382 5.725565 770.900000
v 12.059023 5.567727 770.900000
v 11.672024 5.508018 770.900000
v 11.282757 5.550506 770.900000
v 10.917751 5.692296 770.900000
v 10.601880 5.923725 770.900000
v 10.356671 6.229021 770.900000
v 10.198833 6.587380 770.900000
v 10.139124 6.974379 770.900000
v 10.181612 7.363646 770.900000
v 10.323401 7.728652 770.900000
v 10.554830 8.044523 770.900000
v 10.860127 8.289733 770.900000
v 11.218486 8.447570 770.900000
v 11.605485 8.507280 770.900000
v 11.994752 8.464792 770.900000
v 12.359758 8.323002 770.900000
v 12.675629 8.091573 770.900000
v 12.920838 7.786276 770.900000
v 13.078676 7.427918 770.900000
v 13.138386 7.040918 770.900000
v 13.095898 6.651652 770.900000
v 12.954108 6.286645 770.900000
v 12.722679 5.970775 770.900000
v 12.028068 6.366607 770.900000
v 12.180717 6.489212 770.900000
v 12.296431 6.647147 770.900000
v 12.367326 6.829650 770.900000
v 12.388570 7.024284 770.900000
v 12.358715 7.217783 770.900000
v 12.279797 7.396963 770.900000
v 12.157192 7.549611 770.900000
v 11.999256 7.665325 770.900000
v 11.816753 7.736220 770.900000
v 11.622120 7.757464 770.900000
v 11.428620 7.727610 770.900000
v 11.249441 7.648691 770.900000
v 11.096792 7.526086 770.900000
v 10.981078 7.368151 770.900000
v 10.910183 7.185647 770.900000
v 10.888939 6.991014 770.900000
v 10.918794 6.797514 770.900000
v 10.997713 6.618335 770.900000
v 11.120317 6.465687 770.900000
v 11.278253 6.349972 770.900000
v 11.460756 6.279077 770.900000
v 11.655389 6.257833 770.900000
v 11.848889 6.287688 770.900000
v -10.959552 5.206946 770.900000
v -11.317910 5.049109 770.900000
v -11.704910 4.989399 770.900000
v -12.094177 5.031887 770.900000
v -12.459183 5.173677 770.900000
v -12.775053 5.405106 770.900000
v -13.020263 5.710403 770.900000
v -13.178101 6.068761 770.900000
v -13.237810 6.455761 770.900000
v -13.195322 6.845027 770.900000
v -13.053532 7.210034 770.900000
v -12.822103 7.525904 770.900000
v -12.516807 7.771114 770.900000
v -12.158448 7.928952 770.900000
v -11.771449 7.988661 770.900000
v -11.382182 7.946173 770.900000
v -11.017176 7.804383 770.900000
v -10.701305 7.572954 770.900000
v -10.456095 7.267658 770.900000
v -10.298258 6.909299 770.900000
v -10.238548 6.522300 770.900000
v -10.281036 6.133033 770.900000
v -10.422826 5.768027 770.900000
v -10.654255 5.452156 770.900000
v -11.348865 5.847988 770.900000
v -11.196217 5.970593 770.900000
v -11.080503 6.128529 770.900000
v -11.009608 6.311032 770.900000
v -10.988364 6.505665 770.900000
v -11.018218 6.699165 770.900000
v -11.097137 6.878344 770.900000
v -11.219742 7.030992 770.900000
v -11.377678 7.146707 770.900000
v -11.560181 7.217602 770.900000
v -11.754814 7.238846 770.900000
v -11.948314 7.208991 770.900000
v -12.127493 7.130072 770.900000
v -12.280141 7.007467 770.900000
v -12.395856 6.849532 770.900000
v -12.466751 6.667029 770.900000
v -12.487995 6.472395 770.900000
v -12.458140 6.278896 770.900000
v -12.379221 6.099716 770.900000
v -12.256616 5.947068 770.900000
v -12.098681 5.831354 770.900000
v -11.916178 5.760459 770.900000
v -11.721545 5.739215 770.900000
v -11.528045 5.769069 770.900000
v 1.178052 -14.778763 770.900000
v 0.819693 -14.936601 770.900000
v 0.432694 -14.996310 770.900000
v 0.043427 -14.953822 770.900000
v -0.321579 -14.812032 770.900000
v -0.637450 -14.580603 770.900000
v -0.882659 -14.275307 770.900000
v -1.040497 -13.916948 770.900000
v -1.100206 -13.529948 770.900000
v -1.057718 -13.140682 770.900000
v -0.915929 -12.775676 770.900000
v -0.684500 -12.459805 770.900000
v -0.379203 -12.214595 770.900000
v -0.020844 -12.056757 770.900000
v 0.366155 -11.997048 770.900000
v 0.755422 -12.039536 770.900000
v 1.120428 -12.181326 770.900000
v 1.436299 -12.412755 770.900000
v 1.681508 -12.718051 770.900000
v 1.839346 -13.076410 770.900000
v 1.899056 -13.463410 770.900000
v 1.856568 -13.852676 770.900000
v 1.714778 -14.217682 770.900000
v 1.483349 -14.533553 770.900000
v 0.788738 -14.137721 770.900000
v 0.941387 -14.015116 770.900000
v 1.057101 -13.857181 770.900000
v 1.127996 -13.674678 770.900000
v 1.149240 -13.480044 770.900000
v 1.119385 -13.286545 770.900000
v 1.040467 -13.107365 770.900000
v 0.917862 -12.954717 770.900000
v 0.759926 -12.839002 770.900000
v 0.577423 -12.768107 770.900000
v 0.382790 -12.746864 770.900000
v 0.189290 -12.776718 770.900000
v 0.010111 -12.855637 770.900000
v -0.142538 -12.978242 770.900000
v -0.258252 -13.136177 770.900000
v -0.329147 -13.318680 770.900000
v -0.350391 -13.513314 770.900000
v -0.320536 -13.706813 770.900000
v -0.241617 -13.885993 770.900000
v -0.119013 -14.038641 770.900000
v 0.038923 -14.154356 770.900000
v 0.221426 -14.225251 770.900000
v 0.416059 -14.246495 770.900000
v 0.609559 -14.216640 770.900000
v -12.996010 -4.443481 771.100000
v -13.453140 -4.784532 771.100000
v -13.837465 -5.205931 771.100000
v -14.135095 -5.692449 771.100000
v -14.335272 -6.226503 771.100000
v -14.430761 -6.788788 771.100000
v -14.418111 -7.358984 771.100000
v -14.297779 -7.916482 771.100000
v -14.074115 -8.441132 771.100000
v -13.755202 -8.913973 771.100000
v -13.352567 -9.317913 771.100000
v -12.880761 -9.638355 771.100000
v -12.356838 -9.863717 771.100000
v -11.799733 -9.985852 771.100000
v -11.229581 -10.000348 771.100000
v -10.666989 -9.906679 771.100000
v -10.132290 -9.708232 771.100000
v -9.644811 -9.412179 771.100000
v -9.222170 -9.029220 771.100000
v -8.879641 -8.573196 771.100000
v -8.629606 -8.060589 771.100000
v -8.481101 -7.509927 771.100000
v -8.439493 -6.941110 771.100000
v -8.506286 -6.374698 771.100000
v -8.679066 -5.831163 771.100000
v -8.951588 -5.330149 771.100000
v -9.314004 -4.889765 771.100000
v -9.753213 -4.525926 771.100000
v -10.253342 -4.251783 771.100000
v -10.796315 -4.077244 771.100000
v -11.362507 -4.008618 771.100000
v -11.931456 -4.048384 771.100000
v -12.482596 -4.195106 771.100000
v -12.321199 -5.554620 771.100000
v -11.932122 -5.380815 771.100000
v -11.512045 -5.309229 771.100000
v -11.087363 -5.344362 771.100000
v -10.684760 -5.484005 771.100000
v -10.329533 -5.719384 771.100000
v -10.044003 -6.035709 771.100000
v -9.846110 -6.413105 771.100000
v -9.748289 -6.827858 771.100000
v -9.756686 -7.253909 771.100000
v -9.870773 -7.664486 771.100000
v -10.083383 -8.033791 771.100000
v -10.381156 -8.338620 771.100000
v -10.745381 -8.559819 771.100000
v -11.153174 -8.683490 771.100000
v -11.578911 -8.701861 771.100000
v -11.995841 -8.613779 771.100000
v -12.377767 -8.424778 771.100000
v -12.700692 -8.146733 771.100000
v -12.944325 -7.797116 771.100000
v -13.093357 -7.397893 771.100000
v -13.138425 -6.974150 771.100000
v -13.076695 -6.552512 771.100000
v -12.912049 -6.159471 771.100000
v -12.654829 -5.819725 771.100000
v 10.380924 -3.924863 771.100000
v 9.923794 -4.265913 771.100000
v 9.539468 -4.687312 771.100000
v 9.241839 -5.173831 771.100000
v 9.041662 -5.707884 771.100000
v 8.946173 -6.270170 771.100000
v 8.958823 -6.840366 771.100000
v 9.079155 -7.397863 771.100000
v 9.302819 -7.922514 771.100000
v 9.621732 -8.395354 771.100000
v 10.024367 -8.799295 771.100000
v 10.496173 -9.119737 771.100000
v 11.020096 -9.345098 771.100000
v 11.577201 -9.467233 771.100000
v 12.147353 -9.481729 771.100000
v 12.709945 -9.388061 771.100000
v 13.244644 -9.189614 771.100000
v 13.732123 -8.893561 771.100000
v 14.154764 -8.510602 771.100000
v 14.497293 -8.054578 771.100000
v 14.747328 -7.541971 771.100000
v 14.895833 -6.991308 771.100000
v 14.937441 -6.422491 771.100000
v 14.870648 -5.856080 771.100000
v 14.697868 -5.312545 771.100000
v 14.425345 -4.811531 771.100000
v 14.062930 -4.371146 771.100000
v 13.623721 -4.007307 771.100000
v 13.123592 -3.733164 771.100000
v 12.580619 -3.558626 771.100000
v 12.014426 -3.489999 771.100000
v 11.445478 -3.529766 771.100000
v 10.894337 -3.676488 771.100000
v 11.055735 -5.036002 771.100000
v 11.444812 -4.862196 771.100000
v 11.864889 -4.790611 771.100000
v 12.289571 -4.825743 771.100000
v 12.692174 -4.965386 771.100000
v 13.047401 -5.200765 771.100000
v 13.332931 -5.517090 771.100000
v 13.530824 -5.894486 771.100000
v 13.628645 -6.309240 771.100000
v 13.620248 -6.735290 771.100000
v 13.506161 -7.145867 771.100000
v 13.293551 -7.515172 771.100000
v 12.995778 -7.820001 771.100000
v 12.631553 -8.041201 771.100000
v 12.223760 -8.164871 771.100000
v 11.798023 -8.183243 771.100000
v 11.381093 -8.095161 771.100000
v 10.999167 -7.906159 771.100000
v 10.676242 -7.628115 771.100000
v 10.432609 -7.278497 771.100000
v 10.283577 -6.879274 771.100000
v 10.238509 -6.455531 771.100000
v 10.300238 -6.033893 771.100000
v 10.464885 -5.640853 771.100000
v 10.722105 -5.301106 771.100000
v -1.756680 16.060847 771.100000
v -2.213810 15.719796 771.100000
v -2.598135 15.298397 771.100000
v -2.895765 14.811878 771.100000
v -3.095942 14.277825 771.100000
v -3.191431 13.715540 771.100000
v -3.178781 13.145344 771.100000
v -3.058449 12.587846 771.100000
v -2.834785 12.063196 771.100000
v -2.515872 11.590355 771.100000
v -2.113237 11.186414 771.100000
v -1.641431 10.865973 771.100000
v -1.117508 10.640611 771.100000
v -0.560403 10.518476 771.100000
v 0.009749 10.503980 771.100000
v 0.572341 10.597649 771.100000
v 1.107040 10.796096 771.100000
v 1.594519 11.092149 771.100000
v 2.017160 11.475108 771.100000
v 2.359689 11.931132 771.100000
v 2.609724 12.443738 771.100000
v 2.758229 12.994401 771.100000
v 2.799837 13.563218 771.100000
v 2.733044 14.129629 771.100000
v 2.560264 14.673165 771.100000
v 2.287742 15.174178 771.100000
v 1.925326 15.614563 771.100000
v 1.486117 15.978402 771.100000
v 0.985988 16.252545 771.100000
v 0.443015 16.427084 771.100000
v -0.123177 16.495710 771.100000
v -0.692126 16.455943 771.100000
v -1.243266 16.309221 771.100000
v -1.081869 14.949707 771.100000
v -0.692792 15.123513 771.100000
v -0.272715 15.195098 771.100000
v 0.151967 15.159966 771.100000
v 0.554570 15.020323 771.100000
v 0.909797 14.784944 771.100000
v 1.195327 14.468619 771.100000
v 1.393220 14.091223 771.100000
v 1.491041 13.676469 771.100000
v 1.482644 13.250419 771.100000
v 1.368557 12.839842 771.100000
v 1.155947 12.470537 771.100000
v 0.858174 12.165708 771.100000
v 0.493949 11.944509 771.100000
v 0.086156 11.820838 771.100000
v -0.339581 11.802466 771.100000
v -0.756511 11.890549 771.100000
v -1.138437 12.079550 771.100000
v -1.461362 12.357595 771.100000
v -1.704995 12.707212 771.100000
v -1.854027 13.106435 771.100000
v -1.899095 13.530178 771.100000
v -1.837365 13.951816 771.100000
v -1.672719 14.344857 771.100000
v -1.415499 14.684603 771.100000
v 5.290851 -8.547226 774.200000
v 6.155843 -7.957811 774.200000
v 6.954487 -7.281210 774.200000
v 7.678031 -6.524833 774.200000
v 8.318548 -5.696970 774.200000
v 8.869022 -4.806689 774.200000
v 9.323420 -3.863745 774.200000
v 9.676764 -2.878469 774.200000
v 9.925184 -1.861656 774.200000
v 10.065956 -0.824447 774.200000
v 10.097540 0.221796 774.200000
v 10.019588 1.265608 774.200000
v 9.832956 2.295555 774.200000
v 9.539687 3.300350 774.200000
v 9.142995 4.268987 774.200000
v 8.647226 5.190851 774.200000
v 8.057811 6.055843 774.200000
v 7.381210 6.854487 774.200000
v 6.624833 7.578031 774.200000
v 5.796970 8.218548 774.200000
v 4.906689 8.769022 774.200000
v 3.963745 9.223420 774.200000
v 2.978469 9.576764 774.200000
v 1.961656 9.825184 774.200000
v 0.924447 9.965956 774.200000
v -0.121796 9.997540 774.200000
v -1.165608 9.919588 774.200000
v -2.195555 9.732956 774.200000
v -3.200350 9.439687 774.200000
v -4.168987 9.042995 774.200000
v -5.090851 8.547226 774.200000
v -5.955843 7.957811 774.200000
v -6.754487 7.281210 774.200000
v -7.478031 6.524833 774.200000
v -8.118548 5.696970 774.200000
v -8.669022 4.806689 774.200000
v -9.123420 3.863745 774.200000
v -9.476764 2.878469 774.200000
v -9.725184 1.861656 774.200000
v -9.865956 0.824447 774.200000
v -9.897540 -0.221796 774.200000
v -9.819588 -1.265608 774.200000
v -9.632956 -2.295555 774.200000
v -9.339687 -3.300350 774.200000
v -8.942995 -4.268987 774.200000
v -8.447226 -5.190851 774.200000
v -7.857811 -6.055843 774.200000
v -7.181210 -6.854487 774.200000
v -6.424833 -7.578031 774.200000
v -5.596970 -8.218548 774.200000
v -4.706689 -8.769022 774.200000
v -3.763745 -9.223420 774.200000
v -2.778469 -9.576764 774.200000
v -1.761656 -9.825184 774.200000
v -0.724447 -9.965956 774.200000
v 0.321796 -9.997540 774.200000
v 1.365608 -9.919588 774.200000
v 2.395555 -9.732956 774.200000
v 3.400350 -9.439687 774.200000
v 4.368987 -9.042995 774.200000
v 11.052696 -18.034646 779.500000
v 12.339922 -17.187039 779.500000
v 13.561842 -16.247732 779.500000
v 14.711938 -15.221736 779.500000
v 15.784073 -14.114526 779.500000
v 16.772527 -12.932009 779.500000
v 17.672025 -11.680493 779.500000
v 18.477769 -10.366658 779.500000
v 19.185460 -8.997511 779.500000
v 19.791322 -7.580359 779.500000
v 20.292122 -6.122763 779.500000
v 20.685188 -4.632499 779.500000
v 20.968423 -3.117518 779.500000
v 21.140316 -1.585905 779.500000
v 21.199950 -0.045829 779.500000
v 21.147007 1.494490 779.500000
v 20.981769 3.026836 779.500000
v 20.705117 4.543033 779.500000
v 20.318528 6.034990 779.500000
v 19.824065 7.494749 779.500000
v 19.224365 8.914519 779.500000
v 18.522629 10.286727 779.500000
v 17.722600 11.604050 779.500000
v 16.828546 12.859461 779.500000
v 15.845239 14.046261 779.500000
v 14.777924 15.158118 779.500000
v 13.632296 16.189101 779.500000
v 12.414467 17.133707 779.500000
v 11.130935 17.986897 779.500000
v 9.788548 18.744120 779.500000
v 8.394469 19.401335 779.500000
v 6.956135 19.955035 779.500000
v 5.481221 20.402266 779.500000
v 3.977596 20.740643 779.500000
v 2.453282 20.968359 779.500000
v 0.916412 21.084200 779.500000
v -0.624814 21.087547 779.500000
v -2.162173 20.978384 779.500000
v -3.687461 20.757291 779.500000
v -5.192543 20.425450 779.500000
v -6.669386 19.984630 779.500000
v -8.110111 19.437183 779.500000
v -9.507032 18.786030 779.500000
v -10.852696 18.034646 779.500000
v -12.139922 17.187039 779.500000
v -13.361842 16.247732 779.500000
v -14.511938 15.221736 779.500000
v -15.584073 14.114526 779.500000
v -16.572527 12.932009 779.500000
v -17.472025 11.680493 779.500000
v -18.277769 10.366658 779.500000
v -18.985460 8.997511 779.500000
v -19.591322 7.580359 779.500000
v -20.092122 6.122763 779.500000
v -20.485188 4.632499 779.500000
v -20.768423 3.117518 779.500000
v -20.940316 1.585905 779.500000
v -20.999950 0.045829 779.500000
v -20.947007 -1.494490 779.500000
v -20.781769 -3.026836 779.500000
v -20.505117 -4.543033 779.500000
v -20.118528 -6.034990 779.500000
v -19.624065 -7.494749 779.500000
v -19.024365 -8.914519 779.500000
v -18.322629 -10.286727 779.500000
v -17.522600 -11.604050 779.500000
v -16.628546 -12.859461 779.500000
v -15.645239 -14.046261 779.500000
v -14.577924 -15.158118 779.500000
v -13.432296 -16.189101 779.500000
v -12.214467 -17.133707 779.500000
v -10.930935 -17.986897 779.500000
v -9.588548 -18.744120 779.500000
v -8.194469 -19.401335 779.500000
v -6.756135 -19.955035 779.500000
v -5.281221 -20.402266 779.500000
v -3.777596 -20.740643 779.500000
v -2.253282 -20.968359 779.500000
v -0.716412 -21.084200 779.500000
v 0.824814 -21.087547 779.500000
v 2.362173 -20.978384 779.500000
v 3.887461 -20.757291 779.500000
v 5.392543 -20.425450 779.500000
v 6.869386 -19.984630 779.500000
v 8.310111 -19.437183 779.500000
v 9.707032 -18.786030 779.500000
v 16.243547 -26.581872 779.500000
v 17.804358 -25.568842 779.500000
v 19.301793 -24.464283 779.500000
v 20.730490 -23.272149 779.500000
v 22.085335 -21.996705 779.500000
v 23.361478 -20.642520 779.500000
v 24.554352 -19.214439 779.500000
v 25.659685 -17.717576 779.500000
v 26.673521 -16.157289 779.500000
v 27.592231 -14.539162 779.500000
v 28.412526 -12.868990 779.500000
v 29.131469 -11.152749 779.500000
v 29.746487 -9.396585 779.500000
v 30.255379 -7.606783 779.500000
v 30.656322 -5.789751 779.500000
v 30.947881 -3.951993 779.500000
v 31.129013 -2.100088 779.500000
v 31.199069 -0.240665 779.500000
v 31.157798 1.619619 779.500000
v 31.005349 3.474105 779.500000
v 30.742266 5.316155 779.500000
v 30.369493 7.139175 779.500000
v 29.888362 8.936638 779.500000
v 29.300596 10.702111 779.500000
v 28.608300 12.429272 779.500000
v 27.813952 14.111940 779.500000
v 26.920395 15.744091 779.500000
v 25.930828 17.319882 779.500000
v 24.848793 18.833673 779.500000
v 23.678164 20.280044 779.500000
v 22.423132 21.653817 779.500000
v 21.088188 22.950076 779.500000
v 19.678112 24.164179 779.500000
v 18.197951 25.291780 779.500000
v 16.653005 26.328844 779.500000
v 15.048803 27.271657 779.500000
v 13.391088 28.116845 779.500000
v 11.685795 28.861382 779.500000
v 9.939027 29.502602 779.500000
v 8.157038 30.038211 779.500000
v 6.346207 30.466291 779.500000
v 4.513017 30.785310 779.500000
v 2.664029 30.994125 779.500000
v 0.805862 31.091989 779.500000
v -1.054832 31.078552 779.500000
v -2.911391 30.953861 779.500000
v -4.757170 30.718364 779.500000
v -6.585563 30.372903 779.500000
v -8.390022 29.918715 779.500000
v -10.164089 29.357426 779.500000
v -11.901414 28.691045 779.500000
v -13.595777 27.921957 779.500000
v -15.241112 27.052916 779.500000
v -16.831530 26.087033 779.500000
v -18.361338 25.027765 779.500000
v -19.825059 23.878903 779.500000
v -21.217453 22.644562 779.500000
v -22.533537 21.329159 779.500000
v -23.768598 19.937403 779.500000
v -24.918216 18.474276 779.500000
v -25.978275 16.945017 779.500000
v -26.944980 15.355098 779.500000
v -27.814872 13.710212 779.500000
v -28.584836 12.016247 779.500000
v -29.252115 10.279268 779.500000
v -29.814321 8.505491 779.500000
v -30.269442 6.701266 779.500000
v -30.615849 4.873053 779.500000
v -30.852300 3.027395 779.500000
v -30.977950 1.170901 779.500000
v -30.992349 -0.689786 779.500000
v -30.895446 -2.548003 779.500000
v -30.687587 -4.397098 779.500000
v -30.369517 -6.230454 779.500000
v -29.942373 -8.041506 779.500000
v -29.407686 -9.823771 779.500000
v -28.767368 -11.570870 779.500000
v -28.023714 -13.276548 779.500000
v -27.179383 -14.934700 779.500000
v -26.237399 -16.539389 779.500000
v -25.201135 -18.084872 779.500000
v -24.074298 -19.565615 779.500000
v -22.860925 -20.976319 779.500000
v -21.565356 -22.311932 779.500000
v -20.192232 -23.567675 779.500000
v -18.746467 -24.739052 779.500000
v -17.233236 -25.821869 779.500000
v -15.657957 -26.812251 779.500000
v -14.026268 -27.706652 779.500000
v -12.344011 -28.501870 779.500000
v -10.617208 -29.195059 779.500000
v -8.852039 -29.783737 779.500000
v -7.054825 -30.265797 779.500000
v -5.231999 -30.639514 779.500000
v -3.390085 -30.903548 779.500000
v -1.535677 -31.056957 779.500000
v 0.324585 -31.099189 779.500000
v 2.184044 -31.030094 779.500000
v 4.036042 -30.849920 779.500000
v 5.873951 -30.559311 779.500000
v 7.691190 -30.159308 779.500000
v 9.481254 -29.651342 779.500000
v 11.237737 -29.037232 779.500000
v 12.954349 -28.319176 779.500000
v 14.624945 -27.499745 779.500000
v -16.043547 26.581872 771.500000
v -17.604358 25.568842 771.500000
v -19.101793 24.464283 771.500000
v -20.530490 23.272149 771.500000
v -21.885335 21.996705 771.500000
v -23.161478 20.642520 771.500000
v -24.354352 19.214439 771.500000
v -25.459685 17.717576 771.500000
v -26.473521 16.157289 771.500000
v -27.392231 14.539162 771.500000
v -28.212526 12.868990 771.500000
v -28.931469 11.152749 771.500000
v -29.546487 9.396585 771.500000
v -30.055379 7.606783 771.500000
v -30.456322 5.789751 771.500000
v -30.747881 3.951993 771.500000
v -30.929013 2.100088 771.500000
v -30.999069 0.240665 771.500000
v -30.957798 -1.619619 771.500000
v -30.805349 -3.474105 771.500000
v -30.542266 -5.316155 771.500000
v -30.169493 -7.139175 771.500000
v -29.688362 -8.936638 771.500000
v -29.100596 -10.702111 771.500000
v -28.408300 -12.429272 771.500000
v -27.613952 -14.111940 771.500000
v -26.720395 -15.744091 771.500000
v -25.730828 -17.319882 771.500000
v -24.648793 -18.833673 771.500000
v -23.478164 -20.280044 771.500000
v -22.223132 -21.653817 771.500000
v -20.888188 -22.950076 771.500000
v -19.478112 -24.164179 771.500000
v -17.997951 -25.291780 771.500000
v -16.453005 -26.328844 771.500000
v -14.848803 -27.271657 771.500000
v -13.191088 -28.116845 771.500000
v -11.485795 -28.861382 771.500000
v -9.739027 -29.502602 771.500000
v -7.957038 -30.038211 771.500000
v -6.146207 -30.466291 771.500000
v -4.313017 -30.785310 771.500000
v -2.464029 -30.994125 771.500000
v -0.605862 -31.091989 771.500000
v 1.254832 -31.078552 771.500000
v 3.111391 -30.953861 771.500000
v 4.957170 -30.718364 771.500000
v 6.785563 -30.372903 771.500000
v 8.590022 -29.918715 771.500000
v 10.364089 -29.357426 771.500000
v 12.101414 -28.691045 771.500000
v 13.795777 -27.921957 771.500000
v 15.441112 -27.052916 771.500000
v 17.031530 -26.087033 771.500000
v 18.561338 -25.027765 771.500000
v 20.025059 -23.878903 771.500000
v 21.417453 -22.644562 771.500000
v 22.733537 -21.329159 771.500000
v 23.968598 -19.937403 771.500000
v 25.118216 -18.474276 771.500000
v 26.178275 -16.945017 771.500000
v 27.144980 -15.355098 771.500000
v 28.014872 -13.710212 771.500000
v 28.784836 -12.016247 771.500000
v 29.452115 -10.279268 771.500000
v 30.014321 -8.505491 771.500000
v 30.469442 -6.701266 771.500000
v 30.815849 -4.873053 771.500000
v 31.052300 -3.027395 771.500000
v 31.177950 -1.170901 771.500000
v 31.192349 0.689786 771.500000
v 31.095446 2.548003 771.500000
v 30.887587 4.397098 771.500000
v 30.569517 6.230454 771.500000
v 30.142373 8.041506 771.500000
v 29.607686 9.823771 771.500000
v 28.967368 11.570870 771.500000
v 28.223714 13.276548 771.500000
v 27.379383 14.934700 771.500000
v 26.437399 16.539389 771.500000
v 25.401135 18.084872 771.500000
v 24.274298 19.565615 771.500000
v 23.060925 20.976319 771.500000
v 21.765356 22.311932 771.500000
v 20.392232 23.567675 771.500000
v 18.946467 24.739052 771.500000
v 17.433236 25.821869 771.500000
v 15.857957 26.812251 771.500000
v 14.226268 27.706652 771.500000
v 12.544011 28.501870 771.500000
v 10.817208 29.195059 771.500000
v 9.052039 29.783737 771.500000
v 7.254825 30.265797 771.500000
v 5.431999 30.639514 771.500000
v 3.590085 30.903548 771.500000
v 1.735677 31.056957 771.500000
v -0.124585 31.099189 771.500000
v -1.984044 31.030094 771.500000
v -3.836042 30.849920 771.500000
v -5.673951 30.559311 771.500000
v -7.491190 30.159308 771.500000
v -9.281254 29.651342 771.500000
v -11.037737 29.037232 771.500000
v -12.754349 28.319176 771.500000
v -14.424945 27.499745 771.500000
vt -1.068712 -1.476677 0.000000
vt -0.949574 -1.555595 0.000000
vt -0.523924 -0.854723 0.000000
vt -0.824611 -1.624923 0.000000
vt -0.431738 -0.904299 0.000000
vt -0.694594 -1.684232 0.000000
vt -0.184744 -1.346341 0.000000
vt -0.180496 -1.385268 0.000000
vt -0.560324 -1.733158 0.000000
vt -0.166317 -1.421768 0.000000
vt -0.422630 -1.771398 0.000000
vt -0.143174 -1.453355 0.000000
vt -0.282360 -1.798717 0.000000
vt -0.112644 -1.477876 0.000000
vt -0.140378 -1.814946 0.000000
vt -0.076808 -1.493660 0.000000
vt -0.038108 -1.499631 0.000000
vt 0.002438 -1.819985 0.000000
vt 0.000818 -1.495382 0.000000
vt 0.145210 -1.813804 0.000000
vt 0.037319 -1.481203 0.000000
vt 0.068906 -1.458060 0.000000
vt 0.287057 -1.796440 0.000000
vt 0.093427 -1.427531 0.000000
vt 0.427105 -1.768000 0.000000
vt 0.109211 -1.391695 0.000000
vt 0.564489 -1.728660 0.000000
vt 0.115182 -1.352995 0.000000
vt 0.698363 -1.678662 0.000000
vt 0.381536 -0.922342 0.000000
vt 0.827901 -1.618315 0.000000
vt 0.475830 -0.876902 0.000000
vt 0.952306 -1.547990 0.000000
vt 0.564858 -0.821855 0.000000
vt 1.070809 -1.468122 0.000000
vt 1.043277 -0.833862 0.000000
vt 1.079699 -0.855982 0.000000
vt 1.182681 -1.379202 0.000000
vt 1.120479 -0.868349 0.000000
vt 1.287231 -1.281778 0.000000
vt 1.163052 -0.870186 0.000000
vt 1.383815 -1.176452 0.000000
vt 1.204745 -0.861378 0.000000
vt 1.471838 -1.063873 0.000000
vt 1.242938 -0.842478 0.000000
vt 1.275230 -0.814673 0.000000
vt 1.550756 -0.944735 0.000000
vt 1.299594 -0.779712 0.000000
vt 1.314497 -0.739789 0.000000
vt 1.620084 -0.819772 0.000000
vt 1.319004 -0.697415 0.000000
vt 1.679393 -0.689755 0.000000
vt 1.312831 -0.655251 0.000000
vt 1.728319 -0.555485 0.000000
vt 1.296366 -0.615947 0.000000
vt 1.270644 -0.581973 0.000000
vt 1.766559 -0.417791 0.000000
vt 1.237281 -0.555462 0.000000
vt 1.793878 -0.277521 0.000000
vt 0.987120 -0.126561 0.000000
vt 1.810107 -0.135540 0.000000
vt 0.994915 -0.022180 0.000000
vt 1.815147 0.007277 0.000000
vt 0.991757 0.082445 0.000000
vt 1.808965 0.150049 0.000000
vt 1.251079 0.517368 0.000000
vt 1.791601 0.291896 0.000000
vt 1.282666 0.540511 0.000000
vt 1.763161 0.431943 0.000000
vt 1.307187 0.571040 0.000000
vt 1.723821 0.569328 0.000000
vt 1.322971 0.606876 0.000000
vt 1.673824 0.703202 0.000000
vt 1.328942 0.645576 0.000000
vt 1.324693 0.684503 0.000000
vt 1.613476 0.832740 0.000000
vt 1.310514 0.721003 0.000000
vt 1.543151 0.957145 0.000000
vt 1.287371 0.752590 0.000000
vt 1.256842 0.777111 0.000000
vt 1.463283 1.075648 0.000000
vt 1.221006 0.792895 0.000000
vt 1.374363 1.187520 0.000000
vt 1.182306 0.798866 0.000000
vt 1.276939 1.292070 0.000000
vt 1.143379 0.794617 0.000000
vt 1.171613 1.388654 0.000000
vt 1.106879 0.780438 0.000000
vt 0.600745 0.795781 0.000000
vt 1.075292 0.757295 0.000000
vt 0.680610 0.728121 0.000000
vt 1.050771 0.726766 0.000000
vt 0.752964 0.652483 0.000000
vt 1.034987 0.690930 0.000000
vt 1.029016 0.652230 0.000000
vt 0.817016 0.569697 0.000000
vt 1.033265 0.613303 0.000000
vt 0.872063 0.480669 0.000000
vt 1.047444 0.576803 0.000000
vt 1.070587 0.545216 0.000000
vt 0.917503 0.386375 0.000000
vt 1.101116 0.520695 0.000000
vt 0.952838 0.287847 0.000000
vt 1.136952 0.504911 0.000000
vt 1.175652 0.498940 0.000000
vt 0.977680 0.186166 0.000000
vt 1.214579 0.503189 0.000000
vt 1.059034 1.476677 0.000000
vt 0.514246 0.854723 0.000000
vt 0.939896 1.555595 0.000000
vt 0.814933 1.624923 0.000000
vt 0.684916 1.684232 0.000000
vt 0.195071 1.353018 0.000000
vt 0.190564 1.310643 0.000000
vt 0.422060 0.904299 0.000000
vt 0.325196 0.943969 0.000000
vt 0.175661 1.270721 0.000000
vt 0.224717 0.973296 0.000000
vt 0.151297 1.235759 0.000000
vt 0.119005 1.207955 0.000000
vt 0.550646 1.733158 0.000000
vt 0.188898 1.395182 0.000000
vt 0.172433 1.434486 0.000000
vt 0.412952 1.771398 0.000000
vt 0.146711 1.468460 0.000000
vt 0.272682 1.798717 0.000000
vt 0.113348 1.494971 0.000000
vt 0.130701 1.814946 0.000000
vt 0.074440 1.512351 0.000000
vt 0.032433 1.519510 0.000000
vt -0.012116 1.819985 0.000000
vt -0.010036 1.515997 0.000000
vt -0.154888 1.813804 0.000000
vt -0.050296 1.502032 0.000000
vt -0.085819 1.478494 0.000000
vt -0.296735 1.796440 0.000000
vt -0.114372 1.446862 0.000000
vt -0.436782 1.768000 0.000000
vt -0.134161 1.409122 0.000000
vt -0.574166 1.728660 0.000000
vt -0.143943 1.367647 0.000000
vt -0.708040 1.678662 0.000000
vt -0.143103 1.325042 0.000000
vt -0.391213 0.922342 0.000000
vt -0.292686 0.957676 0.000000
vt -0.837579 1.618315 0.000000
vt -0.485508 0.876902 0.000000
vt -0.961984 1.547990 0.000000
vt -0.574536 0.821855 0.000000
vt -1.080487 1.468122 0.000000
vt -1.080852 0.828973 0.000000
vt -1.192359 1.379202 0.000000
vt -1.116687 0.844757 0.000000
vt -1.296909 1.281778 0.000000
vt -1.155387 0.850728 0.000000
vt -1.393493 1.176452 0.000000
vt -1.194314 0.846479 0.000000
vt -1.230815 0.832300 0.000000
vt -1.481516 1.063873 0.000000
vt -1.262402 0.809157 0.000000
vt -1.560434 0.944735 0.000000
vt -1.286923 0.778628 0.000000
vt -1.302706 0.742792 0.000000
vt -1.629762 0.819772 0.000000
vt -1.308677 0.704092 0.000000
vt -1.689071 0.689755 0.000000
vt -1.304429 0.665165 0.000000
vt -1.290250 0.628665 0.000000
vt -1.737997 0.555485 0.000000
vt -1.267107 0.597077 0.000000
vt -1.776237 0.417791 0.000000
vt -1.236577 0.572556 0.000000
vt -1.803556 0.277521 0.000000
vt -0.996798 0.126561 0.000000
vt -1.819785 0.135540 0.000000
vt -1.004593 0.022180 0.000000
vt -1.824824 -0.007277 0.000000
vt -1.001435 -0.082445 0.000000
vt -1.818643 -0.150049 0.000000
vt -1.264056 -0.496539 0.000000
vt -1.801279 -0.291896 0.000000
vt -1.299579 -0.520076 0.000000
vt -1.772839 -0.431943 0.000000
vt -1.328132 -0.551709 0.000000
vt -1.733499 -0.569328 0.000000
vt -1.347921 -0.589449 0.000000
vt -1.357703 -0.630924 0.000000
vt -1.683501 -0.703202 0.000000
vt -1.356864 -0.673529 0.000000
vt -1.623154 -0.832740 0.000000
vt -1.345455 -0.714587 0.000000
vt -1.324194 -0.751517 0.000000
vt -1.552829 -0.957145 0.000000
vt -1.294417 -0.782000 0.000000
vt -1.472961 -1.075648 0.000000
vt -1.257994 -0.804120 0.000000
vt -1.217215 -0.816487 0.000000
vt -1.384040 -1.187520 0.000000
vt -1.174641 -0.818324 0.000000
vt -1.286617 -1.292070 0.000000
vt -1.132948 -0.809516 0.000000
vt -1.181291 -1.388654 0.000000
vt -1.094756 -0.790616 0.000000
vt -0.610423 -0.795781 0.000000
vt -1.062463 -0.762811 0.000000
vt -0.690288 -0.728121 0.000000
vt -1.038100 -0.727850 0.000000
vt -0.762642 -0.652483 0.000000
vt -1.023197 -0.687927 0.000000
vt -0.826694 -0.569697 0.000000
vt -1.018690 -0.645553 0.000000
vt -1.024863 -0.603389 0.000000
vt -0.881741 -0.480669 0.000000
vt -1.041327 -0.564085 0.000000
vt -1.067049 -0.530111 0.000000
vt -0.927181 -0.386375 0.000000
vt -1.100412 -0.503600 0.000000
vt -0.962515 -0.287847 0.000000
vt -1.139320 -0.486220 0.000000
vt -1.181328 -0.479061 0.000000
vt -0.987357 -0.186166 0.000000
vt -1.223796 -0.482574 0.000000
vt -1.200741 0.556773 0.000000
vt -0.978134 0.229555 0.000000
vt -1.162041 0.550802 0.000000
vt -0.948808 0.330035 0.000000
vt -1.123115 0.555051 0.000000
vt -1.086614 0.569230 0.000000
vt -0.909138 0.426899 0.000000
vt -1.055027 0.592372 0.000000
vt -0.859561 0.519085 0.000000
vt -1.030506 0.622902 0.000000
vt -1.014722 0.658738 0.000000
vt -0.800620 0.605584 0.000000
vt -1.008751 0.697438 0.000000
vt -0.732960 0.685449 0.000000
vt -1.013000 0.736365 0.000000
vt -1.027179 0.772865 0.000000
vt -0.657322 0.757803 0.000000
vt -1.050322 0.804452 0.000000
vt -0.191004 0.982518 0.000000
vt -0.110434 1.247054 0.000000
vt -0.131695 1.283984 0.000000
vt -0.080656 1.216571 0.000000
vt -0.087284 0.996596 0.000000
vt -0.044234 1.194451 0.000000
vt -0.003454 1.182084 0.000000
vt 0.017341 0.999754 0.000000
vt 0.039119 1.180247 0.000000
vt 0.121722 0.991959 0.000000
vt 0.080812 1.189055 0.000000
vt 1.198373 -0.538081 0.000000
vt 0.968457 -0.229555 0.000000
vt 1.156366 -0.530923 0.000000
vt 0.939130 -0.330035 0.000000
vt 1.113897 -0.534436 0.000000
vt 1.073637 -0.548400 0.000000
vt 0.899461 -0.426899 0.000000
vt 1.038114 -0.571938 0.000000
vt 0.849884 -0.519085 0.000000
vt 1.009561 -0.603571 0.000000
vt 0.989772 -0.641311 0.000000
vt 0.790942 -0.605584 0.000000
vt 0.979990 -0.682786 0.000000
vt 0.980830 -0.725391 0.000000
vt 0.723282 -0.685449 0.000000
vt 0.992238 -0.766449 0.000000
vt 0.647644 -0.757803 0.000000
vt 1.013499 -0.803379 0.000000
vt 0.110933 -1.314068 0.000000
vt 0.283008 -0.957676 0.000000
vt 0.096754 -1.277568 0.000000
vt 0.181327 -0.982518 0.000000
vt 0.073611 -1.245980 0.000000
vt 0.043081 -1.221460 0.000000
vt 0.077606 -0.996596 0.000000
vt 0.007246 -1.205676 0.000000
vt -0.027018 -0.999754 0.000000
vt -0.031454 -1.199705 0.000000
vt -0.070381 -1.203954 0.000000
vt -0.131400 -0.991959 0.000000
vt -0.106882 -1.218133 0.000000
vt -0.234394 -0.973296 0.000000
vt -0.138469 -1.241275 0.000000
vt -0.162990 -1.271805 0.000000
vt -0.334874 -0.943969 0.000000
vt -0.178773 -1.307641 0.000000
vt 3.004401 0.183502 0.000000
vt 2.954683 0.060777 0.000000
vt 3.010000 -0.000000 0.000000
vt 2.960000 0.000000 0.000000
vt 2.954683 -0.060777 0.000000
vt 2.987626 0.366320 0.000000
vt 2.878116 0.224976 0.000000
vt 2.913109 0.175000 0.000000
vt 2.938892 0.119707 0.000000
vt 2.959737 0.547777 0.000000
vt 2.785000 0.303109 0.000000
vt 2.834976 0.268116 0.000000
vt 2.920837 0.727195 0.000000
vt 2.670777 0.344683 0.000000
vt 2.729707 0.328892 0.000000
vt 2.871071 0.903908 0.000000
vt 2.435326 1.001891 0.000000
vt 2.610000 0.350000 0.000000
vt 2.810625 1.077259 0.000000
vt 2.528442 1.080024 0.000000
vt 2.485302 1.036884 0.000000
vt 2.739723 1.246602 0.000000
vt 2.589219 1.185293 0.000000
vt 2.563435 1.130000 0.000000
vt 2.658629 1.411308 0.000000
vt 2.610326 1.305000 0.000000
vt 2.605009 1.244223 0.000000
vt 2.567645 1.570763 0.000000
vt 2.563435 1.480000 0.000000
vt 2.589219 1.424707 0.000000
vt 2.605009 1.365777 0.000000
vt 2.467110 1.724375 0.000000
vt 2.485302 1.573116 0.000000
vt 2.528442 1.529976 0.000000
vt 2.357396 1.871573 0.000000
vt 2.321103 1.649683 0.000000
vt 2.380033 1.633892 0.000000
vt 2.435326 1.608109 0.000000
vt 2.238912 2.011808 0.000000
vt 2.199549 1.649683 0.000000
vt 2.260326 1.655000 0.000000
vt 2.112100 2.144559 0.000000
vt 2.085326 1.608109 0.000000
vt 2.140619 1.633892 0.000000
vt 1.977431 2.269332 0.000000
vt 1.633892 2.140619 0.000000
vt 1.608109 2.085326 0.000000
vt 2.035351 1.573116 0.000000
vt 1.573116 2.035351 0.000000
vt 1.992211 1.529976 0.000000
vt 1.529976 1.992211 0.000000
vt 1.957217 1.480000 0.000000
vt 1.480000 1.957217 0.000000
vt 1.931434 1.424707 0.000000
vt 1.424707 1.931434 0.000000
vt 1.286934 1.286934 0.000000
vt 1.365777 1.915644 0.000000
vt 1.181995 1.383939 0.000000
vt 1.305000 1.910326 0.000000
vt 1.069769 1.472411 0.000000
vt 1.244223 1.915644 0.000000
vt 1.185293 1.931434 0.000000
vt 1.835405 2.385663 0.000000
vt 1.655000 2.260326 0.000000
vt 1.649683 2.199549 0.000000
vt 1.686552 2.493119 0.000000
vt 1.633892 2.380033 0.000000
vt 1.649683 2.321103 0.000000
vt 1.531424 2.591301 0.000000
vt 1.573116 2.485302 0.000000
vt 1.608109 2.435326 0.000000
vt 1.370600 2.679843 0.000000
vt 1.424707 2.589219 0.000000
vt 1.480000 2.563435 0.000000
vt 1.529976 2.528442 0.000000
vt 1.204677 2.758415 0.000000
vt 1.305000 2.610326 0.000000
vt 1.365777 2.605009 0.000000
vt 1.034272 2.826726 0.000000
vt 1.130000 2.563435 0.000000
vt 1.185293 2.589219 0.000000
vt 1.244223 2.605009 0.000000
vt 0.860020 2.884522 0.000000
vt 1.036884 2.485302 0.000000
vt 1.080024 2.528442 0.000000
vt 0.682568 2.931587 0.000000
vt 0.350000 2.610000 0.000000
vt 1.001891 2.435326 0.000000
vt 0.344683 2.670777 0.000000
vt 0.502577 2.967746 0.000000
vt 0.328892 2.729707 0.000000
vt 0.303109 2.785000 0.000000
vt 0.268116 2.834976 0.000000
vt 0.320717 2.992865 0.000000
vt 0.224976 2.878116 0.000000
vt 0.175000 2.913109 0.000000
vt 0.137664 3.006850 0.000000
vt 0.119707 2.938892 0.000000
vt 0.060777 2.954683 0.000000
vt -0.045902 3.009650 0.000000
vt -0.000000 2.960000 0.000000
vt -0.060777 2.954683 0.000000
vt -0.119707 2.938892 0.000000
vt -0.229297 3.001254 0.000000
vt -0.175000 2.913109 0.000000
vt -0.224976 2.878116 0.000000
vt -0.411839 2.981692 0.000000
vt -0.268116 2.834976 0.000000
vt -0.303109 2.785000 0.000000
vt -0.328892 2.729707 0.000000
vt -0.592849 2.951039 0.000000
vt -0.344683 2.670777 0.000000
vt -0.771653 2.909407 0.000000
vt -0.350000 2.610000 0.000000
vt -1.001891 2.435326 0.000000
vt -0.976108 2.380033 0.000000
vt -0.947587 2.856953 0.000000
vt -1.036884 2.485302 0.000000
vt -1.080024 2.528442 0.000000
vt -1.119995 2.793870 0.000000
vt -1.130000 2.563435 0.000000
vt -1.185293 2.589219 0.000000
vt -1.288237 2.720394 0.000000
vt -1.244223 2.605009 0.000000
vt -1.305000 2.610326 0.000000
vt -1.365777 2.605009 0.000000
vt -1.451687 2.636798 0.000000
vt -1.424707 2.589219 0.000000
vt -1.480000 2.563435 0.000000
vt -1.609737 2.543393 0.000000
vt -1.529976 2.528442 0.000000
vt -1.573116 2.485302 0.000000
vt -1.608109 2.435326 0.000000
vt -1.761798 2.440526 0.000000
vt -1.633892 2.380033 0.000000
vt -1.649683 2.321103 0.000000
vt -1.907305 2.328580 0.000000
vt -1.655000 2.260326 0.000000
vt -1.649683 2.199549 0.000000
vt -2.045717 2.207972 0.000000
vt -1.633892 2.140619 0.000000
vt -1.608109 2.085326 0.000000
vt -2.176519 2.079150 0.000000
vt -2.085326 1.608109 0.000000
vt -2.140619 1.633892 0.000000
vt -2.299224 1.942594 0.000000
vt -2.199549 1.649683 0.000000
vt -2.260326 1.655000 0.000000
vt -2.413375 1.798811 0.000000
vt -2.321103 1.649683 0.000000
vt -2.380033 1.633892 0.000000
vt -2.435326 1.608109 0.000000
vt -2.518549 1.648336 0.000000
vt -2.485302 1.573116 0.000000
vt -2.528442 1.529976 0.000000
vt -2.614353 1.491729 0.000000
vt -2.563435 1.480000 0.000000
vt -2.589219 1.424707 0.000000
vt -2.700432 1.329573 0.000000
vt -2.605009 1.365777 0.000000
vt -2.610326 1.305000 0.000000
vt -2.605009 1.244223 0.000000
vt -2.776466 1.162471 0.000000
vt -2.589219 1.185293 0.000000
vt -2.563435 1.130000 0.000000
vt -2.842170 0.991045 0.000000
vt -2.528442 1.080024 0.000000
vt -2.485302 1.036884 0.000000
vt -2.897302 0.815931 0.000000
vt -2.435326 1.001891 0.000000
vt -2.610000 0.350000 0.000000
vt -2.549223 0.344683 0.000000
vt -2.941655 0.637783 0.000000
vt -2.670777 0.344683 0.000000
vt -2.729707 0.328892 0.000000
vt -2.975065 0.457261 0.000000
vt -2.785000 0.303109 0.000000
vt -2.834976 0.268116 0.000000
vt -2.997408 0.275039 0.000000
vt -2.878116 0.224976 0.000000
vt -2.913109 0.175000 0.000000
vt -2.938892 0.119707 0.000000
vt -3.008600 0.091793 0.000000
vt -2.954683 0.060777 0.000000
vt -2.960000 -0.000000 0.000000
vt -3.008600 -0.091793 0.000000
vt -2.954683 -0.060777 0.000000
vt -2.938892 -0.119707 0.000000
vt -2.997408 -0.275039 0.000000
vt -2.913109 -0.175000 0.000000
vt -2.878116 -0.224976 0.000000
vt -2.834976 -0.268116 0.000000
vt -2.975065 -0.457261 0.000000
vt -2.785000 -0.303109 0.000000
vt -2.729707 -0.328892 0.000000
vt -2.941655 -0.637783 0.000000
vt -2.670777 -0.344683 0.000000
vt -2.610000 -0.350000 0.000000
vt -2.897302 -0.815931 0.000000
vt -2.435326 -1.001891 0.000000
vt -2.485302 -1.036884 0.000000
vt -2.842170 -0.991045 0.000000
vt -2.528442 -1.080024 0.000000
vt -2.563435 -1.130000 0.000000
vt -2.776466 -1.162471 0.000000
vt -2.589219 -1.185293 0.000000
vt -2.605009 -1.244223 0.000000
vt -2.700432 -1.329573 0.000000
vt -2.610326 -1.305000 0.000000
vt -2.605009 -1.365777 0.000000
vt -2.589219 -1.424707 0.000000
vt -2.614353 -1.491729 0.000000
vt -2.563435 -1.480000 0.000000
vt -2.528442 -1.529976 0.000000
vt -2.518549 -1.648336 0.000000
vt -2.485302 -1.573116 0.000000
vt -2.435326 -1.608109 0.000000
vt -2.413375 -1.798811 0.000000
vt -2.380033 -1.633892 0.000000
vt -2.321103 -1.649683 0.000000
vt -2.260326 -1.655000 0.000000
vt -2.299224 -1.942594 0.000000
vt -2.199549 -1.649683 0.000000
vt -2.140619 -1.633892 0.000000
vt -2.176519 -2.079150 0.000000
vt -2.085326 -1.608109 0.000000
vt -1.608109 -2.085326 0.000000
vt -2.035351 -1.573116 0.000000
vt -1.573116 -2.035351 0.000000
vt -1.992211 -1.529976 0.000000
vt -1.529976 -1.992211 0.000000
vt -1.957217 -1.480000 0.000000
vt -1.480000 -1.957217 0.000000
vt -1.931434 -1.424707 0.000000
vt -1.424707 -1.931434 0.000000
vt -1.286934 -1.286934 0.000000
vt -1.365777 -1.915644 0.000000
vt -1.181995 -1.383939 0.000000
vt -1.305000 -1.910326 0.000000
vt -1.069769 -1.472411 0.000000
vt -1.244223 -1.915644 0.000000
vt -1.185293 -1.931434 0.000000
vt -2.045717 -2.207972 0.000000
vt -1.633892 -2.140619 0.000000
vt -1.649683 -2.199549 0.000000
vt -1.907305 -2.328580 0.000000
vt -1.655000 -2.260326 0.000000
vt -1.649683 -2.321103 0.000000
vt -1.761798 -2.440526 0.000000
vt -1.633892 -2.380033 0.000000
vt -1.608109 -2.435326 0.000000
vt -1.609737 -2.543393 0.000000
vt -1.573116 -2.485302 0.000000
vt -1.529976 -2.528442 0.000000
vt -1.480000 -2.563435 0.000000
vt -1.451687 -2.636798 0.000000
vt -1.424707 -2.589219 0.000000
vt -1.365777 -2.605009 0.000000
vt -1.288237 -2.720394 0.000000
vt -1.305000 -2.610326 0.000000
vt -1.244223 -2.605009 0.000000
vt -1.185293 -2.589219 0.000000
vt -1.119995 -2.793870 0.000000
vt -1.130000 -2.563435 0.000000
vt -1.080024 -2.528442 0.000000
vt -0.947587 -2.856953 0.000000
vt -1.036884 -2.485302 0.000000
vt -1.001891 -2.435326 0.000000
vt -0.771653 -2.909407 0.000000
vt -0.350000 -2.610000 0.000000
vt -0.344683 -2.670777 0.000000
vt -0.592849 -2.951039 0.000000
vt -0.328892 -2.729707 0.000000
vt -0.411839 -2.981692 0.000000
vt -0.303109 -2.785000 0.000000
vt -0.268116 -2.834976 0.000000
vt -0.224976 -2.878116 0.000000
vt -0.229297 -3.001254 0.000000
vt -0.175000 -2.913109 0.000000
vt -0.119707 -2.938892 0.000000
vt -0.045902 -3.009650 0.000000
vt -0.060777 -2.954683 0.000000
vt 0.000000 -2.960000 0.000000
vt 0.060777 -2.954683 0.000000
vt 0.137664 -3.006850 0.000000
vt 0.119707 -2.938892 0.000000
vt 0.175000 -2.913109 0.000000
vt 0.320717 -2.992865 0.000000
vt 0.224976 -2.878116 0.000000
vt 0.268116 -2.834976 0.000000
vt 0.502577 -2.967746 0.000000
vt 0.303109 -2.785000 0.000000
vt 0.328892 -2.729707 0.000000
vt 0.344683 -2.670777 0.000000
vt 0.682568 -2.931587 0.000000
vt 0.350000 -2.610000 0.000000
vt 0.860020 -2.884522 0.000000
vt 1.001891 -2.435326 0.000000
vt 1.036884 -2.485302 0.000000
vt 1.034272 -2.826726 0.000000
vt 1.080024 -2.528442 0.000000
vt 1.130000 -2.563435 0.000000
vt 1.204677 -2.758415 0.000000
vt 1.185293 -2.589219 0.000000
vt 1.244223 -2.605009 0.000000
vt 1.305000 -2.610326 0.000000
vt 1.370600 -2.679843 0.000000
vt 1.365777 -2.605009 0.000000
vt 1.424707 -2.589219 0.000000
vt 1.531424 -2.591301 0.000000
vt 1.480000 -2.563435 0.000000
vt 1.529976 -2.528442 0.000000
vt 1.573116 -2.485302 0.000000
vt 1.686552 -2.493119 0.000000
vt 1.608109 -2.435326 0.000000
vt 1.633892 -2.380033 0.000000
vt 1.835405 -2.385663 0.000000
vt 1.649683 -2.321103 0.000000
vt 1.655000 -2.260326 0.000000
vt 1.977431 -2.269332 0.000000
vt 1.649683 -2.199549 0.000000
vt 1.633892 -2.140619 0.000000
vt 2.112100 -2.144559 0.000000
vt 1.608109 -2.085326 0.000000
vt 2.085326 -1.608109 0.000000
vt 2.035351 -1.573116 0.000000
vt 2.238912 -2.011808 0.000000
vt 2.140619 -1.633892 0.000000
vt 2.199549 -1.649683 0.000000
vt 2.357396 -1.871573 0.000000
vt 2.260326 -1.655000 0.000000
vt 2.321103 -1.649683 0.000000
vt 2.467110 -1.724375 0.000000
vt 2.380033 -1.633892 0.000000
vt 2.435326 -1.608109 0.000000
vt 2.485302 -1.573116 0.000000
vt 2.567645 -1.570763 0.000000
vt 2.528442 -1.529976 0.000000
vt 2.563435 -1.480000 0.000000
vt 2.658629 -1.411308 0.000000
vt 2.589219 -1.424707 0.000000
vt 2.605009 -1.365777 0.000000
vt 2.610326 -1.305000 0.000000
vt 2.739723 -1.246602 0.000000
vt 2.605009 -1.244223 0.000000
vt 2.589219 -1.185293 0.000000
vt 2.810625 -1.077259 0.000000
vt 2.563435 -1.130000 0.000000
vt 2.528442 -1.080024 0.000000
vt 2.871071 -0.903908 0.000000
vt 2.485302 -1.036884 0.000000
vt 2.435326 -1.001891 0.000000
vt 2.920837 -0.727195 0.000000
vt 2.610000 -0.350000 0.000000
vt 2.670777 -0.344683 0.000000
vt 2.959737 -0.547777 0.000000
vt 2.729707 -0.328892 0.000000
vt 2.785000 -0.303109 0.000000
vt 2.987626 -0.366320 0.000000
vt 2.834976 -0.268116 0.000000
vt 2.878116 -0.224976 0.000000
vt 3.004401 -0.183502 0.000000
vt 2.913109 -0.175000 0.000000
vt 2.938892 -0.119707 0.000000
vt -2.035351 1.573116 0.000000
vt -1.573116 2.035351 0.000000
vt -1.992211 1.529976 0.000000
vt -1.529976 1.992211 0.000000
vt -1.957217 1.480000 0.000000
vt -1.480000 1.957217 0.000000
vt -1.931434 1.424707 0.000000
vt -1.424707 1.931434 0.000000
vt -1.286934 1.286934 0.000000
vt -1.365777 1.915644 0.000000
vt -1.181995 1.383939 0.000000
vt -1.305000 1.910326 0.000000
vt -1.069769 1.472411 0.000000
vt -1.244223 1.915644 0.000000
vt -1.185293 1.931434 0.000000
vt -0.950947 1.551805 0.000000
vt -1.130000 1.957217 0.000000
vt -0.826263 1.621632 0.000000
vt -1.080024 1.992211 0.000000
vt -1.036884 2.035351 0.000000
vt -0.696484 1.681461 0.000000
vt -1.001891 2.085326 0.000000
vt -0.562411 1.730923 0.000000
vt -0.976108 2.140619 0.000000
vt -0.960317 2.199549 0.000000
vt -0.424871 1.769713 0.000000
vt -0.268116 2.385024 0.000000
vt -0.224976 2.341884 0.000000
vt -0.284711 1.797593 0.000000
vt -0.175000 2.306891 0.000000
vt -0.119707 2.281108 0.000000
vt -0.142796 1.814390 0.000000
vt -0.060777 2.265317 0.000000
vt -0.000000 1.820000 0.000000
vt -0.000000 2.260000 0.000000
vt 0.060777 2.265317 0.000000
vt 0.142796 1.814390 0.000000
vt 0.119707 2.281108 0.000000
vt 0.284711 1.797593 0.000000
vt 0.175000 2.306891 0.000000
vt 0.224976 2.341884 0.000000
vt 0.424871 1.769713 0.000000
vt 0.268116 2.385024 0.000000
vt 0.960317 2.199549 0.000000
vt 0.303109 2.435000 0.000000
vt 0.955000 2.260326 0.000000
vt 0.328892 2.490293 0.000000
vt 0.960317 2.321103 0.000000
vt 0.344683 2.549223 0.000000
vt 0.976108 2.380033 0.000000
vt -1.915644 1.365777 0.000000
vt -1.383939 1.181995 0.000000
vt -1.910326 1.305000 0.000000
vt -1.472411 1.069769 0.000000
vt -1.915644 1.244223 0.000000
vt -1.931434 1.185293 0.000000
vt -1.551805 0.950947 0.000000
vt -1.957217 1.130000 0.000000
vt -1.621632 0.826263 0.000000
vt -1.992211 1.080024 0.000000
vt -2.035351 1.036884 0.000000
vt -1.681461 0.696484 0.000000
vt -2.085326 1.001891 0.000000
vt -1.730923 0.562411 0.000000
vt -2.140619 0.976108 0.000000
vt -2.199549 0.960317 0.000000
vt -2.260326 0.955000 0.000000
vt -2.385024 0.268116 0.000000
vt -1.769713 0.424871 0.000000
vt -2.435000 0.303109 0.000000
vt -2.321103 0.960317 0.000000
vt -2.490293 0.328892 0.000000
vt -2.380033 0.976108 0.000000
vt -2.341884 0.224976 0.000000
vt -1.797593 0.284711 0.000000
vt -2.306891 0.175000 0.000000
vt -2.281108 0.119707 0.000000
vt -1.814390 0.142796 0.000000
vt -2.265317 0.060777 0.000000
vt -1.820000 -0.000000 0.000000
vt -2.260000 -0.000000 0.000000
vt -2.265317 -0.060777 0.000000
vt -1.814390 -0.142796 0.000000
vt -2.281108 -0.119707 0.000000
vt -1.797593 -0.284711 0.000000
vt -2.306891 -0.175000 0.000000
vt -2.341884 -0.224976 0.000000
vt -1.769713 -0.424871 0.000000
vt -2.385024 -0.268116 0.000000
vt -2.199549 -0.960317 0.000000
vt -2.260326 -0.955000 0.000000
vt -2.435000 -0.303109 0.000000
vt -2.321103 -0.960317 0.000000
vt -2.490293 -0.328892 0.000000
vt -2.380033 -0.976108 0.000000
vt -2.549223 -0.344683 0.000000
vt -1.730923 -0.562411 0.000000
vt -2.140619 -0.976108 0.000000
vt -2.085326 -1.001891 0.000000
vt -1.681461 -0.696484 0.000000
vt -2.035351 -1.036884 0.000000
vt -1.621632 -0.826263 0.000000
vt -1.992211 -1.080024 0.000000
vt -1.957217 -1.130000 0.000000
vt -1.551805 -0.950947 0.000000
vt -1.931434 -1.185293 0.000000
vt -1.472411 -1.069769 0.000000
vt -1.915644 -1.244223 0.000000
vt -1.910326 -1.305000 0.000000
vt -1.383939 -1.181995 0.000000
vt -1.915644 -1.365777 0.000000
vt -0.950947 -1.551805 0.000000
vt -1.130000 -1.957217 0.000000
vt -0.826263 -1.621632 0.000000
vt -1.080024 -1.992211 0.000000
vt -1.036884 -2.035351 0.000000
vt -0.696484 -1.681461 0.000000
vt -1.001891 -2.085326 0.000000
vt -0.562411 -1.730923 0.000000
vt -0.976108 -2.140619 0.000000
vt -0.960317 -2.199549 0.000000
vt -0.955000 -2.260326 0.000000
vt -0.303109 -2.435000 0.000000
vt -0.268116 -2.385024 0.000000
vt -0.424871 -1.769713 0.000000
vt -0.224976 -2.341884 0.000000
vt -0.284711 -1.797593 0.000000
vt -0.175000 -2.306891 0.000000
vt -0.119707 -2.281108 0.000000
vt -0.328892 -2.490293 0.000000
vt -0.960317 -2.321103 0.000000
vt -0.344683 -2.549223 0.000000
vt -0.976108 -2.380033 0.000000
vt -0.142796 -1.814390 0.000000
vt -0.060777 -2.265317 0.000000
vt 0.000000 -1.820000 0.000000
vt 0.000000 -2.260000 0.000000
vt 0.060777 -2.265317 0.000000
vt 0.142796 -1.814390 0.000000
vt 0.119707 -2.281108 0.000000
vt 0.284711 -1.797593 0.000000
vt 0.175000 -2.306891 0.000000
vt 0.224976 -2.341884 0.000000
vt 0.424871 -1.769713 0.000000
vt 0.268116 -2.385024 0.000000
vt 0.960317 -2.199549 0.000000
vt 0.303109 -2.435000 0.000000
vt 0.955000 -2.260326 0.000000
vt 0.328892 -2.490293 0.000000
vt 0.960317 -2.321103 0.000000
vt 0.344683 -2.549223 0.000000
vt 0.976108 -2.380033 0.000000
vt 0.562411 -1.730923 0.000000
vt 0.976108 -2.140619 0.000000
vt 1.001891 -2.085326 0.000000
vt 0.696484 -1.681461 0.000000
vt 1.036884 -2.035351 0.000000
vt 0.826263 -1.621632 0.000000
vt 1.080024 -1.992211 0.000000
vt 1.130000 -1.957217 0.000000
vt 0.950947 -1.551805 0.000000
vt 1.185293 -1.931434 0.000000
vt 1.069769 -1.472411 0.000000
vt 1.244223 -1.915644 0.000000
vt 1.305000 -1.910326 0.000000
vt 1.181995 -1.383939 0.000000
vt 1.365777 -1.915644 0.000000
vt 1.286934 -1.286934 0.000000
vt 1.424707 -1.931434 0.000000
vt 1.931434 -1.424707 0.000000
vt 1.480000 -1.957217 0.000000
vt 1.957217 -1.480000 0.000000
vt 1.529976 -1.992211 0.000000
vt 1.992211 -1.529976 0.000000
vt 1.573116 -2.035351 0.000000
vt 1.915644 -1.244223 0.000000
vt 1.472411 -1.069769 0.000000
vt 1.910326 -1.305000 0.000000
vt 1.383939 -1.181995 0.000000
vt 1.915644 -1.365777 0.000000
vt 1.931434 -1.185293 0.000000
vt 1.551805 -0.950947 0.000000
vt 1.957217 -1.130000 0.000000
vt 1.621632 -0.826263 0.000000
vt 1.992211 -1.080024 0.000000
vt 2.035351 -1.036884 0.000000
vt 1.681461 -0.696484 0.000000
vt 2.085326 -1.001891 0.000000
vt 1.730923 -0.562411 0.000000
vt 2.140619 -0.976108 0.000000
vt 2.199549 -0.960317 0.000000
vt 2.260326 -0.955000 0.000000
vt 2.385024 -0.268116 0.000000
vt 1.769713 -0.424871 0.000000
vt 2.435000 -0.303109 0.000000
vt 2.321103 -0.960317 0.000000
vt 2.490293 -0.328892 0.000000
vt 2.380033 -0.976108 0.000000
vt 2.549223 -0.344683 0.000000
vt 2.265317 -0.060777 0.000000
vt 2.260000 0.000000 0.000000
vt 1.820000 0.000000 0.000000
vt 2.265317 0.060777 0.000000
vt 1.814390 0.142796 0.000000
vt 2.281108 0.119707 0.000000
vt 1.797593 0.284711 0.000000
vt 2.306891 0.175000 0.000000
vt 2.341884 0.224976 0.000000
vt 1.769713 0.424871 0.000000
vt 2.385024 0.268116 0.000000
vt 2.199549 0.960317 0.000000
vt 2.260326 0.955000 0.000000
vt 2.435000 0.303109 0.000000
vt 2.321103 0.960317 0.000000
vt 2.490293 0.328892 0.000000
vt 2.380033 0.976108 0.000000
vt 2.549223 0.344683 0.000000
vt 2.341884 -0.224976 0.000000
vt 1.797593 -0.284711 0.000000
vt 2.306891 -0.175000 0.000000
vt 2.281108 -0.119707 0.000000
vt 1.814390 -0.142796 0.000000
vt 1.915644 1.365777 0.000000
vt 1.383939 1.181995 0.000000
vt 1.910326 1.305000 0.000000
vt 1.472411 1.069769 0.000000
vt 1.915644 1.244223 0.000000
vt 1.931434 1.185293 0.000000
vt 1.551805 0.950947 0.000000
vt 1.957217 1.130000 0.000000
vt 1.621632 0.826263 0.000000
vt 1.992211 1.080024 0.000000
vt 2.035351 1.036884 0.000000
vt 1.681461 0.696484 0.000000
vt 2.085326 1.001891 0.000000
vt 1.730923 0.562411 0.000000
vt 2.140619 0.976108 0.000000
vt 0.950947 1.551805 0.000000
vt 1.130000 1.957217 0.000000
vt 0.826263 1.621632 0.000000
vt 1.080024 1.992211 0.000000
vt 1.036884 2.035351 0.000000
vt 0.696484 1.681461 0.000000
vt 1.001891 2.085326 0.000000
vt 0.562411 1.730923 0.000000
vt 0.976108 2.140619 0.000000
vt -0.344683 2.549223 0.000000
vt -0.960317 2.321103 0.000000
vt -0.328892 2.490293 0.000000
vt -0.955000 2.260326 0.000000
vt -0.303109 2.435000 0.000000
vt -0.224976 0.268116 0.000000
vt 0.224976 0.268116 0.000000
vt -0.175000 0.303109 0.000000
vt 0.175000 0.303109 0.000000
vt -0.119707 0.328892 0.000000
vt 0.119707 0.328892 0.000000
vt -0.060777 0.344683 0.000000
vt 0.060777 0.344683 0.000000
vt 0.000000 0.350000 0.000000
vt 0.268116 0.224976 0.000000
vt -0.268116 0.224976 0.000000
vt 0.303109 0.175000 0.000000
vt -0.303109 0.175000 0.000000
vt 0.328892 0.119707 0.000000
vt -0.328892 0.119707 0.000000
vt 0.344683 0.060777 0.000000
vt -0.344683 0.060777 0.000000
vt 0.350000 -0.000000 0.000000
vt -0.350000 0.000000 0.000000
vt 0.344683 -0.060777 0.000000
vt -0.344683 -0.060777 0.000000
vt 0.328892 -0.119707 0.000000
vt -0.328892 -0.119707 0.000000
vt 0.303109 -0.175000 0.000000
vt -0.303109 -0.175000 0.000000
vt 0.268116 -0.224976 0.000000
vt -0.268116 -0.224976 0.000000
vt 0.224976 -0.268116 0.000000
vt -0.224976 -0.268116 0.000000
vt 0.175000 -0.303109 0.000000
vt -0.175000 -0.303109 0.000000
vt 0.119707 -0.328892 0.000000
vt -0.119707 -0.328892 0.000000
vt 0.060777 -0.344683 0.000000
vt -0.060777 -0.344683 0.000000
vt -0.000000 -0.350000 0.000000
vt 0.000000 0.350000 0.000000
vt -0.060777 0.344683 0.000000
vt 0.060777 0.344683 0.000000
vt 0.119707 0.328892 0.000000
vt -0.119707 0.328892 0.000000
vt 0.175000 0.303109 0.000000
vt -0.175000 0.303109 0.000000
vt 0.224976 0.268116 0.000000
vt -0.224976 0.268116 0.000000
vt 0.268116 0.224976 0.000000
vt -0.268116 0.224976 0.000000
vt 0.303109 0.175000 0.000000
vt -0.303109 0.175000 0.000000
vt 0.328892 0.119707 0.000000
vt -0.328892 0.119707 0.000000
vt 0.344683 0.060777 0.000000
vt -0.344683 0.060777 0.000000
vt 0.350000 -0.000000 0.000000
vt -0.350000 0.000000 0.000000
vt 0.344683 -0.060777 0.000000
vt -0.344683 -0.060777 0.000000
vt 0.328892 -0.119707 0.000000
vt -0.328892 -0.119707 0.000000
vt 0.303109 -0.175000 0.000000
vt -0.303109 -0.175000 0.000000
vt 0.268116 -0.224976 0.000000
vt -0.268116 -0.224976 0.000000
vt 0.224976 -0.268116 0.000000
vt -0.224976 -0.268116 0.000000
vt 0.175000 -0.303109 0.000000
vt -0.175000 -0.303109 0.000000
vt 0.119707 -0.328892 0.000000
vt -0.119707 -0.328892 0.000000
vt 0.060777 -0.344683 0.000000
vt -0.060777 -0.344683 0.000000
vt -0.000000 -0.350000 0.000000
vt 0.119707 0.328892 0.000000
vt -0.119707 0.328892 0.000000
vt 0.175000 0.303109 0.000000
vt -0.175000 0.303109 0.000000
vt 0.224976 0.268116 0.000000
vt -0.224976 0.268116 0.000000
vt 0.268116 0.224976 0.000000
vt -0.268116 0.224976 0.000000
vt 0.303109 0.175000 0.000000
vt -0.303109 0.175000 0.000000
vt 0.328892 0.119707 0.000000
vt -0.328892 0.119707 0.000000
vt 0.344683 0.060777 0.000000
vt -0.344683 0.060777 0.000000
vt 0.350000 -0.000000 0.000000
vt -0.350000 0.000000 0.000000
vt 0.344683 -0.060777 0.000000
vt -0.344683 -0.060777 0.000000
vt 0.328892 -0.119707 0.000000
vt -0.328892 -0.119707 0.000000
vt 0.303109 -0.175000 0.000000
vt -0.303109 -0.175000 0.000000
vt 0.268116 -0.224976 0.000000
vt -0.268116 -0.224976 0.000000
vt 0.224976 -0.268116 0.000000
vt -0.224976 -0.268116 0.000000
vt 0.175000 -0.303109 0.000000
vt -0.175000 -0.303109 0.000000
vt 0.119707 -0.328892 0.000000
vt -0.119707 -0.328892 0.000000
vt 0.060777 -0.344683 0.000000
vt -0.060777 -0.344683 0.000000
vt -0.000000 -0.350000 0.000000
vt -0.060777 0.344683 0.000000
vt 0.060777 0.344683 0.000000
vt 0.000000 0.350000 0.000000
vt 0.268116 0.224976 0.000000
vt -0.268116 0.224976 0.000000
vt 0.303109 0.175000 0.000000
vt -0.303109 0.175000 0.000000
vt 0.328892 0.119707 0.000000
vt -0.328892 0.119707 0.000000
vt 0.344683 0.060777 0.000000
vt -0.344683 0.060777 0.000000
vt 0.350000 -0.000000 0.000000
vt -0.350000 0.000000 0.000000
vt 0.344683 -0.060777 0.000000
vt -0.344683 -0.060777 0.000000
vt 0.328892 -0.119707 0.000000
vt -0.328892 -0.119707 0.000000
vt 0.303109 -0.175000 0.000000
vt -0.303109 -0.175000 0.000000
vt 0.268116 -0.224976 0.000000
vt -0.268116 -0.224976 0.000000
vt 0.224976 -0.268116 0.000000
vt -0.224976 -0.268116 0.000000
vt 0.175000 -0.303109 0.000000
vt -0.175000 -0.303109 0.000000
vt 0.119707 -0.328892 0.000000
vt -0.119707 -0.328892 0.000000
vt 0.060777 -0.344683 0.000000
vt -0.060777 -0.344683 0.000000
vt -0.000000 -0.350000 0.000000
vt -0.224976 0.268116 0.000000
vt 0.224976 0.268116 0.000000
vt -0.175000 0.303109 0.000000
vt 0.175000 0.303109 0.000000
vt -0.119707 0.328892 0.000000
vt 0.119707 0.328892 0.000000
vt -0.060777 0.344683 0.000000
vt 0.060777 0.344683 0.000000
vt 0.000000 0.350000 0.000000
vt 0.344683 0.060777 0.000000
vt -0.344683 0.060777 0.000000
vt 0.350000 -0.000000 0.000000
vt -0.350000 0.000000 0.000000
vt 0.344683 -0.060777 0.000000
vt -0.344683 -0.060777 0.000000
vt 0.328892 -0.119707 0.000000
vt -0.328892 -0.119707 0.000000
vt 0.303109 -0.175000 0.000000
vt -0.303109 -0.175000 0.000000
vt 0.268116 -0.224976 0.000000
vt -0.268116 -0.224976 0.000000
vt 0.224976 -0.268116 0.000000
vt -0.224976 -0.268116 0.000000
vt 0.175000 -0.303109 0.000000
vt -0.175000 -0.303109 0.000000
vt 0.119707 -0.328892 0.000000
vt -0.119707 -0.328892 0.000000
vt 0.060777 -0.344683 0.000000
vt -0.060777 -0.344683 0.000000
vt -0.000000 -0.350000 0.000000
vt -0.328892 0.119707 0.000000
vt 0.328892 0.119707 0.000000
vt -0.303109 0.175000 0.000000
vt 0.303109 0.175000 0.000000
vt -0.268116 0.224976 0.000000
vt 0.268116 0.224976 0.000000
vt -0.224976 0.268116 0.000000
vt 0.224976 0.268116 0.000000
vt -0.175000 0.303109 0.000000
vt 0.175000 0.303109 0.000000
vt -0.119707 0.328892 0.000000
vt 0.119707 0.328892 0.000000
vt -0.060777 0.344683 0.000000
vt 0.060777 0.344683 0.000000
vt 0.000000 0.350000 0.000000
vt 0.328892 -0.119707 0.000000
vt -0.328892 -0.119707 0.000000
vt 0.303109 -0.175000 0.000000
vt -0.303109 -0.175000 0.000000
vt 0.268116 -0.224976 0.000000
vt -0.268116 -0.224976 0.000000
vt 0.224976 -0.268116 0.000000
vt -0.224976 -0.268116 0.000000
vt 0.175000 -0.303109 0.000000
vt -0.175000 -0.303109 0.000000
vt 0.119707 -0.328892 0.000000
vt -0.119707 -0.328892 0.000000
vt 0.060777 -0.344683 0.000000
vt -0.060777 -0.344683 0.000000
vt -0.000000 -0.350000 0.000000
vt -0.344683 -0.060777 0.000000
vt 0.344683 -0.060777 0.000000
vt -0.350000 0.000000 0.000000
vt 0.350000 -0.000000 0.000000
vt -0.344683 0.060777 0.000000
vt 0.344683 0.060777 0.000000
vt -0.328892 0.119707 0.000000
vt 0.328892 0.119707 0.000000
vt -0.303109 0.175000 0.000000
vt 0.303109 0.175000 0.000000
vt -0.268116 0.224976 0.000000
vt 0.268116 0.224976 0.000000
vt -0.224976 0.268116 0.000000
vt 0.224976 0.268116 0.000000
vt -0.175000 0.303109 0.000000
vt 0.175000 0.303109 0.000000
vt -0.119707 0.328892 0.000000
vt 0.119707 0.328892 0.000000
vt -0.060777 0.344683 0.000000
vt 0.060777 0.344683 0.000000
vt 0.000000 0.350000 0.000000
vt 0.224976 -0.268116 0.000000
vt -0.224976 -0.268116 0.000000
vt 0.175000 -0.303109 0.000000
vt -0.175000 -0.303109 0.000000
vt 0.119707 -0.328892 0.000000
vt -0.119707 -0.328892 0.000000
vt 0.060777 -0.344683 0.000000
vt -0.060777 -0.344683 0.000000
vt -0.000000 -0.350000 0.000000
vt -0.268116 -0.224976 0.000000
vt 0.268116 -0.224976 0.000000
vt -0.303109 -0.175000 0.000000
vt 0.303109 -0.175000 0.000000
vt -0.328892 -0.119707 0.000000
vt 0.328892 -0.119707 0.000000
vt -0.344683 -0.060777 0.000000
vt 0.344683 -0.060777 0.000000
vt -0.350000 0.000000 0.000000
vt 0.350000 -0.000000 0.000000
vt -0.344683 0.060777 0.000000
vt 0.344683 0.060777 0.000000
vt -0.328892 0.119707 0.000000
vt 0.328892 0.119707 0.000000
vt -0.303109 0.175000 0.000000
vt 0.303109 0.175000 0.000000
vt -0.268116 0.224976 0.000000
vt 0.268116 0.224976 0.000000
vt -0.224976 0.268116 0.000000
vt 0.224976 0.268116 0.000000
vt -0.175000 0.303109 0.000000
vt 0.175000 0.303109 0.000000
vt -0.119707 0.328892 0.000000
vt 0.119707 0.328892 0.000000
vt -0.060777 0.344683 0.000000
vt 0.060777 0.344683 0.000000
vt 0.000000 0.350000 0.000000
vt -0.000000 -0.350000 0.000000
vt 0.060777 -0.344683 0.000000
vt -0.060777 -0.344683 0.000000
vt -0.119707 -0.328892 0.000000
vt 0.119707 -0.328892 0.000000
vt -0.175000 -0.303109 0.000000
vt 0.175000 -0.303109 0.000000
vt -0.224976 -0.268116 0.000000
vt 0.224976 -0.268116 0.000000
vt -0.268116 -0.224976 0.000000
vt 0.268116 -0.224976 0.000000
vt -0.303109 -0.175000 0.000000
vt 0.303109 -0.175000 0.000000
vt -0.328892 -0.119707 0.000000
vt 0.328892 -0.119707 0.000000
vt -0.344683 -0.060777 0.000000
vt 0.344683 -0.060777 0.000000
vt -0.350000 0.000000 0.000000
vt 0.350000 -0.000000 0.000000
vt -0.344683 0.060777 0.000000
vt 0.344683 0.060777 0.000000
vt -0.328892 0.119707 0.000000
vt 0.328892 0.119707 0.000000
vt -0.303109 0.175000 0.000000
vt 0.303109 0.175000 0.000000
vt -0.268116 0.224976 0.000000
vt 0.268116 0.224976 0.000000
vt -0.224976 0.268116 0.000000
vt 0.224976 0.268116 0.000000
vt -0.175000 0.303109 0.000000
vt 0.175000 0.303109 0.000000
vt -0.119707 0.328892 0.000000
vt 0.119707 0.328892 0.000000
vt -0.060777 0.344683 0.000000
vt 0.060777 0.344683 0.000000
vt 0.000000 0.350000 0.000000
vt -0.119707 -0.328892 0.000000
vt 0.119707 -0.328892 0.000000
vt -0.175000 -0.303109 0.000000
vt 0.175000 -0.303109 0.000000
vt -0.224976 -0.268116 0.000000
vt 0.224976 -0.268116 0.000000
vt -0.268116 -0.224976 0.000000
vt 0.268116 -0.224976 0.000000
vt -0.303109 -0.175000 0.000000
vt 0.303109 -0.175000 0.000000
vt -0.328892 -0.119707 0.000000
vt 0.328892 -0.119707 0.000000
vt -0.344683 -0.060777 0.000000
vt 0.344683 -0.060777 0.000000
vt -0.350000 0.000000 0.000000
vt 0.350000 -0.000000 0.000000
vt -0.344683 0.060777 0.000000
vt 0.344683 0.060777 0.000000
vt -0.328892 0.119707 0.000000
vt 0.328892 0.119707 0.000000
vt -0.303109 0.175000 0.000000
vt 0.303109 0.175000 0.000000
vt -0.268116 0.224976 0.000000
vt 0.268116 0.224976 0.000000
vt -0.224976 0.268116 0.000000
vt 0.224976 0.268116 0.000000
vt -0.175000 0.303109 0.000000
vt 0.175000 0.303109 0.000000
vt -0.119707 0.328892 0.000000
vt 0.119707 0.328892 0.000000
vt -0.060777 0.344683 0.000000
vt 0.060777 0.344683 0.000000
vt 0.000000 0.350000 0.000000
vt 0.060777 -0.344683 0.000000
vt -0.060777 -0.344683 0.000000
vt -0.000000 -0.350000 0.000000
vt -0.268116 -0.224976 0.000000
vt 0.268116 -0.224976 0.000000
vt -0.303109 -0.175000 0.000000
vt 0.303109 -0.175000 0.000000
vt -0.328892 -0.119707 0.000000
vt 0.328892 -0.119707 0.000000
vt -0.344683 -0.060777 0.000000
vt 0.344683 -0.060777 0.000000
vt -0.350000 0.000000 0.000000
vt 0.350000 -0.000000 0.000000
vt -0.344683 0.060777 0.000000
vt 0.344683 0.060777 0.000000
vt -0.328892 0.119707 0.000000
vt 0.328892 0.119707 0.000000
vt -0.303109 0.175000 0.000000
vt 0.303109 0.175000 0.000000
vt -0.268116 0.224976 0.000000
vt 0.268116 0.224976 0.000000
vt -0.224976 0.268116 0.000000
vt 0.224976 0.268116 0.000000
vt -0.175000 0.303109 0.000000
vt 0.175000 0.303109 0.000000
vt -0.119707 0.328892 0.000000
vt 0.119707 0.328892 0.000000
vt -0.060777 0.344683 0.000000
vt 0.060777 0.344683 0.000000
vt 0.000000 0.350000 0.000000
vt 0.224976 -0.268116 0.000000
vt -0.224976 -0.268116 0.000000
vt 0.175000 -0.303109 0.000000
vt -0.175000 -0.303109 0.000000
vt 0.119707 -0.328892 0.000000
vt -0.119707 -0.328892 0.000000
vt 0.060777 -0.344683 0.000000
vt -0.060777 -0.344683 0.000000
vt -0.000000 -0.350000 0.000000
vt -0.328892 0.119707 0.000000
vt 0.328892 0.119707 0.000000
vt -0.303109 0.175000 0.000000
vt 0.303109 0.175000 0.000000
vt -0.268116 0.224976 0.000000
vt 0.268116 0.224976 0.000000
vt -0.224976 0.268116 0.000000
vt 0.224976 0.268116 0.000000
vt -0.175000 0.303109 0.000000
vt 0.175000 0.303109 0.000000
vt -0.119707 0.328892 0.000000
vt 0.119707 0.328892 0.000000
vt -0.060777 0.344683 0.000000
vt 0.060777 0.344683 0.000000
vt 0.000000 0.350000 0.000000
vt 0.344683 0.060777 0.000000
vt -0.344683 0.060777 0.000000
vt 0.350000 -0.000000 0.000000
vt -0.350000 0.000000 0.000000
vt 0.344683 -0.060777 0.000000
vt -0.344683 -0.060777 0.000000
vt 0.328892 -0.119707 0.000000
vt -0.328892 -0.119707 0.000000
vt 0.303109 -0.175000 0.000000
vt -0.303109 -0.175000 0.000000
vt 0.268116 -0.224976 0.000000
vt -0.268116 -0.224976 0.000000
vt 0.224976 -0.268116 0.000000
vt -0.224976 -0.268116 0.000000
vt 0.175000 -0.303109 0.000000
vt -0.175000 -0.303109 0.000000
vt 0.119707 -0.328892 0.000000
vt -0.119707 -0.328892 0.000000
vt 0.060777 -0.344683 0.000000
vt -0.060777 -0.344683 0.000000
vt -0.000000 -0.350000 0.000000
vt -0.344683 -0.060777 0.000000
vt 0.344683 -0.060777 0.000000
vt -0.350000 0.000000 0.000000
vt 0.350000 -0.000000 0.000000
vt -0.344683 0.060777 0.000000
vt 0.344683 0.060777 0.000000
vt -0.328892 0.119707 0.000000
vt 0.328892 0.119707 0.000000
vt -0.303109 0.175000 0.000000
vt 0.303109 0.175000 0.000000
vt -0.268116 0.224976 0.000000
vt 0.268116 0.224976 0.000000
vt -0.224976 0.268116 0.000000
vt 0.224976 0.268116 0.000000
vt -0.175000 0.303109 0.000000
vt 0.175000 0.303109 0.000000
vt -0.119707 0.328892 0.000000
vt 0.119707 0.328892 0.000000
vt -0.060777 0.344683 0.000000
vt 0.060777 0.344683 0.000000
vt 0.000000 0.350000 0.000000
vt 0.328892 -0.119707 0.000000
vt -0.328892 -0.119707 0.000000
vt 0.303109 -0.175000 0.000000
vt -0.303109 -0.175000 0.000000
vt 0.268116 -0.224976 0.000000
vt -0.268116 -0.224976 0.000000
vt 0.224976 -0.268116 0.000000
vt -0.224976 -0.268116 0.000000
vt 0.175000 -0.303109 0.000000
vt -0.175000 -0.303109 0.000000
vt 0.119707 -0.328892 0.000000
vt -0.119707 -0.328892 0.000000
vt 0.060777 -0.344683 0.000000
vt -0.060777 -0.344683 0.000000
vt -0.000000 -0.350000 0.000000
vt 3.004401 -0.183502 0.000000
vt 3.010000 0.000000 0.000000
vt 2.210000 0.000000 0.000000
vt 3.004401 0.183502 0.000000
vt 2.204369 0.157660 0.000000
vt 2.987626 0.366320 0.000000
vt 2.187505 0.314516 0.000000
vt 2.959737 0.547777 0.000000
vt 2.159495 0.469769 0.000000
vt 2.920837 0.727195 0.000000
vt 2.120479 0.622629 0.000000
vt 2.871071 0.903908 0.000000
vt 2.070659 0.772316 0.000000
vt 2.810625 1.077259 0.000000
vt 2.010287 0.918067 0.000000
vt 2.739723 1.246602 0.000000
vt 2.658629 1.411308 0.000000
vt 1.939671 1.059140 0.000000
vt 2.567645 1.570763 0.000000
vt 1.859170 1.194816 0.000000
vt 2.467110 1.724375 0.000000
vt 1.769196 1.324404 0.000000
vt 2.357396 1.871573 0.000000
vt 1.670207 1.447242 0.000000
vt 2.238912 2.011808 0.000000
vt 1.562706 1.562706 0.000000
vt 2.112100 2.144559 0.000000
vt 1.447242 1.670207 0.000000
vt 1.977431 2.269332 0.000000
vt 1.835405 2.385663 0.000000
vt 1.324404 1.769196 0.000000
vt 1.686552 2.493119 0.000000
vt 1.194816 1.859170 0.000000
vt 1.531424 2.591301 0.000000
vt 1.059140 1.939671 0.000000
vt 1.370600 2.679843 0.000000
vt 0.918067 2.010287 0.000000
vt 1.204677 2.758415 0.000000
vt 0.772316 2.070659 0.000000
vt 1.034272 2.826726 0.000000
vt 0.622629 2.120479 0.000000
vt 0.860020 2.884522 0.000000
vt 0.682568 2.931587 0.000000
vt 0.469769 2.159495 0.000000
vt 0.502577 2.967746 0.000000
vt 0.314516 2.187505 0.000000
vt 0.320717 2.992865 0.000000
vt 0.157660 2.204369 0.000000
vt 0.137664 3.006850 0.000000
vt -0.000000 2.210000 0.000000
vt -0.045902 3.009650 0.000000
vt -0.157660 2.204369 0.000000
vt -0.229297 3.001254 0.000000
vt -0.411839 2.981692 0.000000
vt -0.314516 2.187505 0.000000
vt -0.592849 2.951039 0.000000
vt -0.469769 2.159495 0.000000
vt -0.771653 2.909407 0.000000
vt -0.622629 2.120479 0.000000
vt -0.947587 2.856953 0.000000
vt -0.772316 2.070659 0.000000
vt -1.119995 2.793870 0.000000
vt -0.918067 2.010287 0.000000
vt -1.288237 2.720394 0.000000
vt -1.059140 1.939671 0.000000
vt -1.451687 2.636798 0.000000
vt -1.609737 2.543393 0.000000
vt -1.194816 1.859170 0.000000
vt -1.761798 2.440526 0.000000
vt -1.324404 1.769196 0.000000
vt -1.907305 2.328580 0.000000
vt -1.447242 1.670207 0.000000
vt -2.045717 2.207972 0.000000
vt -1.562706 1.562706 0.000000
vt -2.176519 2.079150 0.000000
vt -1.670207 1.447242 0.000000
vt -2.299224 1.942594 0.000000
vt -1.769196 1.324404 0.000000
vt -2.413375 1.798811 0.000000
vt -2.518549 1.648336 0.000000
vt -1.859170 1.194816 0.000000
vt -2.614353 1.491729 0.000000
vt -1.939671 1.059140 0.000000
vt -2.700432 1.329573 0.000000
vt -2.010287 0.918067 0.000000
vt -2.776466 1.162471 0.000000
vt -2.070659 0.772316 0.000000
vt -2.842170 0.991045 0.000000
vt -2.120479 0.622629 0.000000
vt -2.897302 0.815931 0.000000
vt -2.159495 0.469769 0.000000
vt -2.941655 0.637783 0.000000
vt -2.975065 0.457261 0.000000
vt -2.187505 0.314516 0.000000
vt -2.997408 0.275039 0.000000
vt -2.204369 0.157660 0.000000
vt -3.008600 0.091793 0.000000
vt -2.210000 -0.000000 0.000000
vt -3.008600 -0.091793 0.000000
vt -2.204369 -0.157660 0.000000
vt -2.997408 -0.275039 0.000000
vt -2.187505 -0.314516 0.000000
vt -2.975065 -0.457261 0.000000
vt -2.159495 -0.469769 0.000000
vt -2.941655 -0.637783 0.000000
vt -2.897302 -0.815931 0.000000
vt -2.120479 -0.622629 0.000000
vt -2.842170 -0.991045 0.000000
vt -2.070659 -0.772316 0.000000
vt -2.776466 -1.162471 0.000000
vt -2.010287 -0.918067 0.000000
vt -2.700432 -1.329573 0.000000
vt -1.939671 -1.059140 0.000000
vt -2.614353 -1.491729 0.000000
vt -1.859170 -1.194816 0.000000
vt -2.518549 -1.648336 0.000000
vt -1.769196 -1.324404 0.000000
vt -2.413375 -1.798811 0.000000
vt -2.299224 -1.942594 0.000000
vt -1.670207 -1.447242 0.000000
vt -2.176519 -2.079150 0.000000
vt -1.562706 -1.562706 0.000000
vt -2.045717 -2.207972 0.000000
vt -1.447242 -1.670207 0.000000
vt -1.907305 -2.328580 0.000000
vt -1.324404 -1.769196 0.000000
vt -1.761798 -2.440526 0.000000
vt -1.194816 -1.859170 0.000000
vt -1.609737 -2.543393 0.000000
vt -1.059140 -1.939671 0.000000
vt -1.451687 -2.636798 0.000000
vt -1.288237 -2.720394 0.000000
vt -0.918067 -2.010287 0.000000
vt -1.119995 -2.793870 0.000000
vt -0.772316 -2.070659 0.000000
vt -0.947587 -2.856953 0.000000
vt -0.622629 -2.120479 0.000000
vt -0.771653 -2.909407 0.000000
vt -0.469769 -2.159495 0.000000
vt -0.592849 -2.951039 0.000000
vt -0.314516 -2.187505 0.000000
vt -0.411839 -2.981692 0.000000
vt -0.157660 -2.204369 0.000000
vt -0.229297 -3.001254 0.000000
vt -0.045902 -3.009650 0.000000
vt 0.000000 -2.210000 0.000000
vt 0.137664 -3.006850 0.000000
vt 0.157660 -2.204369 0.000000
vt 0.320717 -2.992865 0.000000
vt 0.314516 -2.187505 0.000000
vt 0.502577 -2.967746 0.000000
vt 0.469769 -2.159495 0.000000
vt 0.682568 -2.931587 0.000000
vt 0.622629 -2.120479 0.000000
vt 0.860020 -2.884522 0.000000
vt 1.034272 -2.826726 0.000000
vt 0.772316 -2.070659 0.000000
vt 1.204677 -2.758415 0.000000
vt 0.918067 -2.010287 0.000000
vt 1.370600 -2.679843 0.000000
vt 1.059140 -1.939671 0.000000
vt 1.531424 -2.591301 0.000000
vt 1.194816 -1.859170 0.000000
vt 1.686552 -2.493119 0.000000
vt 1.324404 -1.769196 0.000000
vt 1.835405 -2.385663 0.000000
vt 1.447242 -1.670207 0.000000
vt 1.977431 -2.269332 0.000000
vt 2.112100 -2.144559 0.000000
vt 1.562706 -1.562706 0.000000
vt 2.238912 -2.011808 0.000000
vt 1.670207 -1.447242 0.000000
vt 2.357396 -1.871573 0.000000
vt 1.769196 -1.324404 0.000000
vt 2.467110 -1.724375 0.000000
vt 1.859170 -1.194816 0.000000
vt 2.567645 -1.570763 0.000000
vt 1.939671 -1.059140 0.000000
vt 2.658629 -1.411308 0.000000
vt 2.010287 -0.918067 0.000000
vt 2.739723 -1.246602 0.000000
vt 2.810625 -1.077259 0.000000
vt 2.070659 -0.772316 0.000000
vt 2.871071 -0.903908 0.000000
vt 2.120479 -0.622629 0.000000
vt 2.920837 -0.727195 0.000000
vt 2.159495 -0.469769 0.000000
vt 2.959737 -0.547777 0.000000
vt 2.187505 -0.314516 0.000000
vt 2.987626 -0.366320 0.000000
vt 2.204369 -0.157660 0.000000
vt 2.104371 0.154020 0.000000
vt 1.365593 0.448275 0.000000
vt 2.110000 0.000000 0.000000
vt 1.319134 0.415192 0.000000
vt 2.104371 -0.154020 0.000000
vt 1.028634 -0.053023 0.000000
vt 1.017731 -0.158507 0.000000
vt 1.404950 0.489552 0.000000
vt 2.087515 0.307218 0.000000
vt 1.435785 0.537532 0.000000
vt 2.059520 0.458778 0.000000
vt 1.456982 0.590480 0.000000
vt 2.020537 0.607889 0.000000
vt 1.467776 0.646483 0.000000
vt 1.970774 0.753757 0.000000
vt 1.467776 0.703517 0.000000
vt 1.910496 0.895604 0.000000
vt 1.456982 0.759520 0.000000
vt 1.840024 1.032672 0.000000
vt 1.435785 0.812468 0.000000
vt 1.404950 0.860448 0.000000
vt 1.759735 1.164230 0.000000
vt 1.365593 0.901725 0.000000
vt 1.670058 1.289577 0.000000
vt 1.319134 0.934808 0.000000
vt 1.571469 1.408043 0.000000
vt 1.267255 0.958500 0.000000
vt 1.211829 0.971946 0.000000
vt 1.464497 1.518996 0.000000
vt 1.154860 0.974660 0.000000
vt 1.349710 1.621845 0.000000
vt 1.098407 0.966543 0.000000
vt 1.227722 1.716041 0.000000
vt 1.044510 0.947890 0.000000
vt 1.099184 1.801081 0.000000
vt 0.964781 1.876512 0.000000
vt 0.825231 1.941930 0.000000
vt 0.484076 0.909159 0.000000
vt 0.995117 0.919373 0.000000
vt 0.681278 1.996988 0.000000
vt 0.072444 1.369411 0.000000
vt 0.388030 0.954114 0.000000
vt 0.064952 1.387500 0.000000
vt 0.533689 2.041391 0.000000
vt 0.053033 1.403033 0.000000
vt 0.383254 2.074902 0.000000
vt 0.037500 1.414952 0.000000
vt 0.230773 2.097342 0.000000
vt 0.019411 1.422444 0.000000
vt 0.077061 2.108592 0.000000
vt 0.000000 1.425000 0.000000
vt -0.077061 2.108592 0.000000
vt -0.019411 1.422444 0.000000
vt -0.230773 2.097342 0.000000
vt -0.037500 1.414952 0.000000
vt -0.383254 2.074902 0.000000
vt -0.053033 1.403033 0.000000
vt -0.533689 2.041391 0.000000
vt -0.064952 1.387500 0.000000
vt -0.681278 1.996988 0.000000
vt -0.072444 1.369411 0.000000
vt -0.825231 1.941930 0.000000
vt -0.436632 0.932873 0.000000
vt -0.964781 1.876512 0.000000
vt -1.019134 0.934808 0.000000
vt -1.099184 1.801081 0.000000
vt -1.071014 0.958500 0.000000
vt -1.227722 1.716041 0.000000
vt -1.126440 0.971946 0.000000
vt -1.349710 1.621845 0.000000
vt -1.183409 0.974660 0.000000
vt -1.464497 1.518996 0.000000
vt -1.239862 0.966543 0.000000
vt -1.571469 1.408043 0.000000
vt -1.293759 0.947890 0.000000
vt -1.670058 1.289577 0.000000
vt -1.343151 0.919373 0.000000
vt -1.759735 1.164230 0.000000
vt -1.386255 0.882024 0.000000
vt -1.421510 0.837192 0.000000
vt -1.840024 1.032672 0.000000
vt -1.447645 0.786499 0.000000
vt -1.910496 0.895604 0.000000
vt -1.463713 0.731775 0.000000
vt -1.970774 0.753757 0.000000
vt -1.469134 0.675000 0.000000
vt -1.463713 0.618225 0.000000
vt -2.020537 0.607889 0.000000
vt -1.447645 0.563501 0.000000
vt -2.059520 0.458778 0.000000
vt -1.421510 0.512808 0.000000
vt -2.087515 0.307218 0.000000
vt -1.386255 0.467976 0.000000
vt -2.104371 0.154020 0.000000
vt -1.343151 0.430627 0.000000
vt -2.110000 -0.000000 0.000000
vt -1.293759 0.402110 0.000000
vt -2.104371 -0.154020 0.000000
vt -1.030000 -0.000000 0.000000
vt -1.024541 -0.105906 0.000000
vt -2.087515 -0.307218 0.000000
vt -1.222167 -0.621967 0.000000
vt -2.059520 -0.458778 0.000000
vt -1.234086 -0.637500 0.000000
vt -2.020537 -0.607889 0.000000
vt -1.241579 -0.655589 0.000000
vt -1.970774 -0.753757 0.000000
vt -1.244134 -0.675000 0.000000
vt -1.910496 -0.895604 0.000000
vt -1.241579 -0.694411 0.000000
vt -1.840024 -1.032672 0.000000
vt -1.234086 -0.712500 0.000000
vt -1.759735 -1.164230 0.000000
vt -1.222167 -0.728033 0.000000
vt -1.206634 -0.739952 0.000000
vt -1.670058 -1.289577 0.000000
vt -1.188546 -0.747444 0.000000
vt -1.571469 -1.408043 0.000000
vt -1.169134 -0.750000 0.000000
vt -1.464497 -1.518996 0.000000
vt -1.149723 -0.747444 0.000000
vt -1.349710 -1.621845 0.000000
vt -1.227722 -1.716041 0.000000
vt -1.099184 -1.801081 0.000000
vt -0.530237 -0.883034 0.000000
vt -0.618221 -0.823834 0.000000
vt -1.131634 -0.739952 0.000000
vt -0.699652 -0.755902 0.000000
vt -1.116101 -0.728033 0.000000
vt -0.773666 -0.679957 0.000000
vt -1.104182 -0.712500 0.000000
vt -1.096690 -0.694411 0.000000
vt -0.839479 -0.596804 0.000000
vt -1.094134 -0.675000 0.000000
vt -1.096690 -0.655589 0.000000
vt -0.896394 -0.507325 0.000000
vt -1.104182 -0.637500 0.000000
vt -1.116101 -0.621967 0.000000
vt -0.943806 -0.412468 0.000000
vt -1.131634 -0.610048 0.000000
vt -1.149723 -0.602556 0.000000
vt -0.981214 -0.313238 0.000000
vt -1.169134 -0.600000 0.000000
vt -1.188546 -0.602556 0.000000
vt -1.008221 -0.210689 0.000000
vt -1.206634 -0.610048 0.000000
vt -0.300000 -1.350000 0.000000
vt -0.964781 -1.876512 0.000000
vt -0.294579 -1.406775 0.000000
vt -0.825231 -1.941930 0.000000
vt -0.278510 -1.461499 0.000000
vt -0.681278 -1.996988 0.000000
vt -0.252376 -1.512192 0.000000
vt -0.533689 -2.041391 0.000000
vt -0.217120 -1.557024 0.000000
vt -0.383254 -2.074902 0.000000
vt -0.174017 -1.594373 0.000000
vt -0.124625 -1.622890 0.000000
vt -0.230773 -2.097342 0.000000
vt -0.070728 -1.641543 0.000000
vt -0.077061 -2.108592 0.000000
vt -0.014275 -1.649660 0.000000
vt 0.077061 -2.108592 0.000000
vt 0.042694 -1.646946 0.000000
vt 0.098120 -1.633500 0.000000
vt 0.230773 -2.097342 0.000000
vt 0.150000 -1.609808 0.000000
vt 0.383254 -2.074902 0.000000
vt 0.196458 -1.576725 0.000000
vt 0.533689 -2.041391 0.000000
vt 0.235816 -1.535448 0.000000
vt 0.681278 -1.996988 0.000000
vt 0.266651 -1.487468 0.000000
vt 0.825231 -1.941930 0.000000
vt 0.287848 -1.434520 0.000000
vt 0.964781 -1.876512 0.000000
vt 0.298642 -1.378517 0.000000
vt 1.099184 -1.801081 0.000000
vt 0.298642 -1.321483 0.000000
vt 0.574991 -0.854567 0.000000
vt 0.484076 -0.909159 0.000000
vt 1.227722 -1.716041 0.000000
vt 0.659811 -0.790917 0.000000
vt 1.149723 -0.747444 0.000000
vt 1.131634 -0.739952 0.000000
vt 1.349710 -1.621845 0.000000
vt 1.464497 -1.518996 0.000000
vt 1.169134 -0.750000 0.000000
vt 1.571469 -1.408043 0.000000
vt 1.188546 -0.747444 0.000000
vt 1.670058 -1.289577 0.000000
vt 1.206634 -0.739952 0.000000
vt 1.759735 -1.164230 0.000000
vt 1.222167 -0.728033 0.000000
vt 1.234086 -0.712500 0.000000
vt 1.840024 -1.032672 0.000000
vt 1.241579 -0.694411 0.000000
vt 1.910496 -0.895604 0.000000
vt 1.244134 -0.675000 0.000000
vt 1.970774 -0.753757 0.000000
vt 1.241579 -0.655589 0.000000
vt 2.020537 -0.607889 0.000000
vt 1.234086 -0.637500 0.000000
vt 2.059520 -0.458778 0.000000
vt 1.222167 -0.621967 0.000000
vt 2.087515 -0.307218 0.000000
vt -0.530237 0.883034 0.000000
vt -0.972676 0.901725 0.000000
vt -0.618221 0.823834 0.000000
vt -0.933318 0.860448 0.000000
vt -0.902484 0.812468 0.000000
vt -0.699652 0.755902 0.000000
vt -0.881286 0.759520 0.000000
vt -0.773666 0.679957 0.000000
vt -0.870493 0.703517 0.000000
vt -0.870493 0.646483 0.000000
vt -0.839479 0.596804 0.000000
vt -0.881286 0.590480 0.000000
vt -0.902484 0.537532 0.000000
vt -0.896394 0.507325 0.000000
vt -0.933318 0.489552 0.000000
vt -0.943806 0.412468 0.000000
vt -0.972676 0.448275 0.000000
vt -1.019134 0.415192 0.000000
vt -0.981214 0.313238 0.000000
vt -1.071014 0.391500 0.000000
vt -1.008221 0.210689 0.000000
vt -1.126440 0.378054 0.000000
vt -1.183409 0.375340 0.000000
vt -1.024541 0.105906 0.000000
vt -1.239862 0.383457 0.000000
vt 0.072444 1.330589 0.000000
vt 0.287870 0.988954 0.000000
vt 0.075000 1.350000 0.000000
vt 0.064952 1.312500 0.000000
vt 0.184659 1.013312 0.000000
vt 0.053033 1.296967 0.000000
vt 0.079491 1.026928 0.000000
vt 0.037500 1.285048 0.000000
vt 0.019411 1.277556 0.000000
vt -0.026520 1.029659 0.000000
vt -0.000000 1.275000 0.000000
vt -0.019411 1.277556 0.000000
vt -0.037500 1.285048 0.000000
vt -0.132250 1.021474 0.000000
vt -0.053033 1.296967 0.000000
vt -0.064952 1.312500 0.000000
vt -0.236578 1.002462 0.000000
vt -0.072444 1.330589 0.000000
vt -0.338399 0.972824 0.000000
vt -0.075000 1.350000 0.000000
vt 1.116101 -0.728033 0.000000
vt 0.737637 -0.718882 0.000000
vt 1.104182 -0.712500 0.000000
vt 0.807643 -0.639228 0.000000
vt 1.096690 -0.694411 0.000000
vt 1.094134 -0.675000 0.000000
vt 0.869089 -0.552797 0.000000
vt 1.096690 -0.655589 0.000000
vt 1.104182 -0.637500 0.000000
vt 0.921322 -0.460507 0.000000
vt 1.116101 -0.621967 0.000000
vt 1.131634 -0.610048 0.000000
vt 0.963788 -0.363335 0.000000
vt 1.149723 -0.602556 0.000000
vt 1.169134 -0.600000 0.000000
vt 0.996039 -0.262311 0.000000
vt 1.188546 -0.602556 0.000000
vt 1.206634 -0.610048 0.000000
vt 0.574991 0.854567 0.000000
vt 0.952014 0.882024 0.000000
vt 0.916758 0.837192 0.000000
vt 0.659811 0.790917 0.000000
vt 0.890624 0.786499 0.000000
vt 0.737637 0.718882 0.000000
vt 0.874556 0.731775 0.000000
vt 0.869134 0.675000 0.000000
vt 0.807643 0.639228 0.000000
vt 0.874556 0.618225 0.000000
vt 0.869089 0.552797 0.000000
vt 0.890624 0.563501 0.000000
vt 0.916758 0.512808 0.000000
vt 0.921322 0.460507 0.000000
vt 0.952014 0.467976 0.000000
vt 0.963788 0.363335 0.000000
vt 0.995117 0.430627 0.000000
vt 1.044510 0.402110 0.000000
vt 0.996039 0.262311 0.000000
vt 1.098407 0.383457 0.000000
vt 1.154860 0.375340 0.000000
vt 1.017731 0.158507 0.000000
vt 1.211829 0.378054 0.000000
vt 1.028634 0.053023 0.000000
vt 1.267255 0.391500 0.000000
vt 0.287848 -1.265480 0.000000
vt 0.388030 -0.954114 0.000000
vt 0.266651 -1.212532 0.000000
vt 0.287870 -0.988954 0.000000
vt 0.235816 -1.164552 0.000000
vt 0.196458 -1.123275 0.000000
vt 0.184659 -1.013312 0.000000
vt 0.150000 -1.090192 0.000000
vt 0.098120 -1.066500 0.000000
vt 0.079491 -1.026928 0.000000
vt 0.042694 -1.053054 0.000000
vt -0.026520 -1.029659 0.000000
vt -0.014275 -1.050340 0.000000
vt -0.070728 -1.058457 0.000000
vt -0.132250 -1.021474 0.000000
vt -0.124625 -1.077110 0.000000
vt -0.174017 -1.105627 0.000000
vt -0.236578 -1.002462 0.000000
vt -0.217120 -1.142976 0.000000
vt -0.338399 -0.972824 0.000000
vt -0.252376 -1.187808 0.000000
vt -0.278510 -1.238501 0.000000
vt -0.436632 -0.932873 0.000000
vt -0.294579 -1.293225 0.000000
vt -0.144889 -0.038823 0.000000
vt -0.072444 -0.019411 0.000000
vt -0.150000 -0.000000 0.000000
vt -0.075000 -0.000000 0.000000
vt -0.072444 0.019411 0.000000
vt -0.064952 -0.037500 0.000000
vt -0.129904 -0.075000 0.000000
vt -0.053033 -0.053033 0.000000
vt -0.106066 -0.106066 0.000000
vt -0.037500 -0.064952 0.000000
vt -0.075000 -0.129904 0.000000
vt -0.019411 -0.072444 0.000000
vt -0.038823 -0.144889 0.000000
vt 0.000000 -0.075000 0.000000
vt 0.000000 -0.150000 0.000000
vt 0.038823 -0.144889 0.000000
vt 0.019411 -0.072444 0.000000
vt 0.075000 -0.129904 0.000000
vt 0.037500 -0.064952 0.000000
vt 0.106066 -0.106066 0.000000
vt 0.053033 -0.053033 0.000000
vt 0.129904 -0.075000 0.000000
vt 0.064952 -0.037500 0.000000
vt 0.144889 -0.038823 0.000000
vt 0.072444 -0.019411 0.000000
vt 0.075000 0.000000 0.000000
vt 0.150000 0.000000 0.000000
vt 0.072444 0.019411 0.000000
vt 0.144889 0.038823 0.000000
vt 0.064952 0.037500 0.000000
vt 0.129904 0.075000 0.000000
vt 0.053033 0.053033 0.000000
vt 0.106066 0.106066 0.000000
vt 0.037500 0.064952 0.000000
vt 0.075000 0.129904 0.000000
vt 0.019411 0.072444 0.000000
vt 0.038823 0.144889 0.000000
vt -0.000000 0.075000 0.000000
vt -0.000000 0.150000 0.000000
vt -0.038823 0.144889 0.000000
vt -0.019411 0.072444 0.000000
vt -0.075000 0.129904 0.000000
vt -0.037500 0.064952 0.000000
vt -0.106066 0.106066 0.000000
vt -0.053033 0.053033 0.000000
vt -0.129904 0.075000 0.000000
vt -0.064952 0.037500 0.000000
vt -0.144889 0.038823 0.000000
vt 0.106066 -0.106066 0.000000
vt 0.037500 -0.064952 0.000000
vt 0.075000 -0.129904 0.000000
vt 0.019411 -0.072444 0.000000
vt 0.038823 -0.144889 0.000000
vt -0.000000 -0.075000 0.000000
vt -0.000000 -0.150000 0.000000
vt -0.038823 -0.144889 0.000000
vt -0.019411 -0.072444 0.000000
vt -0.075000 -0.129904 0.000000
vt -0.037500 -0.064952 0.000000
vt -0.106066 -0.106066 0.000000
vt -0.053033 -0.053033 0.000000
vt -0.129904 -0.075000 0.000000
vt -0.064952 -0.037500 0.000000
vt -0.144889 -0.038823 0.000000
vt -0.072444 -0.019411 0.000000
vt -0.150000 0.000000 0.000000
vt -0.075000 0.000000 0.000000
vt -0.072444 0.019411 0.000000
vt 0.053033 -0.053033 0.000000
vt 0.129904 -0.075000 0.000000
vt 0.064952 -0.037500 0.000000
vt 0.144889 -0.038823 0.000000
vt 0.072444 -0.019411 0.000000
vt 0.075000 -0.000000 0.000000
vt 0.150000 -0.000000 0.000000
vt 0.072444 0.019411 0.000000
vt 0.144889 0.038823 0.000000
vt 0.064952 0.037500 0.000000
vt 0.129904 0.075000 0.000000
vt 0.053033 0.053033 0.000000
vt 0.106066 0.106066 0.000000
vt 0.037500 0.064952 0.000000
vt 0.075000 0.129904 0.000000
vt 0.019411 0.072444 0.000000
vt 0.038823 0.144889 0.000000
vt 0.000000 0.075000 0.000000
vt 0.000000 0.150000 0.000000
vt -0.038823 0.144889 0.000000
vt -0.019411 0.072444 0.000000
vt -0.075000 0.129904 0.000000
vt -0.037500 0.064952 0.000000
vt -0.106066 0.106066 0.000000
vt -0.053033 0.053033 0.000000
vt -0.129904 0.075000 0.000000
vt -0.064952 0.037500 0.000000
vt -0.144889 0.038823 0.000000
vt 0.038823 0.144889 0.000000
vt 0.019411 0.072444 0.000000
vt 0.075000 0.129904 0.000000
vt 0.037500 0.064952 0.000000
vt 0.106066 0.106066 0.000000
vt 0.053033 0.053033 0.000000
vt 0.129904 0.075000 0.000000
vt 0.064952 0.037500 0.000000
vt 0.144889 0.038823 0.000000
vt 0.072444 0.019411 0.000000
vt 0.150000 -0.000000 0.000000
vt 0.075000 0.000000 0.000000
vt 0.144889 -0.038823 0.000000
vt 0.072444 -0.019411 0.000000
vt 0.064952 -0.037500 0.000000
vt -0.000000 0.075000 0.000000
vt 0.000000 0.150000 0.000000
vt -0.038823 0.144889 0.000000
vt -0.019411 0.072444 0.000000
vt -0.075000 0.129904 0.000000
vt -0.037500 0.064952 0.000000
vt -0.106066 0.106066 0.000000
vt -0.053033 0.053033 0.000000
vt -0.129904 0.075000 0.000000
vt -0.064952 0.037500 0.000000
vt -0.144889 0.038823 0.000000
vt -0.072444 0.019411 0.000000
vt -0.150000 0.000000 0.000000
vt -0.075000 -0.000000 0.000000
vt -0.072444 -0.019411 0.000000
vt -0.144889 -0.038823 0.000000
vt -0.064952 -0.037500 0.000000
vt -0.129904 -0.075000 0.000000
vt -0.053033 -0.053033 0.000000
vt -0.106066 -0.106066 0.000000
vt -0.037500 -0.064952 0.000000
vt -0.075000 -0.129904 0.000000
vt -0.019411 -0.072444 0.000000
vt -0.038823 -0.144889 0.000000
vt 0.000000 -0.075000 0.000000
vt -0.000000 -0.150000 0.000000
vt 0.038823 -0.144889 0.000000
vt 0.019411 -0.072444 0.000000
vt 0.075000 -0.129904 0.000000
vt 0.037500 -0.064952 0.000000
vt 0.106066 -0.106066 0.000000
vt 0.053033 -0.053033 0.000000
vt 0.129904 -0.075000 0.000000
vt -0.294579 -0.113225 0.000000
vt -0.300000 -0.170000 0.000000
vt -0.170000 -0.170000 0.000000
vt -0.294579 -0.226775 0.000000
vt -0.164659 -0.212277 0.000000
vt -0.278510 -0.281499 0.000000
vt -0.148972 -0.251898 0.000000
vt -0.252376 -0.332192 0.000000
vt -0.123925 -0.286373 0.000000
vt -0.217120 -0.377024 0.000000
vt -0.174017 -0.414373 0.000000
vt -0.091091 -0.313536 0.000000
vt -0.124625 -0.442890 0.000000
vt -0.052533 -0.331680 0.000000
vt -0.070728 -0.461543 0.000000
vt -0.010674 -0.339665 0.000000
vt -0.014275 -0.469660 0.000000
vt 0.042694 -0.466946 0.000000
vt 0.031855 -0.336989 0.000000
vt 0.098120 -0.453500 0.000000
vt 0.072382 -0.323821 0.000000
vt 0.150000 -0.429808 0.000000
vt 0.108362 -0.300987 0.000000
vt 0.196458 -0.396725 0.000000
vt 0.235816 -0.355448 0.000000
vt 0.137533 -0.269923 0.000000
vt 0.266651 -0.307468 0.000000
vt 0.158062 -0.232581 0.000000
vt 0.287848 -0.254520 0.000000
vt 0.168659 -0.191307 0.000000
vt 0.298642 -0.198517 0.000000
vt 0.168659 -0.148693 0.000000
vt 0.298642 -0.141483 0.000000
vt 0.287848 -0.085480 0.000000
vt 0.158062 -0.107419 0.000000
vt 0.266651 -0.032532 0.000000
vt 0.137533 -0.070077 0.000000
vt 0.235816 0.015448 0.000000
vt 0.108362 -0.039013 0.000000
vt 0.196458 0.056725 0.000000
vt 0.150000 0.089808 0.000000
vt 0.072382 -0.016179 0.000000
vt 0.098120 0.113500 0.000000
vt 0.031855 -0.003011 0.000000
vt 0.042694 0.126946 0.000000
vt -0.010674 -0.000335 0.000000
vt -0.014275 0.129660 0.000000
vt -0.070728 0.121543 0.000000
vt -0.052533 -0.008320 0.000000
vt -0.124625 0.102890 0.000000
vt -0.091091 -0.026464 0.000000
vt -0.174017 0.074373 0.000000
vt -0.123925 -0.053627 0.000000
vt -0.217120 0.037024 0.000000
vt -0.252376 -0.007808 0.000000
vt -0.148972 -0.088102 0.000000
vt -0.278510 -0.058501 0.000000
vt -0.164659 -0.127723 0.000000
vt -0.294579 -0.113225 0.000000
vt -0.300000 -0.170000 0.000000
vt -0.170000 -0.170000 0.000000
vt -0.294579 -0.226775 0.000000
vt -0.164659 -0.212277 0.000000
vt -0.278510 -0.281499 0.000000
vt -0.148972 -0.251898 0.000000
vt -0.252376 -0.332192 0.000000
vt -0.123925 -0.286373 0.000000
vt -0.217120 -0.377024 0.000000
vt -0.174017 -0.414373 0.000000
vt -0.091091 -0.313536 0.000000
vt -0.124625 -0.442890 0.000000
vt -0.052533 -0.331680 0.000000
vt -0.070728 -0.461543 0.000000
vt -0.010674 -0.339665 0.000000
vt -0.014275 -0.469660 0.000000
vt 0.042694 -0.466946 0.000000
vt 0.031855 -0.336989 0.000000
vt 0.098120 -0.453500 0.000000
vt 0.072382 -0.323821 0.000000
vt 0.150000 -0.429808 0.000000
vt 0.108362 -0.300987 0.000000
vt 0.196458 -0.396725 0.000000
vt 0.235816 -0.355448 0.000000
vt 0.137533 -0.269923 0.000000
vt 0.266651 -0.307468 0.000000
vt 0.158062 -0.232581 0.000000
vt 0.287848 -0.254520 0.000000
vt 0.168659 -0.191307 0.000000
vt 0.298642 -0.198517 0.000000
vt 0.168659 -0.148693 0.000000
vt 0.298642 -0.141483 0.000000
vt 0.287848 -0.085480 0.000000
vt 0.158062 -0.107419 0.000000
vt 0.266651 -0.032532 0.000000
vt 0.137533 -0.070077 0.000000
vt 0.235816 0.015448 0.000000
vt 0.108362 -0.039013 0.000000
vt 0.196458 0.056725 0.000000
vt 0.150000 0.089808 0.000000
vt 0.072382 -0.016179 0.000000
vt 0.098120 0.113500 0.000000
vt 0.031855 -0.003011 0.000000
vt 0.042694 0.126946 0.000000
vt -0.010674 -0.000335 0.000000
vt -0.014275 0.129660 0.000000
vt -0.070728 0.121543 0.000000
vt -0.052533 -0.008320 0.000000
vt -0.124625 0.102890 0.000000
vt -0.091091 -0.026464 0.000000
vt -0.174017 0.074373 0.000000
vt -0.123925 -0.053627 0.000000
vt -0.217120 0.037024 0.000000
vt -0.252376 -0.007808 0.000000
vt -0.148972 -0.088102 0.000000
vt -0.278510 -0.058501 0.000000
vt -0.164659 -0.127723 0.000000
vt -0.294579 -0.113225 0.000000
vt -0.300000 -0.170000 0.000000
vt -0.170000 -0.170000 0.000000
vt -0.294579 -0.226775 0.000000
vt -0.164659 -0.212277 0.000000
vt -0.278510 -0.281499 0.000000
vt -0.148972 -0.251898 0.000000
vt -0.252376 -0.332192 0.000000
vt -0.123925 -0.286373 0.000000
vt -0.217120 -0.377024 0.000000
vt -0.174017 -0.414373 0.000000
vt -0.091091 -0.313536 0.000000
vt -0.124625 -0.442890 0.000000
vt -0.052533 -0.331680 0.000000
vt -0.070728 -0.461543 0.000000
vt -0.010674 -0.339665 0.000000
vt -0.014275 -0.469660 0.000000
vt 0.042694 -0.466946 0.000000
vt 0.031855 -0.336989 0.000000
vt 0.098120 -0.453500 0.000000
vt 0.072382 -0.323821 0.000000
vt 0.150000 -0.429808 0.000000
vt 0.108362 -0.300987 0.000000
vt 0.196458 -0.396725 0.000000
vt 0.235816 -0.355448 0.000000
vt 0.137533 -0.269923 0.000000
vt 0.266651 -0.307468 0.000000
vt 0.158062 -0.232581 0.000000
vt 0.287848 -0.254520 0.000000
vt 0.168659 -0.191307 0.000000
vt 0.298642 -0.198517 0.000000
vt 0.168659 -0.148693 0.000000
vt 0.298642 -0.141483 0.000000
vt 0.287848 -0.085480 0.000000
vt 0.158062 -0.107419 0.000000
vt 0.266651 -0.032532 0.000000
vt 0.137533 -0.070077 0.000000
vt 0.235816 0.015448 0.000000
vt 0.108362 -0.039013 0.000000
vt 0.196458 0.056725 0.000000
vt 0.150000 0.089808 0.000000
vt 0.072382 -0.016179 0.000000
vt 0.098120 0.113500 0.000000
vt 0.031855 -0.003011 0.000000
vt 0.042694 0.126946 0.000000
vt -0.010674 -0.000335 0.000000
vt -0.014275 0.129660 0.000000
vt -0.070728 0.121543 0.000000
vt -0.052533 -0.008320 0.000000
vt -0.124625 0.102890 0.000000
vt -0.091091 -0.026464 0.000000
vt -0.174017 0.074373 0.000000
vt -0.123925 -0.053627 0.000000
vt -0.217120 0.037024 0.000000
vt -0.252376 -0.007808 0.000000
vt -0.148972 -0.088102 0.000000
vt -0.278510 -0.058501 0.000000
vt -0.164659 -0.127723 0.000000
vt -0.660000 0.491345 0.000000
vt -0.340000 0.491345 0.000000
vt -0.660000 0.534071 0.000000
vt -0.340000 0.534071 0.000000
vt -0.660000 -0.534071 0.000000
vt -0.340000 -0.534071 0.000000
vt -0.660000 -0.491345 0.000000
vt -0.340000 -0.491345 0.000000
vt -0.660000 -0.448619 0.000000
vt -0.340000 -0.448619 0.000000
vt -0.660000 -0.405894 0.000000
vt -0.340000 -0.405894 0.000000
vt -0.660000 -0.363168 0.000000
vt -0.340000 -0.363168 0.000000
vt -0.660000 -0.320442 0.000000
vt -0.340000 -0.320442 0.000000
vt -0.660000 -0.277717 0.000000
vt -0.340000 -0.277717 0.000000
vt -0.660000 -0.234991 0.000000
vt -0.340000 -0.234991 0.000000
vt -0.660000 -0.192265 0.000000
vt -0.340000 -0.192265 0.000000
vt -0.660000 -0.149540 0.000000
vt -0.340000 -0.149540 0.000000
vt -0.660000 -0.106814 0.000000
vt -0.340000 -0.106814 0.000000
vt -0.660000 -0.064088 0.000000
vt -0.340000 -0.064088 0.000000
vt -0.660000 -0.021363 0.000000
vt -0.340000 -0.021363 0.000000
vt -0.660000 0.021363 0.000000
vt -0.340000 0.021363 0.000000
vt -0.660000 0.064088 0.000000
vt -0.340000 0.064088 0.000000
vt -0.660000 0.106814 0.000000
vt -0.340000 0.106814 0.000000
vt -0.660000 0.149540 0.000000
vt -0.340000 0.149540 0.000000
vt -0.660000 0.192265 0.000000
vt -0.340000 0.192265 0.000000
vt -0.660000 0.234991 0.000000
vt -0.340000 0.234991 0.000000
vt -0.660000 0.277717 0.000000
vt -0.340000 0.277717 0.000000
vt -0.660000 0.320442 0.000000
vt -0.340000 0.320442 0.000000
vt -0.660000 0.363168 0.000000
vt -0.340000 0.363168 0.000000
vt -0.660000 0.405894 0.000000
vt -0.340000 0.405894 0.000000
vt -0.660000 0.448619 0.000000
vt -0.340000 0.448619 0.000000
vt -0.660000 0.491345 0.000000
vt -0.340000 0.491345 0.000000
vt -0.660000 0.534071 0.000000
vt -0.340000 0.534071 0.000000
vt -0.660000 -0.534071 0.000000
vt -0.340000 -0.534071 0.000000
vt -0.660000 -0.491345 0.000000
vt -0.340000 -0.491345 0.000000
vt -0.660000 -0.448619 0.000000
vt -0.340000 -0.448619 0.000000
vt -0.660000 -0.405894 0.000000
vt -0.340000 -0.405894 0.000000
vt -0.660000 -0.363168 0.000000
vt -0.340000 -0.363168 0.000000
vt -0.660000 -0.320442 0.000000
vt -0.340000 -0.320442 0.000000
vt -0.660000 -0.277717 0.000000
vt -0.340000 -0.277717 0.000000
vt -0.660000 -0.234991 0.000000
vt -0.340000 -0.234991 0.000000
vt -0.660000 -0.192265 0.000000
vt -0.340000 -0.192265 0.000000
vt -0.660000 -0.149540 0.000000
vt -0.340000 -0.149540 0.000000
vt -0.660000 -0.106814 0.000000
vt -0.340000 -0.106814 0.000000
vt -0.660000 -0.064088 0.000000
vt -0.340000 -0.064088 0.000000
vt -0.660000 -0.021363 0.000000
vt -0.340000 -0.021363 0.000000
vt -0.660000 0.021363 0.000000
vt -0.340000 0.021363 0.000000
vt -0.660000 0.064088 0.000000
vt -0.340000 0.064088 0.000000
vt -0.660000 0.106814 0.000000
vt -0.340000 0.106814 0.000000
vt -0.660000 0.149540 0.000000
vt -0.340000 0.149540 0.000000
vt -0.660000 0.192265 0.000000
vt -0.340000 0.192265 0.000000
vt -0.660000 0.234991 0.000000
vt -0.340000 0.234991 0.000000
vt -0.660000 0.277717 0.000000
vt -0.340000 0.277717 0.000000
vt -0.660000 0.320442 0.000000
vt -0.340000 0.320442 0.000000
vt -0.660000 0.363168 0.000000
vt -0.340000 0.363168 0.000000
vt -0.660000 0.405894 0.000000
vt -0.340000 0.405894 0.000000
vt -0.660000 0.448619 0.000000
vt -0.340000 0.448619 0.000000
vt -0.660000 0.491345 0.000000
vt -0.340000 0.491345 0.000000
vt -0.660000 0.534071 0.000000
vt -0.340000 0.534071 0.000000
vt -0.660000 -0.534071 0.000000
vt -0.340000 -0.534071 0.000000
vt -0.660000 -0.491345 0.000000
vt -0.340000 -0.491345 0.000000
vt -0.660000 -0.448619 0.000000
vt -0.340000 -0.448619 0.000000
vt -0.660000 -0.405894 0.000000
vt -0.340000 -0.405894 0.000000
vt -0.660000 -0.363168 0.000000
vt -0.340000 -0.363168 0.000000
vt -0.660000 -0.320442 0.000000
vt -0.340000 -0.320442 0.000000
vt -0.660000 -0.277717 0.000000
vt -0.340000 -0.277717 0.000000
vt -0.660000 -0.234991 0.000000
vt -0.340000 -0.234991 0.000000
vt -0.660000 -0.192265 0.000000
vt -0.340000 -0.192265 0.000000
vt -0.660000 -0.149540 0.000000
vt -0.340000 -0.149540 0.000000
vt -0.660000 -0.106814 0.000000
vt -0.340000 -0.106814 0.000000
vt -0.660000 -0.064088 0.000000
vt -0.340000 -0.064088 0.000000
vt -0.660000 -0.021363 0.000000
vt -0.340000 -0.021363 0.000000
vt -0.660000 0.021363 0.000000
vt -0.340000 0.021363 0.000000
vt -0.660000 0.064088 0.000000
vt -0.340000 0.064088 0.000000
vt -0.660000 0.106814 0.000000
vt -0.340000 0.106814 0.000000
vt -0.660000 0.149540 0.000000
vt -0.340000 0.149540 0.000000
vt -0.660000 0.192265 0.000000
vt -0.340000 0.192265 0.000000
vt -0.660000 0.234991 0.000000
vt -0.340000 0.234991 0.000000
vt -0.660000 0.277717 0.000000
vt -0.340000 0.277717 0.000000
vt -0.660000 0.320442 0.000000
vt -0.340000 0.320442 0.000000
vt -0.660000 0.363168 0.000000
vt -0.340000 0.363168 0.000000
vt -0.660000 0.405894 0.000000
vt -0.340000 0.405894 0.000000
vt -0.660000 0.448619 0.000000
vt -0.340000 0.448619 0.000000
vt 0.300000 -0.431969 0.000000
vt -0.000000 -0.431969 0.000000
vt 0.300000 -0.471239 0.000000
vt 0.000000 -0.471239 0.000000
vt 0.300000 0.471239 0.000000
vt 0.000000 0.471239 0.000000
vt 0.300000 0.431969 0.000000
vt 0.000000 0.431969 0.000000
vt 0.300000 0.392699 0.000000
vt 0.000000 0.392699 0.000000
vt 0.300000 0.353429 0.000000
vt 0.000000 0.353429 0.000000
vt 0.300000 0.314159 0.000000
vt 0.000000 0.314159 0.000000
vt 0.300000 0.274889 0.000000
vt 0.000000 0.274889 0.000000
vt 0.300000 0.235619 0.000000
vt 0.000000 0.235619 0.000000
vt 0.300000 0.196350 0.000000
vt 0.000000 0.196350 0.000000
vt 0.300000 0.157080 0.000000
vt 0.000000 0.157080 0.000000
vt 0.300000 0.117810 0.000000
vt 0.000000 0.117810 0.000000
vt 0.300000 0.078540 0.000000
vt 0.000000 0.078540 0.000000
vt 0.300000 0.039270 0.000000
vt 0.000000 0.039270 0.000000
vt 0.300000 -0.000000 0.000000
vt -0.000000 -0.000000 0.000000
vt 0.300000 -0.039270 0.000000
vt -0.000000 -0.039270 0.000000
vt 0.300000 -0.078540 0.000000
vt -0.000000 -0.078540 0.000000
vt 0.300000 -0.117810 0.000000
vt -0.000000 -0.117810 0.000000
vt 0.300000 -0.157080 0.000000
vt -0.000000 -0.157080 0.000000
vt 0.300000 -0.196350 0.000000
vt -0.000000 -0.196350 0.000000
vt 0.300000 -0.235619 0.000000
vt -0.000000 -0.235619 0.000000
vt 0.300000 -0.274889 0.000000
vt -0.000000 -0.274889 0.000000
vt 0.300000 -0.314159 0.000000
vt -0.000000 -0.314159 0.000000
vt 0.300000 -0.353429 0.000000
vt -0.000000 -0.353429 0.000000
vt 0.300000 -0.392699 0.000000
vt -0.000000 -0.392699 0.000000
vt 0.300000 -0.431969 0.000000
vt -0.000000 -0.431969 0.000000
vt 0.300000 -0.471239 0.000000
vt 0.000000 -0.471239 0.000000
vt 0.300000 0.471239 0.000000
vt 0.000000 0.471239 0.000000
vt 0.300000 0.431969 0.000000
vt 0.000000 0.431969 0.000000
vt 0.300000 0.392699 0.000000
vt 0.000000 0.392699 0.000000
vt 0.300000 0.353429 0.000000
vt 0.000000 0.353429 0.000000
vt 0.300000 0.314159 0.000000
vt 0.000000 0.314159 0.000000
vt 0.300000 0.274889 0.000000
vt 0.000000 0.274889 0.000000
vt 0.300000 0.235619 0.000000
vt 0.000000 0.235619 0.000000
vt 0.300000 0.196350 0.000000
vt 0.000000 0.196350 0.000000
vt 0.300000 0.157080 0.000000
vt 0.000000 0.157080 0.000000
vt 0.300000 0.117810 0.000000
vt 0.000000 0.117810 0.000000
vt 0.300000 0.078540 0.000000
vt 0.000000 0.078540 0.000000
vt 0.300000 0.039270 0.000000
vt 0.000000 0.039270 0.000000
vt 0.300000 0.000000 0.000000
vt -0.000000 -0.000000 0.000000
vt 0.300000 -0.039270 0.000000
vt -0.000000 -0.039270 0.000000
vt 0.300000 -0.078540 0.000000
vt -0.000000 -0.078540 0.000000
vt 0.300000 -0.117810 0.000000
vt -0.000000 -0.117810 0.000000
vt 0.300000 -0.157080 0.000000
vt -0.000000 -0.157080 0.000000
vt 0.300000 -0.196350 0.000000
vt -0.000000 -0.196350 0.000000
vt 0.300000 -0.235619 0.000000
vt -0.000000 -0.235619 0.000000
vt 0.300000 -0.274889 0.000000
vt -0.000000 -0.274889 0.000000
vt 0.300000 -0.314159 0.000000
vt -0.000000 -0.314159 0.000000
vt 0.300000 -0.353429 0.000000
vt -0.000000 -0.353429 0.000000
vt 0.300000 -0.392699 0.000000
vt -0.000000 -0.392699 0.000000
vt 0.300000 -0.431969 0.000000
vt -0.000000 -0.431969 0.000000
vt 0.300000 -0.471239 0.000000
vt 0.000000 -0.471239 0.000000
vt 0.300000 0.471239 0.000000
vt 0.000000 0.471239 0.000000
vt 0.300000 0.431969 0.000000
vt 0.000000 0.431969 0.000000
vt 0.300000 0.392699 0.000000
vt 0.000000 0.392699 0.000000
vt 0.300000 0.353429 0.000000
vt 0.000000 0.353429 0.000000
vt 0.300000 0.314159 0.000000
vt 0.000000 0.314159 0.000000
vt 0.300000 0.274889 0.000000
vt 0.000000 0.274889 0.000000
vt 0.300000 0.235619 0.000000
vt 0.000000 0.235619 0.000000
vt 0.300000 0.196350 0.000000
vt 0.000000 0.196350 0.000000
vt 0.300000 0.157080 0.000000
vt 0.000000 0.157080 0.000000
vt 0.300000 0.117810 0.000000
vt 0.000000 0.117810 0.000000
vt 0.300000 0.078540 0.000000
vt 0.000000 0.078540 0.000000
vt 0.300000 0.039270 0.000000
vt 0.000000 0.039270 0.000000
vt 0.300000 -0.000000 0.000000
vt -0.000000 0.000000 0.000000
vt 0.300000 -0.039270 0.000000
vt -0.000000 -0.039270 0.000000
vt 0.300000 -0.078540 0.000000
vt -0.000000 -0.078540 0.000000
vt 0.300000 -0.117810 0.000000
vt -0.000000 -0.117810 0.000000
vt 0.300000 -0.157080 0.000000
vt -0.000000 -0.157080 0.000000
vt 0.300000 -0.196350 0.000000
vt -0.000000 -0.196350 0.000000
vt 0.300000 -0.235619 0.000000
vt -0.000000 -0.235619 0.000000
vt 0.300000 -0.274889 0.000000
vt -0.000000 -0.274889 0.000000
vt 0.300000 -0.314159 0.000000
vt -0.000000 -0.314159 0.000000
vt 0.300000 -0.353429 0.000000
vt -0.000000 -0.353429 0.000000
vt 0.300000 -0.392699 0.000000
vt -0.000000 -0.392699 0.000000
vt 0.400000 -3.036873 0.000000
vt -0.230000 -3.036873 0.000000
vt 0.400000 -3.141593 0.000000
vt -0.230000 -3.141593 0.000000
vt 0.400000 3.141593 0.000000
vt -0.230000 3.141593 0.000000
vt 0.400000 3.036873 0.000000
vt -0.230000 3.036873 0.000000
vt 0.400000 2.932153 0.000000
vt -0.230000 2.932153 0.000000
vt 0.400000 2.827433 0.000000
vt -0.230000 2.827433 0.000000
vt 0.400000 2.722714 0.000000
vt -0.230000 2.722714 0.000000
vt 0.400000 2.617994 0.000000
vt -0.230000 2.617994 0.000000
vt 0.400000 2.513274 0.000000
vt -0.230000 2.513274 0.000000
vt 0.400000 2.408554 0.000000
vt -0.230000 2.408554 0.000000
vt 0.400000 2.303835 0.000000
vt -0.230000 2.303835 0.000000
vt 0.400000 2.199115 0.000000
vt -0.230000 2.199115 0.000000
vt 0.400000 2.094395 0.000000
vt -0.230000 2.094395 0.000000
vt 0.400000 1.989675 0.000000
vt -0.230000 1.989675 0.000000
vt 0.400000 1.884956 0.000000
vt -0.230000 1.884956 0.000000
vt 0.400000 1.780236 0.000000
vt -0.230000 1.780236 0.000000
vt 0.400000 1.675516 0.000000
vt -0.230000 1.675516 0.000000
vt 0.400000 1.570796 0.000000
vt -0.230000 1.570796 0.000000
vt 0.400000 1.466077 0.000000
vt -0.230000 1.466077 0.000000
vt 0.400000 1.361357 0.000000
vt -0.230000 1.361357 0.000000
vt 0.400000 1.256637 0.000000
vt -0.230000 1.256637 0.000000
vt 0.400000 1.151917 0.000000
vt -0.230000 1.151917 0.000000
vt 0.400000 1.047198 0.000000
vt -0.230000 1.047198 0.000000
vt 0.400000 0.942478 0.000000
vt -0.230000 0.942478 0.000000
vt 0.400000 0.837758 0.000000
vt -0.230000 0.837758 0.000000
vt 0.400000 0.733038 0.000000
vt -0.230000 0.733038 0.000000
vt 0.400000 0.628319 0.000000
vt -0.230000 0.628319 0.000000
vt 0.400000 0.523599 0.000000
vt -0.230000 0.523599 0.000000
vt 0.400000 0.418879 0.000000
vt -0.230000 0.418879 0.000000
vt 0.400000 0.314159 0.000000
vt -0.230000 0.314159 0.000000
vt 0.400000 0.209440 0.000000
vt -0.230000 0.209440 0.000000
vt 0.400000 0.104720 0.000000
vt -0.230000 0.104720 0.000000
vt 0.400000 -0.000000 0.000000
vt -0.230000 0.000000 0.000000
vt 0.400000 -0.104720 0.000000
vt -0.230000 -0.104720 0.000000
vt 0.400000 -0.209440 0.000000
vt -0.230000 -0.209440 0.000000
vt 0.400000 -0.314159 0.000000
vt -0.230000 -0.314159 0.000000
vt 0.400000 -0.418879 0.000000
vt -0.230000 -0.418879 0.000000
vt 0.400000 -0.523599 0.000000
vt -0.230000 -0.523599 0.000000
vt 0.400000 -0.628319 0.000000
vt -0.230000 -0.628319 0.000000
vt 0.400000 -0.733038 0.000000
vt -0.230000 -0.733038 0.000000
vt 0.400000 -0.837758 0.000000
vt -0.230000 -0.837758 0.000000
vt 0.400000 -0.942478 0.000000
vt -0.230000 -0.942478 0.000000
vt 0.400000 -1.047198 0.000000
vt -0.230000 -1.047198 0.000000
vt 0.400000 -1.151917 0.000000
vt -0.230000 -1.151917 0.000000
vt 0.400000 -1.256637 0.000000
vt -0.230000 -1.256637 0.000000
vt 0.400000 -1.361357 0.000000
vt -0.230000 -1.361357 0.000000
vt 0.400000 -1.466077 0.000000
vt -0.230000 -1.466077 0.000000
vt 0.400000 -1.570796 0.000000
vt -0.230000 -1.570796 0.000000
vt 0.400000 -1.675516 0.000000
vt -0.230000 -1.675516 0.000000
vt 0.400000 -1.780236 0.000000
vt -0.230000 -1.780236 0.000000
vt 0.400000 -1.884956 0.000000
vt -0.230000 -1.884956 0.000000
vt 0.400000 -1.989675 0.000000
vt -0.230000 -1.989675 0.000000
vt 0.400000 -2.094395 0.000000
vt -0.230000 -2.094395 0.000000
vt 0.400000 -2.199115 0.000000
vt -0.230000 -2.199115 0.000000
vt 0.400000 -2.303835 0.000000
vt -0.230000 -2.303835 0.000000
vt 0.400000 -2.408554 0.000000
vt -0.230000 -2.408554 0.000000
vt 0.400000 -2.513274 0.000000
vt -0.230000 -2.513274 0.000000
vt 0.400000 -2.617994 0.000000
vt -0.230000 -2.617994 0.000000
vt 0.400000 -2.722714 0.000000
vt -0.230000 -2.722714 0.000000
vt 0.400000 -2.827433 0.000000
vt -0.230000 -2.827433 0.000000
vt 0.400000 -2.932153 0.000000
vt -0.230000 -2.932153 0.000000
vt 0.000000 -0.885358 0.000000
vt -0.340000 -0.885358 0.000000
vt 0.000000 -0.942478 0.000000
vt -0.340000 -0.942478 0.000000
vt 0.000000 0.942478 0.000000
vt -0.340000 0.942478 0.000000
vt -0.000000 0.885358 0.000000
vt -0.340000 0.885358 0.000000
vt -0.000000 0.828238 0.000000
vt -0.340000 0.828238 0.000000
vt -0.000000 0.771118 0.000000
vt -0.340000 0.771118 0.000000
vt -0.000000 0.713998 0.000000
vt -0.340000 0.713998 0.000000
vt -0.000000 0.656878 0.000000
vt -0.340000 0.656878 0.000000
vt -0.000000 0.599759 0.000000
vt -0.340000 0.599759 0.000000
vt -0.000000 0.542639 0.000000
vt -0.340000 0.542639 0.000000
vt -0.000000 0.485519 0.000000
vt -0.340000 0.485519 0.000000
vt -0.000000 0.428399 0.000000
vt -0.340000 0.428399 0.000000
vt -0.000000 0.371279 0.000000
vt -0.340000 0.371279 0.000000
vt -0.000000 0.314159 0.000000
vt -0.340000 0.314159 0.000000
vt -0.000000 0.257039 0.000000
vt -0.340000 0.257039 0.000000
vt -0.000000 0.199920 0.000000
vt -0.340000 0.199920 0.000000
vt -0.000000 0.142800 0.000000
vt -0.340000 0.142800 0.000000
vt -0.000000 0.085680 0.000000
vt -0.340000 0.085680 0.000000
vt -0.000000 0.028560 0.000000
vt -0.340000 0.028560 0.000000
vt -0.000000 -0.028560 0.000000
vt -0.340000 -0.028560 0.000000
vt 0.000000 -0.085680 0.000000
vt -0.340000 -0.085680 0.000000
vt 0.000000 -0.142800 0.000000
vt -0.340000 -0.142800 0.000000
vt 0.000000 -0.199920 0.000000
vt -0.340000 -0.199920 0.000000
vt 0.000000 -0.257039 0.000000
vt -0.340000 -0.257039 0.000000
vt 0.000000 -0.314159 0.000000
vt -0.340000 -0.314159 0.000000
vt 0.000000 -0.371279 0.000000
vt -0.340000 -0.371279 0.000000
vt 0.000000 -0.428399 0.000000
vt -0.340000 -0.428399 0.000000
vt 0.000000 -0.485519 0.000000
vt -0.340000 -0.485519 0.000000
vt 0.000000 -0.542639 0.000000
vt -0.340000 -0.542639 0.000000
vt 0.000000 -0.599759 0.000000
vt -0.340000 -0.599759 0.000000
vt 0.000000 -0.656878 0.000000
vt -0.340000 -0.656878 0.000000
vt 0.000000 -0.713998 0.000000
vt -0.340000 -0.713998 0.000000
vt 0.000000 -0.771118 0.000000
vt -0.340000 -0.771118 0.000000
vt 0.000000 -0.828238 0.000000
vt -0.340000 -0.828238 0.000000
vt 0.000000 -0.885358 0.000000
vt -0.340000 -0.885358 0.000000
vt 0.000000 -0.942478 0.000000
vt -0.340000 -0.942478 0.000000
vt 0.000000 0.942478 0.000000
vt -0.340000 0.942478 0.000000
vt -0.000000 0.885358 0.000000
vt -0.340000 0.885358 0.000000
vt -0.000000 0.828238 0.000000
vt -0.340000 0.828238 0.000000
vt -0.000000 0.771118 0.000000
vt -0.340000 0.771118 0.000000
vt -0.000000 0.713998 0.000000
vt -0.340000 0.713998 0.000000
vt -0.000000 0.656878 0.000000
vt -0.340000 0.656878 0.000000
vt -0.000000 0.599759 0.000000
vt -0.340000 0.599759 0.000000
vt -0.000000 0.542639 0.000000
vt -0.340000 0.542639 0.000000
vt -0.000000 0.485519 0.000000
vt -0.340000 0.485519 0.000000
vt -0.000000 0.428399 0.000000
vt -0.340000 0.428399 0.000000
vt -0.000000 0.371279 0.000000
vt -0.340000 0.371279 0.000000
vt -0.000000 0.314159 0.000000
vt -0.340000 0.314159 0.000000
vt -0.000000 0.257039 0.000000
vt -0.340000 0.257039 0.000000
vt -0.000000 0.199920 0.000000
vt -0.340000 0.199920 0.000000
vt -0.000000 0.142800 0.000000
vt -0.340000 0.142800 0.000000
vt -0.000000 0.085680 0.000000
vt -0.340000 0.085680 0.000000
vt -0.000000 0.028560 0.000000
vt -0.340000 0.028560 0.000000
vt -0.000000 -0.028560 0.000000
vt -0.340000 -0.028560 0.000000
vt 0.000000 -0.085680 0.000000
vt -0.340000 -0.085680 0.000000
vt 0.000000 -0.142800 0.000000
vt -0.340000 -0.142800 0.000000
vt 0.000000 -0.199920 0.000000
vt -0.340000 -0.199920 0.000000
vt 0.000000 -0.257039 0.000000
vt -0.340000 -0.257039 0.000000
vt 0.000000 -0.314159 0.000000
vt -0.340000 -0.314159 0.000000
vt 0.000000 -0.371279 0.000000
vt -0.340000 -0.371279 0.000000
vt 0.000000 -0.428399 0.000000
vt -0.340000 -0.428399 0.000000
vt 0.000000 -0.485519 0.000000
vt -0.340000 -0.485519 0.000000
vt 0.000000 -0.542639 0.000000
vt -0.340000 -0.542639 0.000000
vt 0.000000 -0.599759 0.000000
vt -0.340000 -0.599759 0.000000
vt 0.000000 -0.656878 0.000000
vt -0.340000 -0.656878 0.000000
vt 0.000000 -0.713998 0.000000
vt -0.340000 -0.713998 0.000000
vt 0.000000 -0.771118 0.000000
vt -0.340000 -0.771118 0.000000
vt 0.000000 -0.828238 0.000000
vt -0.340000 -0.828238 0.000000
vt 0.000000 -0.885358 0.000000
vt -0.340000 -0.885358 0.000000
vt 0.000000 -0.942478 0.000000
vt -0.340000 -0.942478 0.000000
vt 0.000000 0.942478 0.000000
vt -0.340000 0.942478 0.000000
vt -0.000000 0.885358 0.000000
vt -0.340000 0.885358 0.000000
vt -0.000000 0.828238 0.000000
vt -0.340000 0.828238 0.000000
vt -0.000000 0.771118 0.000000
vt -0.340000 0.771118 0.000000
vt -0.000000 0.713998 0.000000
vt -0.340000 0.713998 0.000000
vt -0.000000 0.656878 0.000000
vt -0.340000 0.656878 0.000000
vt -0.000000 0.599759 0.000000
vt -0.340000 0.599759 0.000000
vt -0.000000 0.542639 0.000000
vt -0.340000 0.542639 0.000000
vt -0.000000 0.485519 0.000000
vt -0.340000 0.485519 0.000000
vt -0.000000 0.428399 0.000000
vt -0.340000 0.428399 0.000000
vt -0.000000 0.371279 0.000000
vt -0.340000 0.371279 0.000000
vt -0.000000 0.314159 0.000000
vt -0.340000 0.314159 0.000000
vt -0.000000 0.257039 0.000000
vt -0.340000 0.257039 0.000000
vt -0.000000 0.199920 0.000000
vt -0.340000 0.199920 0.000000
vt -0.000000 0.142800 0.000000
vt -0.340000 0.142800 0.000000
vt -0.000000 0.085680 0.000000
vt -0.340000 0.085680 0.000000
vt -0.000000 0.028560 0.000000
vt -0.340000 0.028560 0.000000
vt -0.000000 -0.028560 0.000000
vt -0.340000 -0.028560 0.000000
vt 0.000000 -0.085680 0.000000
vt -0.340000 -0.085680 0.000000
vt 0.000000 -0.142800 0.000000
vt -0.340000 -0.142800 0.000000
vt 0.000000 -0.199920 0.000000
vt -0.340000 -0.199920 0.000000
vt 0.000000 -0.257039 0.000000
vt -0.340000 -0.257039 0.000000
vt 0.000000 -0.314159 0.000000
vt -0.340000 -0.314159 0.000000
vt 0.000000 -0.371279 0.000000
vt -0.340000 -0.371279 0.000000
vt 0.000000 -0.428399 0.000000
vt -0.340000 -0.428399 0.000000
vt 0.000000 -0.485519 0.000000
vt -0.340000 -0.485519 0.000000
vt 0.000000 -0.542639 0.000000
vt -0.340000 -0.542639 0.000000
vt 0.000000 -0.599759 0.000000
vt -0.340000 -0.599759 0.000000
vt 0.000000 -0.656878 0.000000
vt -0.340000 -0.656878 0.000000
vt 0.000000 -0.713998 0.000000
vt -0.340000 -0.713998 0.000000
vt 0.000000 -0.771118 0.000000
vt -0.340000 -0.771118 0.000000
vt 0.000000 -0.828238 0.000000
vt -0.340000 -0.828238 0.000000
vt 0.000000 3.084168 0.000000
vt 0.000000 3.188717 0.000000
vt -0.042426 3.188717 0.000000
vt -0.042426 -3.188717 0.000000
vt 0.000000 -3.188717 0.000000
vt 0.000000 -3.084168 0.000000
vt -0.042426 -3.082426 0.000000
vt 0.000000 -2.979620 0.000000
vt -0.042426 -2.976135 0.000000
vt 0.000000 -2.875072 0.000000
vt -0.042426 -2.869845 0.000000
vt 0.000000 -2.770524 0.000000
vt -0.042426 -2.763554 0.000000
vt 0.000000 -2.665976 0.000000
vt -0.042426 -2.657264 0.000000
vt 0.000000 -2.561428 0.000000
vt -0.042426 -2.550973 0.000000
vt -0.000000 -2.456880 0.000000
vt -0.042426 -2.444683 0.000000
vt -0.000000 -2.352332 0.000000
vt -0.042426 -2.338392 0.000000
vt -0.000000 -2.247784 0.000000
vt -0.042426 -2.232102 0.000000
vt -0.000000 -2.143236 0.000000
vt -0.042426 -2.125811 0.000000
vt -0.000000 -2.038688 0.000000
vt -0.042426 -2.019520 0.000000
vt -0.000000 -1.934140 0.000000
vt -0.042426 -1.913230 0.000000
vt -0.000000 -1.829591 0.000000
vt -0.042426 -1.806939 0.000000
vt -0.000000 -1.725043 0.000000
vt -0.042426 -1.700649 0.000000
vt -0.000000 -1.620495 0.000000
vt -0.042426 -1.594358 0.000000
vt -0.000000 -1.515947 0.000000
vt -0.042426 -1.488068 0.000000
vt -0.000000 -1.411399 0.000000
vt -0.042426 -1.381777 0.000000
vt -0.000000 -1.306851 0.000000
vt -0.042426 -1.275487 0.000000
vt -0.000000 -1.202303 0.000000
vt -0.042426 -1.169196 0.000000
vt -0.000000 -1.097755 0.000000
vt -0.042426 -1.062906 0.000000
vt -0.000000 -0.993207 0.000000
vt -0.042426 -0.956615 0.000000
vt -0.000000 -0.888659 0.000000
vt -0.042426 -0.850324 0.000000
vt -0.000000 -0.784111 0.000000
vt -0.042426 -0.744034 0.000000
vt -0.000000 -0.679563 0.000000
vt -0.042426 -0.637743 0.000000
vt 0.000000 -0.575014 0.000000
vt -0.042426 -0.531453 0.000000
vt 0.000000 -0.470466 0.000000
vt -0.042426 -0.425162 0.000000
vt 0.000000 -0.365918 0.000000
vt -0.042426 -0.318872 0.000000
vt 0.000000 -0.261370 0.000000
vt -0.042426 -0.212581 0.000000
vt 0.000000 -0.156822 0.000000
vt -0.042426 -0.106291 0.000000
vt -0.000000 -0.052274 0.000000
vt -0.042426 -0.000000 0.000000
vt -0.000000 0.052274 0.000000
vt -0.042426 0.106291 0.000000
vt -0.000000 0.156822 0.000000
vt -0.042426 0.212581 0.000000
vt -0.000000 0.261370 0.000000
vt -0.042426 0.318872 0.000000
vt -0.000000 0.365918 0.000000
vt -0.042426 0.425162 0.000000
vt -0.000000 0.470466 0.000000
vt -0.042426 0.531453 0.000000
vt -0.000000 0.575014 0.000000
vt -0.042426 0.637743 0.000000
vt 0.000000 0.679563 0.000000
vt -0.042426 0.744034 0.000000
vt 0.000000 0.784111 0.000000
vt -0.042426 0.850324 0.000000
vt 0.000000 0.888659 0.000000
vt -0.042426 0.956615 0.000000
vt 0.000000 0.993207 0.000000
vt -0.042426 1.062906 0.000000
vt 0.000000 1.097755 0.000000
vt -0.042426 1.169196 0.000000
vt 0.000000 1.202303 0.000000
vt -0.042426 1.275487 0.000000
vt 0.000000 1.306851 0.000000
vt -0.042426 1.381777 0.000000
vt 0.000000 1.411399 0.000000
vt -0.042426 1.488068 0.000000
vt 0.000000 1.515947 0.000000
vt -0.042426 1.594358 0.000000
vt 0.000000 1.620495 0.000000
vt -0.042426 1.700649 0.000000
vt 0.000000 1.725043 0.000000
vt -0.042426 1.806939 0.000000
vt 0.000000 1.829591 0.000000
vt -0.042426 1.913230 0.000000
vt 0.000000 1.934140 0.000000
vt -0.042426 2.019520 0.000000
vt 0.000000 2.038688 0.000000
vt -0.042426 2.125811 0.000000
vt 0.000000 2.143236 0.000000
vt -0.042426 2.232102 0.000000
vt 0.000000 2.247784 0.000000
vt -0.042426 2.338392 0.000000
vt 0.000000 2.352332 0.000000
vt -0.042426 2.444683 0.000000
vt 0.000000 2.456880 0.000000
vt -0.042426 2.550973 0.000000
vt -0.000000 2.561428 0.000000
vt -0.042426 2.657264 0.000000
vt -0.000000 2.665976 0.000000
vt -0.042426 2.763554 0.000000
vt -0.000000 2.770524 0.000000
vt -0.042426 2.869845 0.000000
vt -0.000000 2.875072 0.000000
vt -0.042426 2.976135 0.000000
vt -0.000000 2.979620 0.000000
vt -0.042426 3.082426 0.000000
vt 0.960000 -0.215984 0.000000
vt 0.600000 -0.215984 0.000000
vt 0.960000 -0.235619 0.000000
vt 0.600000 -0.235619 0.000000
vt 0.960000 0.235619 0.000000
vt 0.600000 0.235619 0.000000
vt 0.960000 0.215984 0.000000
vt 0.600000 0.215984 0.000000
vt 0.960000 0.196350 0.000000
vt 0.600000 0.196350 0.000000
vt 0.960000 0.176715 0.000000
vt 0.600000 0.176715 0.000000
vt 0.960000 0.157080 0.000000
vt 0.600000 0.157080 0.000000
vt 0.960000 0.137445 0.000000
vt 0.600000 0.137445 0.000000
vt 0.960000 0.117810 0.000000
vt 0.600000 0.117810 0.000000
vt 0.960000 0.098175 0.000000
vt 0.600000 0.098175 0.000000
vt 0.960000 0.078540 0.000000
vt 0.600000 0.078540 0.000000
vt 0.960000 0.058905 0.000000
vt 0.600000 0.058905 0.000000
vt 0.960000 0.039270 0.000000
vt 0.600000 0.039270 0.000000
vt 0.960000 0.019635 0.000000
vt 0.600000 0.019635 0.000000
vt 0.960000 0.000000 0.000000
vt 0.600000 0.000000 0.000000
vt 0.960000 -0.019635 0.000000
vt 0.600000 -0.019635 0.000000
vt 0.960000 -0.039270 0.000000
vt 0.600000 -0.039270 0.000000
vt 0.960000 -0.058905 0.000000
vt 0.600000 -0.058905 0.000000
vt 0.960000 -0.078540 0.000000
vt 0.600000 -0.078540 0.000000
vt 0.960000 -0.098175 0.000000
vt 0.600000 -0.098175 0.000000
vt 0.960000 -0.117810 0.000000
vt 0.600000 -0.117810 0.000000
vt 0.960000 -0.137445 0.000000
vt 0.600000 -0.137445 0.000000
vt 0.960000 -0.157080 0.000000
vt 0.600000 -0.157080 0.000000
vt 0.960000 -0.176715 0.000000
vt 0.600000 -0.176715 0.000000
vt 0.960000 -0.196350 0.000000
vt 0.600000 -0.196350 0.000000
vt 0.960000 -0.215984 0.000000
vt 0.600000 -0.215984 0.000000
vt 0.960000 -0.235619 0.000000
vt 0.600000 -0.235619 0.000000
vt 0.960000 0.235619 0.000000
vt 0.600000 0.235619 0.000000
vt 0.960000 0.215984 0.000000
vt 0.600000 0.215984 0.000000
vt 0.960000 0.196350 0.000000
vt 0.600000 0.196350 0.000000
vt 0.960000 0.176715 0.000000
vt 0.600000 0.176715 0.000000
vt 0.960000 0.157080 0.000000
vt 0.600000 0.157080 0.000000
vt 0.960000 0.137445 0.000000
vt 0.600000 0.137445 0.000000
vt 0.960000 0.117810 0.000000
vt 0.600000 0.117810 0.000000
vt 0.960000 0.098175 0.000000
vt 0.600000 0.098175 0.000000
vt 0.960000 0.078540 0.000000
vt 0.600000 0.078540 0.000000
vt 0.960000 0.058905 0.000000
vt 0.600000 0.058905 0.000000
vt 0.960000 0.039270 0.000000
vt 0.600000 0.039270 0.000000
vt 0.960000 0.019635 0.000000
vt 0.600000 0.019635 0.000000
vt 0.960000 -0.000000 0.000000
vt 0.600000 -0.000000 0.000000
vt 0.960000 -0.019635 0.000000
vt 0.600000 -0.019635 0.000000
vt 0.960000 -0.039270 0.000000
vt 0.600000 -0.039270 0.000000
vt 0.960000 -0.058905 0.000000
vt 0.600000 -0.058905 0.000000
vt 0.960000 -0.078540 0.000000
vt 0.600000 -0.078540 0.000000
vt 0.960000 -0.098175 0.000000
vt 0.600000 -0.098175 0.000000
vt 0.960000 -0.117810 0.000000
vt 0.600000 -0.117810 0.000000
vt 0.960000 -0.137445 0.000000
vt 0.600000 -0.137445 0.000000
vt 0.960000 -0.157080 0.000000
vt 0.600000 -0.157080 0.000000
vt 0.960000 -0.176715 0.000000
vt 0.600000 -0.176715 0.000000
vt 0.960000 -0.196350 0.000000
vt 0.600000 -0.196350 0.000000
vt 0.960000 -0.215984 0.000000
vt 0.600000 -0.215984 0.000000
vt 0.960000 -0.235619 0.000000
vt 0.600000 -0.235619 0.000000
vt 0.960000 0.235619 0.000000
vt 0.600000 0.235619 0.000000
vt 0.960000 0.215984 0.000000
vt 0.600000 0.215984 0.000000
vt 0.960000 0.196350 0.000000
vt 0.600000 0.196350 0.000000
vt 0.960000 0.176715 0.000000
vt 0.600000 0.176715 0.000000
vt 0.960000 0.157080 0.000000
vt 0.600000 0.157080 0.000000
vt 0.960000 0.137445 0.000000
vt 0.600000 0.137445 0.000000
vt 0.960000 0.117810 0.000000
vt 0.600000 0.117810 0.000000
vt 0.960000 0.098175 0.000000
vt 0.600000 0.098175 0.000000
vt 0.960000 0.078540 0.000000
vt 0.600000 0.078540 0.000000
vt 0.960000 0.058905 0.000000
vt 0.600000 0.058905 0.000000
vt 0.960000 0.039270 0.000000
vt 0.600000 0.039270 0.000000
vt 0.960000 0.019635 0.000000
vt 0.600000 0.019635 0.000000
vt 0.960000 0.000000 0.000000
vt 0.600000 0.000000 0.000000
vt 0.960000 -0.019635 0.000000
vt 0.600000 -0.019635 0.000000
vt 0.960000 -0.039270 0.000000
vt 0.600000 -0.039270 0.000000
vt 0.960000 -0.058905 0.000000
vt 0.600000 -0.058905 0.000000
vt 0.960000 -0.078540 0.000000
vt 0.600000 -0.078540 0.000000
vt 0.960000 -0.098175 0.000000
vt 0.600000 -0.098175 0.000000
vt 0.960000 -0.117810 0.000000
vt 0.600000 -0.117810 0.000000
vt 0.960000 -0.137445 0.000000
vt 0.600000 -0.137445 0.000000
vt 0.960000 -0.157080 0.000000
vt 0.600000 -0.157080 0.000000
vt 0.960000 -0.176715 0.000000
vt 0.600000 -0.176715 0.000000
vt 0.960000 -0.196350 0.000000
vt 0.600000 -0.196350 0.000000
vt 0.600000 -6.474603 0.000000
vt 0.100000 -6.474603 0.000000
vt 0.600000 -6.628760 0.000000
vt 0.100000 -6.628760 0.000000
vt 0.600000 6.628760 0.000000
vt 0.100000 6.628760 0.000000
vt 0.600000 6.474603 0.000000
vt 0.100000 6.474603 0.000000
vt 0.600000 6.320446 0.000000
vt 0.100000 6.320446 0.000000
vt 0.600000 6.166289 0.000000
vt 0.100000 6.166289 0.000000
vt 0.600000 6.012132 0.000000
vt 0.100000 6.012132 0.000000
vt 0.600000 5.857974 0.000000
vt 0.100000 5.857974 0.000000
vt 0.600000 5.703817 0.000000
vt 0.100000 5.703817 0.000000
vt 0.600000 5.549660 0.000000
vt 0.100000 5.549660 0.000000
vt 0.600000 5.395503 0.000000
vt 0.100000 5.395503 0.000000
vt 0.600000 5.241346 0.000000
vt 0.100000 5.241346 0.000000
vt 0.600000 5.087188 0.000000
vt 0.100000 5.087188 0.000000
vt 0.600000 4.933031 0.000000
vt 0.100000 4.933031 0.000000
vt 0.600000 4.778874 0.000000
vt 0.100000 4.778874 0.000000
vt 0.600000 4.624717 0.000000
vt 0.100000 4.624717 0.000000
vt 0.600000 4.470559 0.000000
vt 0.100000 4.470559 0.000000
vt 0.600000 4.316402 0.000000
vt 0.100000 4.316402 0.000000
vt 0.600000 4.162245 0.000000
vt 0.100000 4.162245 0.000000
vt 0.600000 4.008088 0.000000
vt 0.100000 4.008088 0.000000
vt 0.600000 3.853931 0.000000
vt 0.100000 3.853931 0.000000
vt 0.600000 3.699773 0.000000
vt 0.100000 3.699773 0.000000
vt 0.600000 3.545616 0.000000
vt 0.100000 3.545616 0.000000
vt 0.600000 3.391459 0.000000
vt 0.100000 3.391459 0.000000
vt 0.600000 3.237302 0.000000
vt 0.100000 3.237302 0.000000
vt 0.600000 3.083144 0.000000
vt 0.100000 3.083144 0.000000
vt 0.600000 2.928987 0.000000
vt 0.100000 2.928987 0.000000
vt 0.600000 2.774830 0.000000
vt 0.100000 2.774830 0.000000
vt 0.600000 2.620673 0.000000
vt 0.100000 2.620673 0.000000
vt 0.600000 2.466516 0.000000
vt 0.100000 2.466516 0.000000
vt 0.600000 2.312358 0.000000
vt 0.100000 2.312358 0.000000
vt 0.600000 2.158201 0.000000
vt 0.100000 2.158201 0.000000
vt 0.600000 2.004044 0.000000
vt 0.100000 2.004044 0.000000
vt 0.600000 1.849887 0.000000
vt 0.100000 1.849887 0.000000
vt 0.600000 1.695729 0.000000
vt 0.100000 1.695729 0.000000
vt 0.600000 1.541572 0.000000
vt 0.100000 1.541572 0.000000
vt 0.600000 1.387415 0.000000
vt 0.100000 1.387415 0.000000
vt 0.600000 1.233258 0.000000
vt 0.100000 1.233258 0.000000
vt 0.600000 1.079101 0.000000
vt 0.100000 1.079101 0.000000
vt 0.600000 0.924943 0.000000
vt 0.100000 0.924943 0.000000
vt 0.600000 0.770786 0.000000
vt 0.100000 0.770786 0.000000
vt 0.600000 0.616629 0.000000
vt 0.100000 0.616629 0.000000
vt 0.600000 0.462472 0.000000
vt 0.100000 0.462472 0.000000
vt 0.600000 0.308314 0.000000
vt 0.100000 0.308314 0.000000
vt 0.600000 0.154157 0.000000
vt 0.100000 0.154157 0.000000
vt 0.600000 -0.000000 0.000000
vt 0.100000 -0.000000 0.000000
vt 0.600000 -0.154157 0.000000
vt 0.100000 -0.154157 0.000000
vt 0.600000 -0.308314 0.000000
vt 0.100000 -0.308314 0.000000
vt 0.600000 -0.462472 0.000000
vt 0.100000 -0.462472 0.000000
vt 0.600000 -0.616629 0.000000
vt 0.100000 -0.616629 0.000000
vt 0.600000 -0.770786 0.000000
vt 0.100000 -0.770786 0.000000
vt 0.600000 -0.924943 0.000000
vt 0.100000 -0.924943 0.000000
vt 0.600000 -1.079101 0.000000
vt 0.100000 -1.079101 0.000000
vt 0.600000 -1.233258 0.000000
vt 0.100000 -1.233258 0.000000
vt 0.600000 -1.387415 0.000000
vt 0.100000 -1.387415 0.000000
vt 0.600000 -1.541572 0.000000
vt 0.100000 -1.541572 0.000000
vt 0.600000 -1.695729 0.000000
vt 0.100000 -1.695729 0.000000
vt 0.600000 -1.849887 0.000000
vt 0.100000 -1.849887 0.000000
vt 0.600000 -2.004044 0.000000
vt 0.100000 -2.004044 0.000000
vt 0.600000 -2.158201 0.000000
vt 0.100000 -2.158201 0.000000
vt 0.600000 -2.312358 0.000000
vt 0.100000 -2.312358 0.000000
vt 0.600000 -2.466516 0.000000
vt 0.100000 -2.466516 0.000000
vt 0.600000 -2.620673 0.000000
vt 0.100000 -2.620673 0.000000
vt 0.600000 -2.774830 0.000000
vt 0.100000 -2.774830 0.000000
vt 0.600000 -2.928987 0.000000
vt 0.100000 -2.928987 0.000000
vt 0.600000 -3.083144 0.000000
vt 0.100000 -3.083144 0.000000
vt 0.600000 -3.237302 0.000000
vt 0.100000 -3.237302 0.000000
vt 0.600000 -3.391459 0.000000
vt 0.100000 -3.391459 0.000000
vt 0.600000 -3.545616 0.000000
vt 0.100000 -3.545616 0.000000
vt 0.600000 -3.699773 0.000000
vt 0.100000 -3.699773 0.000000
vt 0.600000 -3.853931 0.000000
vt 0.100000 -3.853931 0.000000
vt 0.600000 -4.008088 0.000000
vt 0.100000 -4.008088 0.000000
vt 0.600000 -4.162245 0.000000
vt 0.100000 -4.162245 0.000000
vt 0.600000 -4.316402 0.000000
vt 0.100000 -4.316402 0.000000
vt 0.600000 -4.470559 0.000000
vt 0.100000 -4.470559 0.000000
vt 0.600000 -4.624717 0.000000
vt 0.100000 -4.624717 0.000000
vt 0.600000 -4.778874 0.000000
vt 0.100000 -4.778874 0.000000
vt 0.600000 -4.933031 0.000000
vt 0.100000 -4.933031 0.000000
vt 0.600000 -5.087188 0.000000
vt 0.100000 -5.087188 0.000000
vt 0.600000 -5.241346 0.000000
vt 0.100000 -5.241346 0.000000
vt 0.600000 -5.395503 0.000000
vt 0.100000 -5.395503 0.000000
vt 0.600000 -5.549660 0.000000
vt 0.100000 -5.549660 0.000000
vt 0.600000 -5.703817 0.000000
vt 0.100000 -5.703817 0.000000
vt 0.600000 -5.857974 0.000000
vt 0.100000 -5.857974 0.000000
vt 0.600000 -6.012132 0.000000
vt 0.100000 -6.012132 0.000000
vt 0.600000 -6.166289 0.000000
vt 0.100000 -6.166289 0.000000
vt 0.600000 -6.320446 0.000000
vt 0.100000 -6.320446 0.000000
vt 0.000000 6.631616 0.000000
vt 0.000000 6.785840 0.000000
vt -0.141421 6.785840 0.000000
vt -0.141421 -6.785840 0.000000
vt 0.000000 -6.785840 0.000000
vt 0.000000 -6.631616 0.000000
vt -0.141421 -6.628030 0.000000
vt 0.000000 -6.477393 0.000000
vt -0.141421 -6.470220 0.000000
vt 0.000000 -6.323169 0.000000
vt -0.141421 -6.312409 0.000000
vt -0.000000 -6.168946 0.000000
vt -0.141421 -6.154599 0.000000
vt -0.000000 -6.014722 0.000000
vt -0.141421 -5.996789 0.000000
vt -0.000000 -5.860498 0.000000
vt -0.141421 -5.838979 0.000000
vt 0.000000 -5.706275 0.000000
vt -0.141421 -5.681168 0.000000
vt 0.000000 -5.552051 0.000000
vt -0.141421 -5.523358 0.000000
vt 0.000000 -5.397827 0.000000
vt -0.141421 -5.365548 0.000000
vt 0.000000 -5.243604 0.000000
vt -0.141421 -5.207738 0.000000
vt 0.000000 -5.089380 0.000000
vt -0.141421 -5.049928 0.000000
vt 0.000000 -4.935156 0.000000
vt -0.141421 -4.892117 0.000000
vt 0.000000 -4.780933 0.000000
vt -0.141421 -4.734307 0.000000
vt -0.000000 -4.626709 0.000000
vt -0.141421 -4.576497 0.000000
vt -0.000000 -4.472486 0.000000
vt -0.141421 -4.418687 0.000000
vt -0.000000 -4.318262 0.000000
vt -0.141421 -4.260876 0.000000
vt -0.000000 -4.164038 0.000000
vt -0.141421 -4.103066 0.000000
vt -0.000000 -4.009815 0.000000
vt -0.141421 -3.945256 0.000000
vt -0.000000 -3.855591 0.000000
vt -0.141421 -3.787446 0.000000
vt -0.000000 -3.701367 0.000000
vt -0.141421 -3.629635 0.000000
vt -0.000000 -3.547144 0.000000
vt -0.141421 -3.471825 0.000000
vt -0.000000 -3.392920 0.000000
vt -0.141421 -3.314015 0.000000
vt -0.000000 -3.238696 0.000000
vt -0.141421 -3.156205 0.000000
vt -0.000000 -3.084473 0.000000
vt -0.141421 -2.998394 0.000000
vt -0.000000 -2.930249 0.000000
vt -0.141421 -2.840584 0.000000
vt -0.000000 -2.776026 0.000000
vt -0.141421 -2.682774 0.000000
vt -0.000000 -2.621802 0.000000
vt -0.141421 -2.524964 0.000000
vt -0.000000 -2.467578 0.000000
vt -0.141421 -2.367154 0.000000
vt -0.000000 -2.313355 0.000000
vt -0.141421 -2.209343 0.000000
vt -0.000000 -2.159131 0.000000
vt -0.141421 -2.051533 0.000000
vt 0.000000 -2.004907 0.000000
vt -0.141421 -1.893723 0.000000
vt 0.000000 -1.850684 0.000000
vt -0.141421 -1.735913 0.000000
vt 0.000000 -1.696460 0.000000
vt -0.141421 -1.578102 0.000000
vt -0.000000 -1.542236 0.000000
vt -0.141421 -1.420292 0.000000
vt -0.000000 -1.388013 0.000000
vt -0.141421 -1.262482 0.000000
vt -0.000000 -1.233789 0.000000
vt -0.141421 -1.104672 0.000000
vt -0.000000 -1.079565 0.000000
vt -0.141421 -0.946861 0.000000
vt -0.000000 -0.925342 0.000000
vt -0.141421 -0.789051 0.000000
vt -0.000000 -0.771118 0.000000
vt -0.141421 -0.631241 0.000000
vt -0.000000 -0.616895 0.000000
vt -0.141421 -0.473431 0.000000
vt 0.000000 -0.462671 0.000000
vt -0.141421 -0.315620 0.000000
vt 0.000000 -0.308447 0.000000
vt -0.141421 -0.157810 0.000000
vt -0.000000 -0.154224 0.000000
vt -0.141421 0.000000 0.000000
vt -0.000000 0.000000 0.000000
vt -0.000000 0.154224 0.000000
vt -0.141421 0.157810 0.000000
vt -0.000000 0.308447 0.000000
vt -0.141421 0.315620 0.000000
vt -0.000000 0.462671 0.000000
vt -0.141421 0.473431 0.000000
vt 0.000000 0.616895 0.000000
vt -0.141421 0.631241 0.000000
vt 0.000000 0.771118 0.000000
vt -0.141421 0.789051 0.000000
vt 0.000000 0.925342 0.000000
vt -0.141421 0.946861 0.000000
vt -0.000000 1.079565 0.000000
vt -0.141421 1.104672 0.000000
vt -0.000000 1.233789 0.000000
vt -0.141421 1.262482 0.000000
vt -0.000000 1.388013 0.000000
vt -0.141421 1.420292 0.000000
vt -0.000000 1.542236 0.000000
vt -0.141421 1.578102 0.000000
vt -0.000000 1.696460 0.000000
vt -0.141421 1.735913 0.000000
vt -0.000000 1.850684 0.000000
vt -0.141421 1.893723 0.000000
vt -0.000000 2.004907 0.000000
vt -0.141421 2.051533 0.000000
vt 0.000000 2.159131 0.000000
vt -0.141421 2.209343 0.000000
vt 0.000000 2.313355 0.000000
vt -0.141421 2.367154 0.000000
vt 0.000000 2.467578 0.000000
vt -0.141421 2.524964 0.000000
vt 0.000000 2.621802 0.000000
vt -0.141421 2.682774 0.000000
vt 0.000000 2.776026 0.000000
vt -0.141421 2.840584 0.000000
vt 0.000000 2.930249 0.000000
vt -0.141421 2.998394 0.000000
vt 0.000000 3.084473 0.000000
vt -0.141421 3.156205 0.000000
vt 0.000000 3.238696 0.000000
vt -0.141421 3.314015 0.000000
vt 0.000000 3.392920 0.000000
vt -0.141421 3.471825 0.000000
vt 0.000000 3.547144 0.000000
vt -0.141421 3.629635 0.000000
vt 0.000000 3.701367 0.000000
vt -0.141421 3.787446 0.000000
vt 0.000000 3.855591 0.000000
vt -0.141421 3.945256 0.000000
vt 0.000000 4.009815 0.000000
vt -0.141421 4.103066 0.000000
vt 0.000000 4.164038 0.000000
vt -0.141421 4.260876 0.000000
vt 0.000000 4.318262 0.000000
vt -0.141421 4.418687 0.000000
vt 0.000000 4.472486 0.000000
vt -0.141421 4.576497 0.000000
vt 0.000000 4.626709 0.000000
vt -0.141421 4.734307 0.000000
vt -0.000000 4.780933 0.000000
vt -0.141421 4.892117 0.000000
vt -0.000000 4.935156 0.000000
vt -0.141421 5.049928 0.000000
vt -0.000000 5.089380 0.000000
vt -0.141421 5.207738 0.000000
vt 0.000000 5.243604 0.000000
vt -0.141421 5.365548 0.000000
vt 0.000000 5.397827 0.000000
vt -0.141421 5.523358 0.000000
vt 0.000000 5.552051 0.000000
vt -0.141421 5.681168 0.000000
vt 0.000000 5.706275 0.000000
vt -0.141421 5.838979 0.000000
vt 0.000000 5.860498 0.000000
vt -0.141421 5.996789 0.000000
vt 0.000000 6.014722 0.000000
vt -0.141421 6.154599 0.000000
vt 0.000000 6.168946 0.000000
vt -0.141421 6.312409 0.000000
vt -0.000000 6.323169 0.000000
vt -0.141421 6.470220 0.000000
vt 0.000000 6.477393 0.000000
vt -0.141421 6.628030 0.000000
vt 0.141421 -9.426608 0.000000
vt -0.000000 -9.430164 0.000000
vt 0.141421 -9.613274 0.000000
vt -0.000000 -9.613274 0.000000
vt 0.141421 9.613274 0.000000
vt -0.000000 9.613274 0.000000
vt -0.000000 9.430164 0.000000
vt 0.000000 -9.247054 0.000000
vt 0.141421 -9.239943 0.000000
vt 0.000000 -9.063944 0.000000
vt 0.141421 -9.053277 0.000000
vt -0.000000 -8.880834 0.000000
vt 0.141421 -8.866611 0.000000
vt -0.000000 -8.697724 0.000000
vt 0.141421 -8.679946 0.000000
vt -0.000000 -8.514614 0.000000
vt 0.141421 -8.493280 0.000000
vt -0.000000 -8.331504 0.000000
vt 0.141421 -8.306615 0.000000
vt -0.000000 -8.148394 0.000000
vt 0.141421 -8.119949 0.000000
vt 0.000000 -7.965284 0.000000
vt 0.141421 -7.933284 0.000000
vt 0.000000 -7.782174 0.000000
vt 0.141421 -7.746618 0.000000
vt -0.000000 -7.599064 0.000000
vt 0.141421 -7.559953 0.000000
vt -0.000000 -7.415954 0.000000
vt 0.141421 -7.373287 0.000000
vt -0.000000 -7.232844 0.000000
vt 0.141421 -7.186622 0.000000
vt -0.000000 -7.049734 0.000000
vt 0.141421 -6.999956 0.000000
vt -0.000000 -6.866624 0.000000
vt 0.141421 -6.813291 0.000000
vt -0.000000 -6.683514 0.000000
vt 0.141421 -6.626625 0.000000
vt 0.000000 -6.500404 0.000000
vt 0.141421 -6.439960 0.000000
vt 0.000000 -6.317294 0.000000
vt 0.141421 -6.253294 0.000000
vt 0.000000 -6.134184 0.000000
vt 0.141421 -6.066629 0.000000
vt 0.000000 -5.951074 0.000000
vt 0.141421 -5.879963 0.000000
vt 0.000000 -5.767964 0.000000
vt 0.141421 -5.693298 0.000000
vt 0.000000 -5.584854 0.000000
vt 0.141421 -5.506632 0.000000
vt 0.000000 -5.401744 0.000000
vt 0.141421 -5.319967 0.000000
vt -0.000000 -5.218634 0.000000
vt 0.141421 -5.133301 0.000000
vt -0.000000 -5.035524 0.000000
vt 0.141421 -4.946636 0.000000
vt -0.000000 -4.852414 0.000000
vt 0.141421 -4.759970 0.000000
vt -0.000000 -4.669304 0.000000
vt 0.141421 -4.573305 0.000000
vt -0.000000 -4.486194 0.000000
vt 0.141421 -4.386639 0.000000
vt 0.000000 -4.303084 0.000000
vt 0.141421 -4.199974 0.000000
vt 0.000000 -4.119974 0.000000
vt 0.141421 -4.013308 0.000000
vt 0.000000 -3.936864 0.000000
vt 0.141421 -3.826643 0.000000
vt 0.000000 -3.753754 0.000000
vt 0.141421 -3.639977 0.000000
vt 0.000000 -3.570644 0.000000
vt 0.141421 -3.453312 0.000000
vt 0.000000 -3.387534 0.000000
vt 0.141421 -3.266646 0.000000
vt 0.000000 -3.204425 0.000000
vt 0.141421 -3.079981 0.000000
vt 0.000000 -3.021315 0.000000
vt 0.141421 -2.893315 0.000000
vt 0.000000 -2.838205 0.000000
vt 0.141421 -2.706650 0.000000
vt 0.000000 -2.655095 0.000000
vt 0.141421 -2.519984 0.000000
vt 0.000000 -2.471985 0.000000
vt 0.141421 -2.333319 0.000000
vt 0.000000 -2.288875 0.000000
vt 0.141421 -2.146653 0.000000
vt -0.000000 -2.105765 0.000000
vt 0.141421 -1.959988 0.000000
vt 0.000000 -1.922655 0.000000
vt 0.141421 -1.773322 0.000000
vt 0.000000 -1.739545 0.000000
vt 0.141421 -1.586657 0.000000
vt 0.000000 -1.556435 0.000000
vt 0.141421 -1.399991 0.000000
vt 0.000000 -1.373325 0.000000
vt 0.141421 -1.213326 0.000000
vt 0.000000 -1.190215 0.000000
vt 0.141421 -1.026660 0.000000
vt 0.000000 -1.007105 0.000000
vt 0.141421 -0.839995 0.000000
vt 0.000000 -0.823995 0.000000
vt 0.141421 -0.653329 0.000000
vt -0.000000 -0.640885 0.000000
vt 0.141421 -0.466664 0.000000
vt 0.000000 -0.457775 0.000000
vt 0.141421 -0.279998 0.000000
vt 0.000000 -0.274665 0.000000
vt 0.141421 -0.093333 0.000000
vt 0.000000 -0.091555 0.000000
vt 0.000000 0.091555 0.000000
vt 0.141421 0.093333 0.000000
vt 0.000000 0.274665 0.000000
vt 0.141421 0.279998 0.000000
vt -0.000000 0.457775 0.000000
vt 0.141421 0.466664 0.000000
vt 0.000000 0.640885 0.000000
vt 0.141421 0.653329 0.000000
vt 0.000000 0.823995 0.000000
vt 0.141421 0.839995 0.000000
vt 0.000000 1.007105 0.000000
vt 0.141421 1.026660 0.000000
vt 0.000000 1.190215 0.000000
vt 0.141421 1.213326 0.000000
vt 0.000000 1.373325 0.000000
vt 0.141421 1.399991 0.000000
vt 0.000000 1.556435 0.000000
vt 0.141421 1.586657 0.000000
vt -0.000000 1.739545 0.000000
vt 0.141421 1.773322 0.000000
vt -0.000000 1.922655 0.000000
vt 0.141421 1.959988 0.000000
vt 0.000000 2.105765 0.000000
vt 0.141421 2.146653 0.000000
vt 0.000000 2.288875 0.000000
vt 0.141421 2.333319 0.000000
vt 0.000000 2.471985 0.000000
vt 0.141421 2.519984 0.000000
vt 0.000000 2.655095 0.000000
vt 0.141421 2.706650 0.000000
vt 0.000000 2.838205 0.000000
vt 0.141421 2.893315 0.000000
vt 0.000000 3.021315 0.000000
vt 0.141421 3.079981 0.000000
vt 0.000000 3.204425 0.000000
vt 0.141421 3.266646 0.000000
vt -0.000000 3.387534 0.000000
vt 0.141421 3.453312 0.000000
vt -0.000000 3.570644 0.000000
vt 0.141421 3.639977 0.000000
vt -0.000000 3.753754 0.000000
vt 0.141421 3.826643 0.000000
vt -0.000000 3.936864 0.000000
vt 0.141421 4.013308 0.000000
vt -0.000000 4.119974 0.000000
vt 0.141421 4.199974 0.000000
vt -0.000000 4.303084 0.000000
vt 0.141421 4.386639 0.000000
vt 0.000000 4.486194 0.000000
vt 0.141421 4.573305 0.000000
vt 0.000000 4.669304 0.000000
vt 0.141421 4.759970 0.000000
vt 0.000000 4.852414 0.000000
vt 0.141421 4.946636 0.000000
vt 0.000000 5.035524 0.000000
vt 0.141421 5.133301 0.000000
vt 0.000000 5.218634 0.000000
vt 0.141421 5.319967 0.000000
vt -0.000000 5.401744 0.000000
vt 0.141421 5.506632 0.000000
vt -0.000000 5.584854 0.000000
vt 0.141421 5.693298 0.000000
vt -0.000000 5.767964 0.000000
vt 0.141421 5.879963 0.000000
vt -0.000000 5.951074 0.000000
vt 0.141421 6.066629 0.000000
vt -0.000000 6.134184 0.000000
vt 0.141421 6.253294 0.000000
vt -0.000000 6.317294 0.000000
vt 0.141421 6.439960 0.000000
vt -0.000000 6.500404 0.000000
vt 0.141421 6.626625 0.000000
vt -0.000000 6.683514 0.000000
vt 0.141421 6.813291 0.000000
vt -0.000000 6.866624 0.000000
vt 0.141421 6.999956 0.000000
vt -0.000000 7.049734 0.000000
vt 0.141421 7.186622 0.000000
vt -0.000000 7.232844 0.000000
vt 0.141421 7.373287 0.000000
vt 0.000000 7.415954 0.000000
vt 0.141421 7.559953 0.000000
vt 0.000000 7.599064 0.000000
vt 0.141421 7.746618 0.000000
vt -0.000000 7.782174 0.000000
vt 0.141421 7.933284 0.000000
vt -0.000000 7.965284 0.000000
vt 0.141421 8.119949 0.000000
vt -0.000000 8.148394 0.000000
vt 0.141421 8.306615 0.000000
vt -0.000000 8.331504 0.000000
vt 0.141421 8.493280 0.000000
vt -0.000000 8.514614 0.000000
vt 0.141421 8.679946 0.000000
vt -0.000000 8.697724 0.000000
vt 0.141421 8.866611 0.000000
vt 0.000000 8.880834 0.000000
vt 0.141421 9.053277 0.000000
vt -0.000000 9.063944 0.000000
vt 0.141421 9.239943 0.000000
vt -0.000000 9.247054 0.000000
vt 0.141421 9.426608 0.000000
vt -0.100000 -9.584251 0.000000
vt -0.900000 -9.677302 0.000000
vt -0.100000 -9.770353 0.000000
vt -0.100000 9.770353 0.000000
vt -0.900000 9.863404 0.000000
vt -0.900000 9.677302 0.000000
vt -0.100000 9.584251 0.000000
vt -0.900000 9.491200 0.000000
vt -0.100000 9.398149 0.000000
vt -0.900000 9.305098 0.000000
vt -0.100000 9.212047 0.000000
vt -0.900000 9.118996 0.000000
vt -0.100000 9.025945 0.000000
vt -0.900000 8.932894 0.000000
vt -0.100000 8.839843 0.000000
vt -0.900000 8.746792 0.000000
vt -0.100000 8.653741 0.000000
vt -0.900000 8.560690 0.000000
vt -0.100000 8.467639 0.000000
vt -0.900000 8.374588 0.000000
vt -0.100000 8.281537 0.000000
vt -0.900000 8.188486 0.000000
vt -0.100000 8.095435 0.000000
vt -0.900000 8.002384 0.000000
vt -0.100000 7.909334 0.000000
vt -0.900000 7.816283 0.000000
vt -0.100000 7.723232 0.000000
vt -0.900000 7.630181 0.000000
vt -0.100000 7.537130 0.000000
vt -0.900000 7.444079 0.000000
vt -0.100000 7.351028 0.000000
vt -0.900000 7.257977 0.000000
vt -0.100000 7.164926 0.000000
vt -0.900000 7.071875 0.000000
vt -0.100000 6.978824 0.000000
vt -0.900000 6.885773 0.000000
vt -0.100000 6.792722 0.000000
vt -0.900000 6.699671 0.000000
vt -0.100000 6.606620 0.000000
vt -0.900000 6.513569 0.000000
vt -0.100000 6.420518 0.000000
vt -0.900000 6.327467 0.000000
vt -0.100000 6.234416 0.000000
vt -0.900000 6.141365 0.000000
vt -0.100000 6.048314 0.000000
vt -0.900000 5.955263 0.000000
vt -0.100000 5.862212 0.000000
vt -0.900000 5.769161 0.000000
vt -0.100000 5.676110 0.000000
vt -0.900000 5.583059 0.000000
vt -0.100000 5.490008 0.000000
vt -0.900000 5.396957 0.000000
vt -0.100000 5.303906 0.000000
vt -0.900000 5.210855 0.000000
vt -0.100000 5.117804 0.000000
vt -0.900000 5.024753 0.000000
vt -0.100000 4.931702 0.000000
vt -0.900000 4.838651 0.000000
vt -0.100000 4.745600 0.000000
vt -0.900000 4.652549 0.000000
vt -0.100000 4.559498 0.000000
vt -0.900000 4.466447 0.000000
vt -0.100000 4.373396 0.000000
vt -0.900000 4.280345 0.000000
vt -0.100000 4.187294 0.000000
vt -0.900000 4.094243 0.000000
vt -0.100000 4.001192 0.000000
vt -0.900000 3.908141 0.000000
vt -0.100000 3.815090 0.000000
vt -0.900000 3.722039 0.000000
vt -0.100000 3.628988 0.000000
vt -0.900000 3.535937 0.000000
vt -0.100000 3.442886 0.000000
vt -0.900000 3.349835 0.000000
vt -0.100000 3.256784 0.000000
vt -0.900000 3.163733 0.000000
vt -0.100000 3.070682 0.000000
vt -0.900000 2.977631 0.000000
vt -0.100000 2.884580 0.000000
vt -0.900000 2.791529 0.000000
vt -0.100000 2.698478 0.000000
vt -0.900000 2.605428 0.000000
vt -0.100000 2.512377 0.000000
vt -0.900000 2.419326 0.000000
vt -0.100000 2.326275 0.000000
vt -0.900000 2.233224 0.000000
vt -0.100000 2.140173 0.000000
vt -0.900000 2.047122 0.000000
vt -0.100000 1.954071 0.000000
vt -0.900000 1.861020 0.000000
vt -0.100000 1.767969 0.000000
vt -0.900000 1.674918 0.000000
vt -0.100000 1.581867 0.000000
vt -0.900000 1.488816 0.000000
vt -0.100000 1.395765 0.000000
vt -0.900000 1.302714 0.000000
vt -0.100000 1.209663 0.000000
vt -0.900000 1.116612 0.000000
vt -0.100000 1.023561 0.000000
vt -0.900000 0.930510 0.000000
vt -0.100000 0.837459 0.000000
vt -0.900000 0.744408 0.000000
vt -0.100000 0.651357 0.000000
vt -0.900000 0.558306 0.000000
vt -0.100000 0.465255 0.000000
vt -0.900000 0.372204 0.000000
vt -0.100000 0.279153 0.000000
vt -0.900000 0.186102 0.000000
vt -0.100000 0.093051 0.000000
vt -0.900000 0.000000 0.000000
vt -0.100000 -0.093051 0.000000
vt -0.900000 -0.186102 0.000000
vt -0.100000 -0.279153 0.000000
vt -0.900000 -0.372204 0.000000
vt -0.100000 -0.465255 0.000000
vt -0.900000 -0.558306 0.000000
vt -0.100000 -0.651357 0.000000
vt -0.900000 -0.744408 0.000000
vt -0.100000 -0.837459 0.000000
vt -0.900000 -0.930510 0.000000
vt -0.100000 -1.023561 0.000000
vt -0.900000 -1.116612 0.000000
vt -0.100000 -1.209663 0.000000
vt -0.900000 -1.302714 0.000000
vt -0.100000 -1.395765 0.000000
vt -0.900000 -1.488816 0.000000
vt -0.100000 -1.581867 0.000000
vt -0.900000 -1.674918 0.000000
vt -0.100000 -1.767969 0.000000
vt -0.900000 -1.861020 0.000000
vt -0.100000 -1.954071 0.000000
vt -0.900000 -2.047122 0.000000
vt -0.100000 -2.140173 0.000000
vt -0.900000 -2.233224 0.000000
vt -0.100000 -2.326275 0.000000
vt -0.900000 -2.419326 0.000000
vt -0.100000 -2.512377 0.000000
vt -0.900000 -2.605428 0.000000
vt -0.100000 -2.698478 0.000000
vt -0.900000 -2.791529 0.000000
vt -0.100000 -2.884580 0.000000
vt -0.900000 -2.977631 0.000000
vt -0.100000 -3.070682 0.000000
vt -0.900000 -3.163733 0.000000
vt -0.100000 -3.256784 0.000000
vt -0.900000 -3.349835 0.000000
vt -0.100000 -3.442886 0.000000
vt -0.900000 -3.535937 0.000000
vt -0.100000 -3.628988 0.000000
vt -0.900000 -3.722039 0.000000
vt -0.100000 -3.815090 0.000000
vt -0.900000 -3.908141 0.000000
vt -0.100000 -4.001192 0.000000
vt -0.900000 -4.094243 0.000000
vt -0.100000 -4.187294 0.000000
vt -0.900000 -4.280345 0.000000
vt -0.100000 -4.373396 0.000000
vt -0.900000 -4.466447 0.000000
vt -0.100000 -4.559498 0.000000
vt -0.900000 -4.652549 0.000000
vt -0.100000 -4.745600 0.000000
vt -0.900000 -4.838651 0.000000
vt -0.100000 -4.931702 0.000000
vt -0.900000 -5.024753 0.000000
vt -0.100000 -5.117804 0.000000
vt -0.900000 -5.210855 0.000000
vt -0.100000 -5.303906 0.000000
vt -0.900000 -5.396957 0.000000
vt -0.100000 -5.490008 0.000000
vt -0.900000 -5.583059 0.000000
vt -0.100000 -5.676110 0.000000
vt -0.900000 -5.769161 0.000000
vt -0.100000 -5.862212 0.000000
vt -0.900000 -5.955263 0.000000
vt -0.100000 -6.048314 0.000000
vt -0.900000 -6.141365 0.000000
vt -0.100000 -6.234416 0.000000
vt -0.900000 -6.327467 0.000000
vt -0.100000 -6.420518 0.000000
vt -0.900000 -6.513569 0.000000
vt -0.100000 -6.606620 0.000000
vt -0.900000 -6.699671 0.000000
vt -0.100000 -6.792722 0.000000
vt -0.900000 -6.885773 0.000000
vt -0.100000 -6.978824 0.000000
vt -0.900000 -7.071875 0.000000
vt -0.100000 -7.164926 0.000000
vt -0.900000 -7.257977 0.000000
vt -0.100000 -7.351028 0.000000
vt -0.900000 -7.444079 0.000000
vt -0.100000 -7.537130 0.000000
vt -0.900000 -7.630181 0.000000
vt -0.100000 -7.723232 0.000000
vt -0.900000 -7.816283 0.000000
vt -0.100000 -7.909334 0.000000
vt -0.900000 -8.002384 0.000000
vt -0.100000 -8.095435 0.000000
vt -0.900000 -8.188486 0.000000
vt -0.100000 -8.281537 0.000000
vt -0.900000 -8.374588 0.000000
vt -0.100000 -8.467639 0.000000
vt -0.900000 -8.560690 0.000000
vt -0.100000 -8.653741 0.000000
vt -0.900000 -8.746792 0.000000
vt -0.100000 -8.839843 0.000000
vt -0.900000 -8.932894 0.000000
vt -0.100000 -9.025945 0.000000
vt -0.900000 -9.118996 0.000000
vt -0.100000 -9.212047 0.000000
vt -0.900000 -9.305098 0.000000
vt -0.100000 -9.398149 0.000000
vt -0.900000 -9.491200 0.000000
vt 0.800000 -1.038471 0.000000
vt -0.000000 -1.038471 0.000000
vt 0.800000 -1.099557 0.000000
vt 0.000000 -1.099557 0.000000
vt 0.800000 1.099557 0.000000
vt 0.000000 1.099557 0.000000
vt 0.800000 1.038471 0.000000
vt 0.000000 1.038471 0.000000
vt 0.000000 0.977384 0.000000
vt 0.800000 -0.977384 0.000000
vt -0.000000 -0.977384 0.000000
vt 0.800000 -0.916298 0.000000
vt -0.000000 -0.916298 0.000000
vt 0.800000 -0.855211 0.000000
vt -0.000000 -0.855211 0.000000
vt 0.800000 -0.794125 0.000000
vt -0.000000 -0.794125 0.000000
vt 0.800000 -0.733038 0.000000
vt -0.000000 -0.733038 0.000000
vt 0.800000 -0.671952 0.000000
vt -0.000000 -0.671952 0.000000
vt 0.800000 -0.610865 0.000000
vt -0.000000 -0.610865 0.000000
vt 0.800000 -0.549779 0.000000
vt -0.000000 -0.549779 0.000000
vt 0.800000 -0.488692 0.000000
vt -0.000000 -0.488692 0.000000
vt 0.800000 -0.427606 0.000000
vt -0.000000 -0.427606 0.000000
vt 0.800000 -0.366519 0.000000
vt -0.000000 -0.366519 0.000000
vt 0.800000 -0.305433 0.000000
vt -0.000000 -0.305433 0.000000
vt 0.800000 -0.244346 0.000000
vt -0.000000 -0.244346 0.000000
vt 0.800000 -0.183260 0.000000
vt -0.000000 -0.183260 0.000000
vt 0.800000 -0.122173 0.000000
vt -0.000000 -0.122173 0.000000
vt 0.800000 -0.061087 0.000000
vt -0.000000 -0.061087 0.000000
vt 0.800000 -0.000000 0.000000
vt -0.000000 -0.000000 0.000000
vt 0.800000 0.061087 0.000000
vt 0.000000 0.061087 0.000000
vt 0.800000 0.122173 0.000000
vt 0.000000 0.122173 0.000000
vt 0.800000 0.183260 0.000000
vt 0.000000 0.183260 0.000000
vt 0.800000 0.244346 0.000000
vt 0.000000 0.244346 0.000000
vt 0.800000 0.305433 0.000000
vt 0.000000 0.305433 0.000000
vt 0.800000 0.366519 0.000000
vt 0.000000 0.366519 0.000000
vt 0.800000 0.427606 0.000000
vt 0.000000 0.427606 0.000000
vt 0.800000 0.488692 0.000000
vt 0.000000 0.488692 0.000000
vt 0.800000 0.549779 0.000000
vt 0.000000 0.549779 0.000000
vt 0.800000 0.610865 0.000000
vt 0.000000 0.610865 0.000000
vt 0.800000 0.671952 0.000000
vt 0.000000 0.671952 0.000000
vt 0.800000 0.733038 0.000000
vt 0.000000 0.733038 0.000000
vt 0.800000 0.794125 0.000000
vt 0.000000 0.794125 0.000000
vt 0.800000 0.855211 0.000000
vt 0.000000 0.855211 0.000000
vt 0.800000 0.916298 0.000000
vt 0.000000 0.916298 0.000000
vt 0.800000 0.977384 0.000000
vt 0.800000 -1.038471 0.000000
vt -0.000000 -1.038471 0.000000
vt 0.800000 -1.099557 0.000000
vt -0.000000 -1.099557 0.000000
vt 0.800000 1.099557 0.000000
vt -0.000000 1.099557 0.000000
vt 0.800000 1.038471 0.000000
vt 0.000000 1.038471 0.000000
vt 0.000000 0.977384 0.000000
vt 0.800000 -0.977384 0.000000
vt -0.000000 -0.977384 0.000000
vt 0.800000 -0.916298 0.000000
vt -0.000000 -0.916298 0.000000
vt 0.800000 -0.855211 0.000000
vt -0.000000 -0.855211 0.000000
vt 0.800000 -0.794125 0.000000
vt -0.000000 -0.794125 0.000000
vt 0.800000 -0.733038 0.000000
vt -0.000000 -0.733038 0.000000
vt 0.800000 -0.671952 0.000000
vt -0.000000 -0.671952 0.000000
vt 0.800000 -0.610865 0.000000
vt -0.000000 -0.610865 0.000000
vt 0.800000 -0.549779 0.000000
vt -0.000000 -0.549779 0.000000
vt 0.800000 -0.488692 0.000000
vt -0.000000 -0.488692 0.000000
vt 0.800000 -0.427606 0.000000
vt -0.000000 -0.427606 0.000000
vt 0.800000 -0.366519 0.000000
vt -0.000000 -0.366519 0.000000
vt 0.800000 -0.305433 0.000000
vt -0.000000 -0.305433 0.000000
vt 0.800000 -0.244346 0.000000
vt -0.000000 -0.244346 0.000000
vt 0.800000 -0.183260 0.000000
vt -0.000000 -0.183260 0.000000
vt 0.800000 -0.122173 0.000000
vt -0.000000 -0.122173 0.000000
vt 0.800000 -0.061087 0.000000
vt -0.000000 -0.061087 0.000000
vt 0.800000 -0.000000 0.000000
vt -0.000000 -0.000000 0.000000
vt 0.800000 0.061087 0.000000
vt 0.000000 0.061087 0.000000
vt 0.800000 0.122173 0.000000
vt 0.000000 0.122173 0.000000
vt 0.800000 0.183260 0.000000
vt 0.000000 0.183260 0.000000
vt 0.800000 0.244346 0.000000
vt 0.000000 0.244346 0.000000
vt 0.800000 0.305433 0.000000
vt 0.000000 0.305433 0.000000
vt 0.800000 0.366519 0.000000
vt 0.000000 0.366519 0.000000
vt 0.800000 0.427606 0.000000
vt 0.000000 0.427606 0.000000
vt 0.800000 0.488692 0.000000
vt 0.000000 0.488692 0.000000
vt 0.800000 0.549779 0.000000
vt 0.000000 0.549779 0.000000
vt 0.800000 0.610865 0.000000
vt 0.000000 0.610865 0.000000
vt 0.800000 0.671952 0.000000
vt 0.000000 0.671952 0.000000
vt 0.800000 0.733038 0.000000
vt 0.000000 0.733038 0.000000
vt 0.800000 0.794125 0.000000
vt 0.000000 0.794125 0.000000
vt 0.800000 0.855211 0.000000
vt 0.000000 0.855211 0.000000
vt 0.800000 0.916298 0.000000
vt 0.000000 0.916298 0.000000
vt 0.800000 0.977384 0.000000
vt 0.800000 -1.038471 0.000000
vt -0.000000 -1.038471 0.000000
vt 0.800000 -1.099557 0.000000
vt 0.000000 -1.099557 0.000000
vt 0.800000 1.099557 0.000000
vt 0.000000 1.099557 0.000000
vt 0.800000 1.038471 0.000000
vt 0.000000 1.038471 0.000000
vt 0.000000 0.977384 0.000000
vt 0.800000 -0.977384 0.000000
vt -0.000000 -0.977384 0.000000
vt 0.800000 -0.916298 0.000000
vt -0.000000 -0.916298 0.000000
vt 0.800000 -0.855211 0.000000
vt -0.000000 -0.855211 0.000000
vt 0.800000 -0.794125 0.000000
vt -0.000000 -0.794125 0.000000
vt 0.800000 -0.733038 0.000000
vt -0.000000 -0.733038 0.000000
vt 0.800000 -0.671952 0.000000
vt -0.000000 -0.671952 0.000000
vt 0.800000 -0.610865 0.000000
vt -0.000000 -0.610865 0.000000
vt 0.800000 -0.549779 0.000000
vt -0.000000 -0.549779 0.000000
vt 0.800000 -0.488692 0.000000
vt -0.000000 -0.488692 0.000000
vt 0.800000 -0.427606 0.000000
vt -0.000000 -0.427606 0.000000
vt 0.800000 -0.366519 0.000000
vt -0.000000 -0.366519 0.000000
vt 0.800000 -0.305433 0.000000
vt -0.000000 -0.305433 0.000000
vt 0.800000 -0.244346 0.000000
vt -0.000000 -0.244346 0.000000
vt 0.800000 -0.183260 0.000000
vt -0.000000 -0.183260 0.000000
vt 0.800000 -0.122173 0.000000
vt -0.000000 -0.122173 0.000000
vt 0.800000 -0.061087 0.000000
vt -0.000000 -0.061087 0.000000
vt 0.800000 -0.000000 0.000000
vt -0.000000 -0.000000 0.000000
vt 0.800000 0.061087 0.000000
vt 0.000000 0.061087 0.000000
vt 0.800000 0.122173 0.000000
vt 0.000000 0.122173 0.000000
vt 0.800000 0.183260 0.000000
vt 0.000000 0.183260 0.000000
vt 0.800000 0.244346 0.000000
vt 0.000000 0.244346 0.000000
vt 0.800000 0.305433 0.000000
vt 0.000000 0.305433 0.000000
vt 0.800000 0.366519 0.000000
vt 0.000000 0.366519 0.000000
vt 0.800000 0.427606 0.000000
vt 0.000000 0.427606 0.000000
vt 0.800000 0.488692 0.000000
vt 0.000000 0.488692 0.000000
vt 0.800000 0.549779 0.000000
vt 0.000000 0.549779 0.000000
vt 0.800000 0.610865 0.000000
vt 0.000000 0.610865 0.000000
vt 0.800000 0.671952 0.000000
vt 0.000000 0.671952 0.000000
vt 0.800000 0.733038 0.000000
vt 0.000000 0.733038 0.000000
vt 0.800000 0.794125 0.000000
vt 0.000000 0.794125 0.000000
vt 0.800000 0.855211 0.000000
vt 0.000000 0.855211 0.000000
vt 0.800000 0.916298 0.000000
vt 0.000000 0.916298 0.000000
vt 0.800000 0.977384 0.000000
vt 0.800000 -1.038471 0.000000
vt -0.000000 -1.038471 0.000000
vt 0.800000 -1.099557 0.000000
vt 0.000000 -1.099557 0.000000
vt 0.800000 1.099557 0.000000
vt 0.000000 1.099557 0.000000
vt 0.800000 1.038471 0.000000
vt 0.000000 1.038471 0.000000
vt 0.000000 0.977384 0.000000
vt 0.800000 -0.977384 0.000000
vt -0.000000 -0.977384 0.000000
vt 0.800000 -0.916298 0.000000
vt -0.000000 -0.916298 0.000000
vt 0.800000 -0.855211 0.000000
vt -0.000000 -0.855211 0.000000
vt 0.800000 -0.794125 0.000000
vt -0.000000 -0.794125 0.000000
vt 0.800000 -0.733038 0.000000
vt -0.000000 -0.733038 0.000000
vt 0.800000 -0.671952 0.000000
vt -0.000000 -0.671952 0.000000
vt 0.800000 -0.610865 0.000000
vt -0.000000 -0.610865 0.000000
vt 0.800000 -0.549779 0.000000
vt -0.000000 -0.549779 0.000000
vt 0.800000 -0.488692 0.000000
vt -0.000000 -0.488692 0.000000
vt 0.800000 -0.427606 0.000000
vt -0.000000 -0.427606 0.000000
vt 0.800000 -0.366519 0.000000
vt -0.000000 -0.366519 0.000000
vt 0.800000 -0.305433 0.000000
vt -0.000000 -0.305433 0.000000
vt 0.800000 -0.244346 0.000000
vt -0.000000 -0.244346 0.000000
vt 0.800000 -0.183260 0.000000
vt -0.000000 -0.183260 0.000000
vt 0.800000 -0.122173 0.000000
vt -0.000000 -0.122173 0.000000
vt 0.800000 -0.061087 0.000000
vt -0.000000 -0.061087 0.000000
vt 0.800000 -0.000000 0.000000
vt -0.000000 -0.000000 0.000000
vt 0.800000 0.061087 0.000000
vt 0.000000 0.061087 0.000000
vt 0.800000 0.122173 0.000000
vt 0.000000 0.122173 0.000000
vt 0.800000 0.183260 0.000000
vt 0.000000 0.183260 0.000000
vt 0.800000 0.244346 0.000000
vt 0.000000 0.244346 0.000000
vt 0.800000 0.305433 0.000000
vt 0.000000 0.305433 0.000000
vt 0.800000 0.366519 0.000000
vt 0.000000 0.366519 0.000000
vt 0.800000 0.427606 0.000000
vt 0.000000 0.427606 0.000000
vt 0.800000 0.488692 0.000000
vt 0.000000 0.488692 0.000000
vt 0.800000 0.549779 0.000000
vt 0.000000 0.549779 0.000000
vt 0.800000 0.610865 0.000000
vt 0.000000 0.610865 0.000000
vt 0.800000 0.671952 0.000000
vt 0.000000 0.671952 0.000000
vt 0.800000 0.733038 0.000000
vt 0.000000 0.733038 0.000000
vt 0.800000 0.794125 0.000000
vt 0.000000 0.794125 0.000000
vt 0.800000 0.855211 0.000000
vt 0.000000 0.855211 0.000000
vt 0.800000 0.916298 0.000000
vt 0.000000 0.916298 0.000000
vt 0.800000 0.977384 0.000000
vt 0.800000 -1.038471 0.000000
vt -0.000000 -1.038471 0.000000
vt 0.800000 -1.099557 0.000000
vt 0.000000 -1.099557 0.000000
vt 0.800000 1.099557 0.000000
vt 0.000000 1.099557 0.000000
vt 0.800000 1.038471 0.000000
vt 0.000000 1.038471 0.000000
vt 0.000000 0.977384 0.000000
vt 0.800000 -0.977384 0.000000
vt -0.000000 -0.977384 0.000000
vt 0.800000 -0.916298 0.000000
vt -0.000000 -0.916298 0.000000
vt 0.800000 -0.855211 0.000000
vt -0.000000 -0.855211 0.000000
vt 0.800000 -0.794125 0.000000
vt -0.000000 -0.794125 0.000000
vt 0.800000 -0.733038 0.000000
vt -0.000000 -0.733038 0.000000
vt 0.800000 -0.671952 0.000000
vt -0.000000 -0.671952 0.000000
vt 0.800000 -0.610865 0.000000
vt -0.000000 -0.610865 0.000000
vt 0.800000 -0.549779 0.000000
vt -0.000000 -0.549779 0.000000
vt 0.800000 -0.488692 0.000000
vt -0.000000 -0.488692 0.000000
vt 0.800000 -0.427606 0.000000
vt -0.000000 -0.427606 0.000000
vt 0.800000 -0.366519 0.000000
vt -0.000000 -0.366519 0.000000
vt 0.800000 -0.305433 0.000000
vt -0.000000 -0.305433 0.000000
vt 0.800000 -0.244346 0.000000
vt -0.000000 -0.244346 0.000000
vt 0.800000 -0.183260 0.000000
vt -0.000000 -0.183260 0.000000
vt 0.800000 -0.122173 0.000000
vt -0.000000 -0.122173 0.000000
vt 0.800000 -0.061087 0.000000
vt -0.000000 -0.061087 0.000000
vt 0.800000 -0.000000 0.000000
vt -0.000000 -0.000000 0.000000
vt 0.800000 0.061087 0.000000
vt 0.000000 0.061087 0.000000
vt 0.800000 0.122173 0.000000
vt 0.000000 0.122173 0.000000
vt 0.800000 0.183260 0.000000
vt 0.000000 0.183260 0.000000
vt 0.800000 0.244346 0.000000
vt 0.000000 0.244346 0.000000
vt 0.800000 0.305433 0.000000
vt 0.000000 0.305433 0.000000
vt 0.800000 0.366519 0.000000
vt 0.000000 0.366519 0.000000
vt 0.800000 0.427606 0.000000
vt 0.000000 0.427606 0.000000
vt 0.800000 0.488692 0.000000
vt 0.000000 0.488692 0.000000
vt 0.800000 0.549779 0.000000
vt 0.000000 0.549779 0.000000
vt 0.800000 0.610865 0.000000
vt 0.000000 0.610865 0.000000
vt 0.800000 0.671952 0.000000
vt 0.000000 0.671952 0.000000
vt 0.800000 0.733038 0.000000
vt 0.000000 0.733038 0.000000
vt 0.800000 0.794125 0.000000
vt 0.000000 0.794125 0.000000
vt 0.800000 0.855211 0.000000
vt 0.000000 0.855211 0.000000
vt 0.800000 0.916298 0.000000
vt 0.000000 0.916298 0.000000
vt 0.800000 0.977384 0.000000
vt 0.800000 -1.038471 0.000000
vt -0.000000 -1.038471 0.000000
vt 0.800000 -1.099557 0.000000
vt 0.000000 -1.099557 0.000000
vt 0.800000 1.099557 0.000000
vt 0.000000 1.099557 0.000000
vt 0.800000 1.038471 0.000000
vt 0.000000 1.038471 0.000000
vt 0.000000 0.977384 0.000000
vt 0.800000 -0.977384 0.000000
vt -0.000000 -0.977384 0.000000
vt 0.800000 -0.916298 0.000000
vt -0.000000 -0.916298 0.000000
vt 0.800000 -0.855211 0.000000
vt -0.000000 -0.855211 0.000000
vt 0.800000 -0.794125 0.000000
vt -0.000000 -0.794125 0.000000
vt 0.800000 -0.733038 0.000000
vt -0.000000 -0.733038 0.000000
vt 0.800000 -0.671952 0.000000
vt -0.000000 -0.671952 0.000000
vt 0.800000 -0.610865 0.000000
vt -0.000000 -0.610865 0.000000
vt 0.800000 -0.549779 0.000000
vt -0.000000 -0.549779 0.000000
vt 0.800000 -0.488692 0.000000
vt -0.000000 -0.488692 0.000000
vt 0.800000 -0.427606 0.000000
vt -0.000000 -0.427606 0.000000
vt 0.800000 -0.366519 0.000000
vt -0.000000 -0.366519 0.000000
vt 0.800000 -0.305433 0.000000
vt -0.000000 -0.305433 0.000000
vt 0.800000 -0.244346 0.000000
vt -0.000000 -0.244346 0.000000
vt 0.800000 -0.183260 0.000000
vt -0.000000 -0.183260 0.000000
vt 0.800000 -0.122173 0.000000
vt -0.000000 -0.122173 0.000000
vt 0.800000 -0.061087 0.000000
vt -0.000000 -0.061087 0.000000
vt 0.800000 -0.000000 0.000000
vt -0.000000 -0.000000 0.000000
vt 0.800000 0.061087 0.000000
vt 0.000000 0.061087 0.000000
vt 0.800000 0.122173 0.000000
vt 0.000000 0.122173 0.000000
vt 0.800000 0.183260 0.000000
vt 0.000000 0.183260 0.000000
vt 0.800000 0.244346 0.000000
vt 0.000000 0.244346 0.000000
vt 0.800000 0.305433 0.000000
vt 0.000000 0.305433 0.000000
vt 0.800000 0.366519 0.000000
vt 0.000000 0.366519 0.000000
vt 0.800000 0.427606 0.000000
vt 0.000000 0.427606 0.000000
vt 0.800000 0.488692 0.000000
vt 0.000000 0.488692 0.000000
vt 0.800000 0.549779 0.000000
vt 0.000000 0.549779 0.000000
vt 0.800000 0.610865 0.000000
vt 0.000000 0.610865 0.000000
vt 0.800000 0.671952 0.000000
vt 0.000000 0.671952 0.000000
vt 0.800000 0.733038 0.000000
vt 0.000000 0.733038 0.000000
vt 0.800000 0.794125 0.000000
vt 0.000000 0.794125 0.000000
vt 0.800000 0.855211 0.000000
vt 0.000000 0.855211 0.000000
vt 0.800000 0.916298 0.000000
vt 0.000000 0.916298 0.000000
vt 0.800000 0.977384 0.000000
vt 0.800000 -1.038471 0.000000
vt -0.000000 -1.038471 0.000000
vt 0.800000 -1.099557 0.000000
vt 0.000000 -1.099557 0.000000
vt 0.800000 1.099557 0.000000
vt 0.000000 1.099557 0.000000
vt 0.800000 1.038471 0.000000
vt 0.000000 1.038471 0.000000
vt 0.000000 0.977384 0.000000
vt 0.800000 -0.977384 0.000000
vt -0.000000 -0.977384 0.000000
vt 0.800000 -0.916298 0.000000
vt -0.000000 -0.916298 0.000000
vt 0.800000 -0.855211 0.000000
vt -0.000000 -0.855211 0.000000
vt 0.800000 -0.794125 0.000000
vt -0.000000 -0.794125 0.000000
vt 0.800000 -0.733038 0.000000
vt -0.000000 -0.733038 0.000000
vt 0.800000 -0.671952 0.000000
vt -0.000000 -0.671952 0.000000
vt 0.800000 -0.610865 0.000000
vt -0.000000 -0.610865 0.000000
vt 0.800000 -0.549779 0.000000
vt -0.000000 -0.549779 0.000000
vt 0.800000 -0.488692 0.000000
vt -0.000000 -0.488692 0.000000
vt 0.800000 -0.427606 0.000000
vt -0.000000 -0.427606 0.000000
vt 0.800000 -0.366519 0.000000
vt -0.000000 -0.366519 0.000000
vt 0.800000 -0.305433 0.000000
vt -0.000000 -0.305433 0.000000
vt 0.800000 -0.244346 0.000000
vt -0.000000 -0.244346 0.000000
vt 0.800000 -0.183260 0.000000
vt -0.000000 -0.183260 0.000000
vt 0.800000 -0.122173 0.000000
vt -0.000000 -0.122173 0.000000
vt 0.800000 -0.061087 0.000000
vt -0.000000 -0.061087 0.000000
vt 0.800000 -0.000000 0.000000
vt -0.000000 -0.000000 0.000000
vt 0.800000 0.061087 0.000000
vt 0.000000 0.061087 0.000000
vt 0.800000 0.122173 0.000000
vt 0.000000 0.122173 0.000000
vt 0.800000 0.183260 0.000000
vt 0.000000 0.183260 0.000000
vt 0.800000 0.244346 0.000000
vt 0.000000 0.244346 0.000000
vt 0.800000 0.305433 0.000000
vt 0.000000 0.305433 0.000000
vt 0.800000 0.366519 0.000000
vt 0.000000 0.366519 0.000000
vt 0.800000 0.427606 0.000000
vt 0.000000 0.427606 0.000000
vt 0.800000 0.488692 0.000000
vt 0.000000 0.488692 0.000000
vt 0.800000 0.549779 0.000000
vt 0.000000 0.549779 0.000000
vt 0.800000 0.610865 0.000000
vt 0.000000 0.610865 0.000000
vt 0.800000 0.671952 0.000000
vt 0.000000 0.671952 0.000000
vt 0.800000 0.733038 0.000000
vt 0.000000 0.733038 0.000000
vt 0.800000 0.794125 0.000000
vt 0.000000 0.794125 0.000000
vt 0.800000 0.855211 0.000000
vt 0.000000 0.855211 0.000000
vt 0.800000 0.916298 0.000000
vt 0.000000 0.916298 0.000000
vt 0.800000 0.977384 0.000000
vt 0.800000 -1.038471 0.000000
vt -0.000000 -1.038471 0.000000
vt 0.800000 -1.099557 0.000000
vt -0.000000 -1.099557 0.000000
vt 0.800000 1.099557 0.000000
vt -0.000000 1.099557 0.000000
vt 0.800000 1.038471 0.000000
vt 0.000000 1.038471 0.000000
vt 0.000000 0.977384 0.000000
vt 0.800000 -0.977384 0.000000
vt -0.000000 -0.977384 0.000000
vt 0.800000 -0.916298 0.000000
vt -0.000000 -0.916298 0.000000
vt 0.800000 -0.855211 0.000000
vt -0.000000 -0.855211 0.000000
vt 0.800000 -0.794125 0.000000
vt -0.000000 -0.794125 0.000000
vt 0.800000 -0.733038 0.000000
vt -0.000000 -0.733038 0.000000
vt 0.800000 -0.671952 0.000000
vt -0.000000 -0.671952 0.000000
vt 0.800000 -0.610865 0.000000
vt -0.000000 -0.610865 0.000000
vt 0.800000 -0.549779 0.000000
vt -0.000000 -0.549779 0.000000
vt 0.800000 -0.488692 0.000000
vt -0.000000 -0.488692 0.000000
vt 0.800000 -0.427606 0.000000
vt -0.000000 -0.427606 0.000000
vt 0.800000 -0.366519 0.000000
vt -0.000000 -0.366519 0.000000
vt 0.800000 -0.305433 0.000000
vt -0.000000 -0.305433 0.000000
vt 0.800000 -0.244346 0.000000
vt -0.000000 -0.244346 0.000000
vt 0.800000 -0.183260 0.000000
vt -0.000000 -0.183260 0.000000
vt 0.800000 -0.122173 0.000000
vt -0.000000 -0.122173 0.000000
vt 0.800000 -0.061087 0.000000
vt -0.000000 -0.061087 0.000000
vt 0.800000 -0.000000 0.000000
vt -0.000000 -0.000000 0.000000
vt 0.800000 0.061087 0.000000
vt 0.000000 0.061087 0.000000
vt 0.800000 0.122173 0.000000
vt 0.000000 0.122173 0.000000
vt 0.800000 0.183260 0.000000
vt 0.000000 0.183260 0.000000
vt 0.800000 0.244346 0.000000
vt 0.000000 0.244346 0.000000
vt 0.800000 0.305433 0.000000
vt 0.000000 0.305433 0.000000
vt 0.800000 0.366519 0.000000
vt 0.000000 0.366519 0.000000
vt 0.800000 0.427606 0.000000
vt 0.000000 0.427606 0.000000
vt 0.800000 0.488692 0.000000
vt 0.000000 0.488692 0.000000
vt 0.800000 0.549779 0.000000
vt 0.000000 0.549779 0.000000
vt 0.800000 0.610865 0.000000
vt 0.000000 0.610865 0.000000
vt 0.800000 0.671952 0.000000
vt 0.000000 0.671952 0.000000
vt 0.800000 0.733038 0.000000
vt 0.000000 0.733038 0.000000
vt 0.800000 0.794125 0.000000
vt 0.000000 0.794125 0.000000
vt 0.800000 0.855211 0.000000
vt 0.000000 0.855211 0.000000
vt 0.800000 0.916298 0.000000
vt 0.000000 0.916298 0.000000
vt 0.800000 0.977384 0.000000
vt 0.800000 -1.038471 0.000000
vt -0.000000 -1.038471 0.000000
vt 0.800000 -1.099557 0.000000
vt -0.000000 -1.099557 0.000000
vt 0.800000 1.099557 0.000000
vt -0.000000 1.099557 0.000000
vt 0.800000 1.038471 0.000000
vt 0.000000 1.038471 0.000000
vt 0.000000 0.977384 0.000000
vt 0.800000 -0.977384 0.000000
vt -0.000000 -0.977384 0.000000
vt 0.800000 -0.916298 0.000000
vt -0.000000 -0.916298 0.000000
vt 0.800000 -0.855211 0.000000
vt -0.000000 -0.855211 0.000000
vt 0.800000 -0.794125 0.000000
vt -0.000000 -0.794125 0.000000
vt 0.800000 -0.733038 0.000000
vt -0.000000 -0.733038 0.000000
vt 0.800000 -0.671952 0.000000
vt -0.000000 -0.671952 0.000000
vt 0.800000 -0.610865 0.000000
vt -0.000000 -0.610865 0.000000
vt 0.800000 -0.549779 0.000000
vt -0.000000 -0.549779 0.000000
vt 0.800000 -0.488692 0.000000
vt -0.000000 -0.488692 0.000000
vt 0.800000 -0.427606 0.000000
vt -0.000000 -0.427606 0.000000
vt 0.800000 -0.366519 0.000000
vt -0.000000 -0.366519 0.000000
vt 0.800000 -0.305433 0.000000
vt -0.000000 -0.305433 0.000000
vt 0.800000 -0.244346 0.000000
vt -0.000000 -0.244346 0.000000
vt 0.800000 -0.183260 0.000000
vt -0.000000 -0.183260 0.000000
vt 0.800000 -0.122173 0.000000
vt -0.000000 -0.122173 0.000000
vt 0.800000 -0.061087 0.000000
vt -0.000000 -0.061087 0.000000
vt 0.800000 -0.000000 0.000000
vt -0.000000 -0.000000 0.000000
vt 0.800000 0.061087 0.000000
vt 0.000000 0.061087 0.000000
vt 0.800000 0.122173 0.000000
vt 0.000000 0.122173 0.000000
vt 0.800000 0.183260 0.000000
vt 0.000000 0.183260 0.000000
vt 0.800000 0.244346 0.000000
vt 0.000000 0.244346 0.000000
vt 0.800000 0.305433 0.000000
vt 0.000000 0.305433 0.000000
vt 0.800000 0.366519 0.000000
vt 0.000000 0.366519 0.000000
vt 0.800000 0.427606 0.000000
vt 0.000000 0.427606 0.000000
vt 0.800000 0.488692 0.000000
vt 0.000000 0.488692 0.000000
vt 0.800000 0.549779 0.000000
vt 0.000000 0.549779 0.000000
vt 0.800000 0.610865 0.000000
vt 0.000000 0.610865 0.000000
vt 0.800000 0.671952 0.000000
vt 0.000000 0.671952 0.000000
vt 0.800000 0.733038 0.000000
vt 0.000000 0.733038 0.000000
vt 0.800000 0.794125 0.000000
vt 0.000000 0.794125 0.000000
vt 0.800000 0.855211 0.000000
vt 0.000000 0.855211 0.000000
vt 0.800000 0.916298 0.000000
vt 0.000000 0.916298 0.000000
vt 0.800000 0.977384 0.000000
vt 0.800000 -1.038471 0.000000
vt -0.000000 -1.038471 0.000000
vt 0.800000 -1.099557 0.000000
vt 0.000000 -1.099557 0.000000
vt 0.800000 1.099557 0.000000
vt 0.000000 1.099557 0.000000
vt 0.800000 1.038471 0.000000
vt 0.000000 1.038471 0.000000
vt 0.000000 0.977384 0.000000
vt 0.800000 -0.977384 0.000000
vt -0.000000 -0.977384 0.000000
vt 0.800000 -0.916298 0.000000
vt -0.000000 -0.916298 0.000000
vt 0.800000 -0.855211 0.000000
vt -0.000000 -0.855211 0.000000
vt 0.800000 -0.794125 0.000000
vt -0.000000 -0.794125 0.000000
vt 0.800000 -0.733038 0.000000
vt -0.000000 -0.733038 0.000000
vt 0.800000 -0.671952 0.000000
vt -0.000000 -0.671952 0.000000
vt 0.800000 -0.610865 0.000000
vt -0.000000 -0.610865 0.000000
vt 0.800000 -0.549779 0.000000
vt -0.000000 -0.549779 0.000000
vt 0.800000 -0.488692 0.000000
vt -0.000000 -0.488692 0.000000
vt 0.800000 -0.427606 0.000000
vt -0.000000 -0.427606 0.000000
vt 0.800000 -0.366519 0.000000
vt -0.000000 -0.366519 0.000000
vt 0.800000 -0.305433 0.000000
vt -0.000000 -0.305433 0.000000
vt 0.800000 -0.244346 0.000000
vt -0.000000 -0.244346 0.000000
vt 0.800000 -0.183260 0.000000
vt -0.000000 -0.183260 0.000000
vt 0.800000 -0.122173 0.000000
vt -0.000000 -0.122173 0.000000
vt 0.800000 -0.061087 0.000000
vt -0.000000 -0.061087 0.000000
vt 0.800000 -0.000000 0.000000
vt -0.000000 -0.000000 0.000000
vt 0.800000 0.061087 0.000000
vt 0.000000 0.061087 0.000000
vt 0.800000 0.122173 0.000000
vt 0.000000 0.122173 0.000000
vt 0.800000 0.183260 0.000000
vt 0.000000 0.183260 0.000000
vt 0.800000 0.244346 0.000000
vt 0.000000 0.244346 0.000000
vt 0.800000 0.305433 0.000000
vt 0.000000 0.305433 0.000000
vt 0.800000 0.366519 0.000000
vt 0.000000 0.366519 0.000000
vt 0.800000 0.427606 0.000000
vt 0.000000 0.427606 0.000000
vt 0.800000 0.488692 0.000000
vt 0.000000 0.488692 0.000000
vt 0.800000 0.549779 0.000000
vt 0.000000 0.549779 0.000000
vt 0.800000 0.610865 0.000000
vt 0.000000 0.610865 0.000000
vt 0.800000 0.671952 0.000000
vt 0.000000 0.671952 0.000000
vt 0.800000 0.733038 0.000000
vt 0.000000 0.733038 0.000000
vt 0.800000 0.794125 0.000000
vt 0.000000 0.794125 0.000000
vt 0.800000 0.855211 0.000000
vt 0.000000 0.855211 0.000000
vt 0.800000 0.916298 0.000000
vt 0.000000 0.916298 0.000000
vt 0.800000 0.977384 0.000000
vt 0.800000 -1.038471 0.000000
vt -0.000000 -1.038471 0.000000
vt 0.800000 -1.099557 0.000000
vt 0.000000 -1.099557 0.000000
vt 0.800000 1.099557 0.000000
vt 0.000000 1.099557 0.000000
vt 0.800000 1.038471 0.000000
vt 0.000000 1.038471 0.000000
vt 0.000000 0.977384 0.000000
vt 0.800000 -0.977384 0.000000
vt -0.000000 -0.977384 0.000000
vt 0.800000 -0.916298 0.000000
vt -0.000000 -0.916298 0.000000
vt 0.800000 -0.855211 0.000000
vt -0.000000 -0.855211 0.000000
vt 0.800000 -0.794125 0.000000
vt -0.000000 -0.794125 0.000000
vt 0.800000 -0.733038 0.000000
vt -0.000000 -0.733038 0.000000
vt 0.800000 -0.671952 0.000000
vt -0.000000 -0.671952 0.000000
vt 0.800000 -0.610865 0.000000
vt -0.000000 -0.610865 0.000000
vt 0.800000 -0.549779 0.000000
vt -0.000000 -0.549779 0.000000
vt 0.800000 -0.488692 0.000000
vt -0.000000 -0.488692 0.000000
vt 0.800000 -0.427606 0.000000
vt -0.000000 -0.427606 0.000000
vt 0.800000 -0.366519 0.000000
vt -0.000000 -0.366519 0.000000
vt 0.800000 -0.305433 0.000000
vt -0.000000 -0.305433 0.000000
vt 0.800000 -0.244346 0.000000
vt -0.000000 -0.244346 0.000000
vt 0.800000 -0.183260 0.000000
vt -0.000000 -0.183260 0.000000
vt 0.800000 -0.122173 0.000000
vt -0.000000 -0.122173 0.000000
vt 0.800000 -0.061087 0.000000
vt -0.000000 -0.061087 0.000000
vt 0.800000 -0.000000 0.000000
vt -0.000000 -0.000000 0.000000
vt 0.800000 0.061087 0.000000
vt 0.000000 0.061087 0.000000
vt 0.800000 0.122173 0.000000
vt 0.000000 0.122173 0.000000
vt 0.800000 0.183260 0.000000
vt 0.000000 0.183260 0.000000
vt 0.800000 0.244346 0.000000
vt 0.000000 0.244346 0.000000
vt 0.800000 0.305433 0.000000
vt 0.000000 0.305433 0.000000
vt 0.800000 0.366519 0.000000
vt 0.000000 0.366519 0.000000
vt 0.800000 0.427606 0.000000
vt 0.000000 0.427606 0.000000
vt 0.800000 0.488692 0.000000
vt 0.000000 0.488692 0.000000
vt 0.800000 0.549779 0.000000
vt 0.000000 0.549779 0.000000
vt 0.800000 0.610865 0.000000
vt 0.000000 0.610865 0.000000
vt 0.800000 0.671952 0.000000
vt 0.000000 0.671952 0.000000
vt 0.800000 0.733038 0.000000
vt 0.000000 0.733038 0.000000
vt 0.800000 0.794125 0.000000
vt 0.000000 0.794125 0.000000
vt 0.800000 0.855211 0.000000
vt 0.000000 0.855211 0.000000
vt 0.800000 0.916298 0.000000
vt 0.000000 0.916298 0.000000
vt 0.800000 0.977384 0.000000
vt 0.800000 -1.038471 0.000000
vt -0.000000 -1.038471 0.000000
vt 0.800000 -1.099557 0.000000
vt 0.000000 -1.099557 0.000000
vt 0.800000 1.099557 0.000000
vt 0.000000 1.099557 0.000000
vt 0.800000 1.038471 0.000000
vt 0.000000 1.038471 0.000000
vt 0.000000 0.977384 0.000000
vt 0.800000 -0.977384 0.000000
vt -0.000000 -0.977384 0.000000
vt 0.800000 -0.916298 0.000000
vt -0.000000 -0.916298 0.000000
vt 0.800000 -0.855211 0.000000
vt -0.000000 -0.855211 0.000000
vt 0.800000 -0.794125 0.000000
vt -0.000000 -0.794125 0.000000
vt 0.800000 -0.733038 0.000000
vt -0.000000 -0.733038 0.000000
vt 0.800000 -0.671952 0.000000
vt -0.000000 -0.671952 0.000000
vt 0.800000 -0.610865 0.000000
vt -0.000000 -0.610865 0.000000
vt 0.800000 -0.549779 0.000000
vt -0.000000 -0.549779 0.000000
vt 0.800000 -0.488692 0.000000
vt -0.000000 -0.488692 0.000000
vt 0.800000 -0.427606 0.000000
vt -0.000000 -0.427606 0.000000
vt 0.800000 -0.366519 0.000000
vt -0.000000 -0.366519 0.000000
vt 0.800000 -0.305433 0.000000
vt -0.000000 -0.305433 0.000000
vt 0.800000 -0.244346 0.000000
vt -0.000000 -0.244346 0.000000
vt 0.800000 -0.183260 0.000000
vt -0.000000 -0.183260 0.000000
vt 0.800000 -0.122173 0.000000
vt -0.000000 -0.122173 0.000000
vt 0.800000 -0.061087 0.000000
vt -0.000000 -0.061087 0.000000
vt 0.800000 -0.000000 0.000000
vt -0.000000 -0.000000 0.000000
vt 0.800000 0.061087 0.000000
vt 0.000000 0.061087 0.000000
vt 0.800000 0.122173 0.000000
vt 0.000000 0.122173 0.000000
vt 0.800000 0.183260 0.000000
vt 0.000000 0.183260 0.000000
vt 0.800000 0.244346 0.000000
vt 0.000000 0.244346 0.000000
vt 0.800000 0.305433 0.000000
vt 0.000000 0.305433 0.000000
vt 0.800000 0.366519 0.000000
vt 0.000000 0.366519 0.000000
vt 0.800000 0.427606 0.000000
vt 0.000000 0.427606 0.000000
vt 0.800000 0.488692 0.000000
vt 0.000000 0.488692 0.000000
vt 0.800000 0.549779 0.000000
vt 0.000000 0.549779 0.000000
vt 0.800000 0.610865 0.000000
vt 0.000000 0.610865 0.000000
vt 0.800000 0.671952 0.000000
vt 0.000000 0.671952 0.000000
vt 0.800000 0.733038 0.000000
vt 0.000000 0.733038 0.000000
vt 0.800000 0.794125 0.000000
vt 0.000000 0.794125 0.000000
vt 0.800000 0.855211 0.000000
vt 0.000000 0.855211 0.000000
vt 0.800000 0.916298 0.000000
vt 0.000000 0.916298 0.000000
vt 0.800000 0.977384 0.000000
vt -0.000000 -9.426608 0.000000
vt -0.141421 -9.430164 0.000000
vt -0.000000 -9.613274 0.000000
vt -0.141421 -9.613274 0.000000
vt -0.000000 9.613274 0.000000
vt -0.141421 9.613274 0.000000
vt -0.141421 9.430164 0.000000
vt -0.141421 -9.247054 0.000000
vt -0.000000 -9.239943 0.000000
vt -0.141421 -9.063944 0.000000
vt -0.000000 -9.053277 0.000000
vt -0.141421 -8.880834 0.000000
vt 0.000000 -8.866611 0.000000
vt -0.141421 -8.697724 0.000000
vt -0.000000 -8.679946 0.000000
vt -0.141421 -8.514614 0.000000
vt -0.000000 -8.493280 0.000000
vt -0.141421 -8.331504 0.000000
vt -0.000000 -8.306615 0.000000
vt -0.141421 -8.148394 0.000000
vt -0.000000 -8.119949 0.000000
vt -0.141421 -7.965284 0.000000
vt -0.000000 -7.933284 0.000000
vt -0.141421 -7.782174 0.000000
vt -0.000000 -7.746618 0.000000
vt -0.141421 -7.599064 0.000000
vt 0.000000 -7.559953 0.000000
vt -0.141421 -7.415954 0.000000
vt 0.000000 -7.373287 0.000000
vt -0.141421 -7.232844 0.000000
vt 0.000000 -7.186622 0.000000
vt -0.141421 -7.049734 0.000000
vt -0.000000 -6.999956 0.000000
vt -0.141421 -6.866624 0.000000
vt -0.000000 -6.813291 0.000000
vt -0.141421 -6.683514 0.000000
vt -0.000000 -6.626625 0.000000
vt -0.141421 -6.500404 0.000000
vt -0.000000 -6.439960 0.000000
vt -0.141421 -6.317294 0.000000
vt -0.000000 -6.253294 0.000000
vt -0.141421 -6.134184 0.000000
vt -0.000000 -6.066629 0.000000
vt -0.141421 -5.951074 0.000000
vt -0.000000 -5.879963 0.000000
vt -0.141421 -5.767964 0.000000
vt -0.000000 -5.693298 0.000000
vt -0.141421 -5.584854 0.000000
vt -0.000000 -5.506632 0.000000
vt -0.141421 -5.401744 0.000000
vt -0.000000 -5.319967 0.000000
vt -0.141421 -5.218634 0.000000
vt -0.000000 -5.133301 0.000000
vt -0.141421 -5.035524 0.000000
vt -0.000000 -4.946636 0.000000
vt -0.141421 -4.852414 0.000000
vt -0.000000 -4.759970 0.000000
vt -0.141421 -4.669304 0.000000
vt -0.000000 -4.573305 0.000000
vt -0.141421 -4.486194 0.000000
vt -0.000000 -4.386639 0.000000
vt -0.141421 -4.303084 0.000000
vt -0.000000 -4.199974 0.000000
vt -0.141421 -4.119974 0.000000
vt -0.000000 -4.013308 0.000000
vt -0.141421 -3.936864 0.000000
vt -0.000000 -3.826643 0.000000
vt -0.141421 -3.753754 0.000000
vt -0.000000 -3.639977 0.000000
vt -0.141421 -3.570644 0.000000
vt -0.000000 -3.453312 0.000000
vt -0.141421 -3.387534 0.000000
vt 0.000000 -3.266646 0.000000
vt -0.141421 -3.204425 0.000000
vt 0.000000 -3.079981 0.000000
vt -0.141421 -3.021315 0.000000
vt 0.000000 -2.893315 0.000000
vt -0.141421 -2.838205 0.000000
vt 0.000000 -2.706650 0.000000
vt -0.141421 -2.655095 0.000000
vt 0.000000 -2.519984 0.000000
vt -0.141421 -2.471985 0.000000
vt 0.000000 -2.333319 0.000000
vt -0.141421 -2.288875 0.000000
vt 0.000000 -2.146653 0.000000
vt -0.141421 -2.105765 0.000000
vt -0.000000 -1.959988 0.000000
vt -0.141421 -1.922655 0.000000
vt -0.000000 -1.773322 0.000000
vt -0.141421 -1.739545 0.000000
vt 0.000000 -1.586657 0.000000
vt -0.141421 -1.556435 0.000000
vt 0.000000 -1.399991 0.000000
vt -0.141421 -1.373325 0.000000
vt 0.000000 -1.213326 0.000000
vt -0.141421 -1.190215 0.000000
vt 0.000000 -1.026660 0.000000
vt -0.141421 -1.007105 0.000000
vt 0.000000 -0.839995 0.000000
vt -0.141421 -0.823995 0.000000
vt 0.000000 -0.653329 0.000000
vt -0.141421 -0.640885 0.000000
vt -0.000000 -0.466664 0.000000
vt -0.141421 -0.457775 0.000000
vt 0.000000 -0.279998 0.000000
vt -0.141421 -0.274665 0.000000
vt 0.000000 -0.093333 0.000000
vt -0.141421 -0.091555 0.000000
vt -0.141421 0.091555 0.000000
vt 0.000000 0.093333 0.000000
vt -0.141421 0.274665 0.000000
vt 0.000000 0.279998 0.000000
vt -0.141421 0.457775 0.000000
vt 0.000000 0.466664 0.000000
vt -0.141421 0.640885 0.000000
vt -0.000000 0.653329 0.000000
vt -0.141421 0.823995 0.000000
vt 0.000000 0.839995 0.000000
vt -0.141421 1.007105 0.000000
vt 0.000000 1.026660 0.000000
vt -0.141421 1.190215 0.000000
vt 0.000000 1.213326 0.000000
vt -0.141421 1.373325 0.000000
vt 0.000000 1.399991 0.000000
vt -0.141421 1.556435 0.000000
vt 0.000000 1.586657 0.000000
vt -0.141421 1.739545 0.000000
vt 0.000000 1.773322 0.000000
vt -0.141421 1.922655 0.000000
vt 0.000000 1.959988 0.000000
vt -0.141421 2.105765 0.000000
vt -0.000000 2.146653 0.000000
vt -0.141421 2.288875 0.000000
vt -0.000000 2.333319 0.000000
vt -0.141421 2.471985 0.000000
vt 0.000000 2.519984 0.000000
vt -0.141421 2.655095 0.000000
vt 0.000000 2.706650 0.000000
vt -0.141421 2.838205 0.000000
vt 0.000000 2.893315 0.000000
vt -0.141421 3.021315 0.000000
vt 0.000000 3.079981 0.000000
vt -0.141421 3.204425 0.000000
vt 0.000000 3.266646 0.000000
vt -0.141421 3.387534 0.000000
vt 0.000000 3.453312 0.000000
vt -0.141421 3.570644 0.000000
vt 0.000000 3.639977 0.000000
vt -0.141421 3.753754 0.000000
vt 0.000000 3.826643 0.000000
vt -0.141421 3.936864 0.000000
vt 0.000000 4.013308 0.000000
vt -0.141421 4.119974 0.000000
vt 0.000000 4.199974 0.000000
vt -0.141421 4.303084 0.000000
vt 0.000000 4.386639 0.000000
vt -0.141421 4.486194 0.000000
vt 0.000000 4.573305 0.000000
vt -0.141421 4.669304 0.000000
vt 0.000000 4.759970 0.000000
vt -0.141421 4.852414 0.000000
vt 0.000000 4.946636 0.000000
vt -0.141421 5.035524 0.000000
vt 0.000000 5.133301 0.000000
vt -0.141421 5.218634 0.000000
vt 0.000000 5.319967 0.000000
vt -0.141421 5.401744 0.000000
vt 0.000000 5.506632 0.000000
vt -0.141421 5.584854 0.000000
vt 0.000000 5.693298 0.000000
vt -0.141421 5.767964 0.000000
vt 0.000000 5.879963 0.000000
vt -0.141421 5.951074 0.000000
vt 0.000000 6.066629 0.000000
vt -0.141421 6.134184 0.000000
vt 0.000000 6.253294 0.000000
vt -0.141421 6.317294 0.000000
vt 0.000000 6.439960 0.000000
vt -0.141421 6.500404 0.000000
vt -0.000000 6.626625 0.000000
vt -0.141421 6.683514 0.000000
vt -0.000000 6.813291 0.000000
vt -0.141421 6.866624 0.000000
vt -0.000000 6.999956 0.000000
vt -0.141421 7.049734 0.000000
vt -0.000000 7.186622 0.000000
vt -0.141421 7.232844 0.000000
vt -0.000000 7.373287 0.000000
vt -0.141421 7.415954 0.000000
vt -0.000000 7.559953 0.000000
vt -0.141421 7.599064 0.000000
vt 0.000000 7.746618 0.000000
vt -0.141421 7.782174 0.000000
vt 0.000000 7.933284 0.000000
vt -0.141421 7.965284 0.000000
vt -0.000000 8.119949 0.000000
vt -0.141421 8.148394 0.000000
vt -0.000000 8.306615 0.000000
vt -0.141421 8.331504 0.000000
vt -0.000000 8.493280 0.000000
vt -0.141421 8.514614 0.000000
vt -0.000000 8.679946 0.000000
vt -0.141421 8.697724 0.000000
vt -0.000000 8.866611 0.000000
vt -0.141421 8.880834 0.000000
vt 0.000000 9.053277 0.000000
vt -0.141421 9.063944 0.000000
vt 0.000000 9.239943 0.000000
vt -0.141421 9.247054 0.000000
vt -0.000000 9.426608 0.000000
vt -1.260000 5.574756 0.000000
vt -1.000000 5.574756 0.000000
vt -1.260000 5.717699 0.000000
vt -1.000000 5.717699 0.000000
vt -1.260000 -5.717699 0.000000
vt -1.000000 -5.717699 0.000000
vt -1.260000 -5.574756 0.000000
vt -1.000000 -5.574756 0.000000
vt -1.260000 -5.431814 0.000000
vt -1.000000 -5.431814 0.000000
vt -1.260000 -5.288871 0.000000
vt -1.000000 -5.288871 0.000000
vt -1.260000 -5.145929 0.000000
vt -1.000000 -5.145929 0.000000
vt -1.260000 -5.002986 0.000000
vt -1.000000 -5.002986 0.000000
vt -1.260000 -4.860044 0.000000
vt -1.000000 -4.860044 0.000000
vt -1.260000 -4.717101 0.000000
vt -1.000000 -4.717101 0.000000
vt -1.260000 -4.574159 0.000000
vt -1.000000 -4.574159 0.000000
vt -1.260000 -4.431216 0.000000
vt -1.000000 -4.431216 0.000000
vt -1.260000 -4.288274 0.000000
vt -1.000000 -4.288274 0.000000
vt -1.260000 -4.145332 0.000000
vt -1.000000 -4.145332 0.000000
vt -1.260000 -4.002389 0.000000
vt -1.000000 -4.002389 0.000000
vt -1.260000 -3.859447 0.000000
vt -1.000000 -3.859447 0.000000
vt -1.260000 -3.716504 0.000000
vt -1.000000 -3.716504 0.000000
vt -1.260000 -3.573562 0.000000
vt -1.000000 -3.573562 0.000000
vt -1.260000 -3.430619 0.000000
vt -1.000000 -3.430619 0.000000
vt -1.260000 -3.287677 0.000000
vt -1.000000 -3.287677 0.000000
vt -1.260000 -3.144734 0.000000
vt -1.000000 -3.144734 0.000000
vt -1.260000 -3.001792 0.000000
vt -1.000000 -3.001792 0.000000
vt -1.260000 -2.858849 0.000000
vt -1.000000 -2.858849 0.000000
vt -1.260000 -2.715907 0.000000
vt -1.000000 -2.715907 0.000000
vt -1.260000 -2.572964 0.000000
vt -1.000000 -2.572964 0.000000
vt -1.260000 -2.430022 0.000000
vt -1.000000 -2.430022 0.000000
vt -1.260000 -2.287079 0.000000
vt -1.000000 -2.287079 0.000000
vt -1.260000 -2.144137 0.000000
vt -1.000000 -2.144137 0.000000
vt -1.260000 -2.001195 0.000000
vt -1.000000 -2.001195 0.000000
vt -1.260000 -1.858252 0.000000
vt -1.000000 -1.858252 0.000000
vt -1.260000 -1.715310 0.000000
vt -1.000000 -1.715310 0.000000
vt -1.260000 -1.572367 0.000000
vt -1.000000 -1.572367 0.000000
vt -1.260000 -1.429425 0.000000
vt -1.000000 -1.429425 0.000000
vt -1.260000 -1.286482 0.000000
vt -1.000000 -1.286482 0.000000
vt -1.260000 -1.143540 0.000000
vt -1.000000 -1.143540 0.000000
vt -1.260000 -1.000597 0.000000
vt -1.000000 -1.000597 0.000000
vt -1.260000 -0.857655 0.000000
vt -1.000000 -0.857655 0.000000
vt -1.260000 -0.714712 0.000000
vt -1.000000 -0.714712 0.000000
vt -1.260000 -0.571770 0.000000
vt -1.000000 -0.571770 0.000000
vt -1.260000 -0.428827 0.000000
vt -1.000000 -0.428827 0.000000
vt -1.260000 -0.285885 0.000000
vt -1.000000 -0.285885 0.000000
vt -1.260000 -0.142942 0.000000
vt -1.000000 -0.142942 0.000000
vt -1.260000 -0.000000 0.000000
vt -1.000000 0.000000 0.000000
vt -1.260000 0.142942 0.000000
vt -1.000000 0.142942 0.000000
vt -1.260000 0.285885 0.000000
vt -1.000000 0.285885 0.000000
vt -1.260000 0.428827 0.000000
vt -1.000000 0.428827 0.000000
vt -1.260000 0.571770 0.000000
vt -1.000000 0.571770 0.000000
vt -1.260000 0.714712 0.000000
vt -1.000000 0.714712 0.000000
vt -1.260000 0.857655 0.000000
vt -1.000000 0.857655 0.000000
vt -1.260000 1.000597 0.000000
vt -1.000000 1.000597 0.000000
vt -1.260000 1.143540 0.000000
vt -1.000000 1.143540 0.000000
vt -1.260000 1.286482 0.000000
vt -1.000000 1.286482 0.000000
vt -1.260000 1.429425 0.000000
vt -1.000000 1.429425 0.000000
vt -1.260000 1.572367 0.000000
vt -1.000000 1.572367 0.000000
vt -1.260000 1.715310 0.000000
vt -1.000000 1.715310 0.000000
vt -1.260000 1.858252 0.000000
vt -1.000000 1.858252 0.000000
vt -1.260000 2.001195 0.000000
vt -1.000000 2.001195 0.000000
vt -1.260000 2.144137 0.000000
vt -1.000000 2.144137 0.000000
vt -1.260000 2.287079 0.000000
vt -1.000000 2.287079 0.000000
vt -1.260000 2.430022 0.000000
vt -1.000000 2.430022 0.000000
vt -1.260000 2.572964 0.000000
vt -1.000000 2.572964 0.000000
vt -1.260000 2.715907 0.000000
vt -1.000000 2.715907 0.000000
vt -1.260000 2.858849 0.000000
vt -1.000000 2.858849 0.000000
vt -1.260000 3.001792 0.000000
vt -1.000000 3.001792 0.000000
vt -1.260000 3.144734 0.000000
vt -1.000000 3.144734 0.000000
vt -1.260000 3.287677 0.000000
vt -1.000000 3.287677 0.000000
vt -1.260000 3.430619 0.000000
vt -1.000000 3.430619 0.000000
vt -1.260000 3.573562 0.000000
vt -1.000000 3.573562 0.000000
vt -1.260000 3.716504 0.000000
vt -1.000000 3.716504 0.000000
vt -1.260000 3.859447 0.000000
vt -1.000000 3.859447 0.000000
vt -1.260000 4.002389 0.000000
vt -1.000000 4.002389 0.000000
vt -1.260000 4.145332 0.000000
vt -1.000000 4.145332 0.000000
vt -1.260000 4.288274 0.000000
vt -1.000000 4.288274 0.000000
vt -1.260000 4.431216 0.000000
vt -1.000000 4.431216 0.000000
vt -1.260000 4.574159 0.000000
vt -1.000000 4.574159 0.000000
vt -1.260000 4.717101 0.000000
vt -1.000000 4.717101 0.000000
vt -1.260000 4.860044 0.000000
vt -1.000000 4.860044 0.000000
vt -1.260000 5.002986 0.000000
vt -1.000000 5.002986 0.000000
vt -1.260000 5.145929 0.000000
vt -1.000000 5.145929 0.000000
vt -1.260000 5.288871 0.000000
vt -1.000000 5.288871 0.000000
vt -1.260000 5.431814 0.000000
vt -1.000000 5.431814 0.000000
vn 0.000000 0.000000 -0.100000
vn 0.000000 0.000000 -0.100000
vn 0.000000 0.000000 -0.100000
vn 0.000000 0.000000 -0.100000
vn 0.000000 0.000000 -0.100000
vn 0.000000 0.000000 -0.100000
vn 0.000000 0.000000 -0.100000
vn 0.000000 0.000000 -0.100000
vn 0.000000 0.000000 -0.100000
vn 0.000000 0.000000 -0.100000
vn 0.000000 0.000000 -0.100000
vn 0.000000 0.000000 -0.100000
vn 0.000000 0.000000 -0.100000
vn 0.000000 0.000000 -0.100000
vn 0.000000 0.000000 -0.100000
vn 0.000000 0.000000 -0.100000
vn 0.000000 0.000000 -0.100000
vn 0.000000 0.000000 -0.100000
vn 0.000000 0.000000 -0.100000
vn 0.000000 0.000000 -0.100000
vn 0.000000 0.000000 -0.100000
vn 0.000000 0.000000 -0.100000
vn 0.000000 0.000000 -0.100000
vn 0.000000 0.000000 -0.100000
vn 0.000000 0.000000 -0.100000
vn 0.000000 0.000000 -0.100000
vn 0.000000 0.000000 -0.100000
vn 0.000000 0.000000 -0.100000
vn 0.000000 0.000000 -0.100000
vn 0.000000 0.000000 -0.100000
vn 0.000000 0.000000 -0.100000
vn 0.000000 0.000000 -0.100000
vn 0.000000 0.000000 -0.100000
vn 0.000000 0.000000 -0.100000
vn 0.000000 0.000000 -0.100000
vn 0.000000 0.000000 -0.100000
vn 0.000000 0.000000 -0.100000
vn 0.000000 0.000000 -0.100000
vn 0.000000 0.000000 -0.100000
vn 0.000000 0.000000 -0.100000
vn 0.000000 0.000000 -0.100000
vn 0.000000 0.000000 -0.100000
vn 0.000000 0.000000 -0.100000
vn 0.000000 0.000000 -0.100000
vn 0.000000 0.000000 -0.100000
vn 0.000000 0.000000 -0.100000
vn 0.000000 0.000000 -0.100000
vn 0.000000 0.000000 -0.100000
vn 0.000000 0.000000 -0.100000
vn 0.000000 0.000000 -0.100000
vn 0.000000 0.000000 -0.100000
vn 0.000000 0.000000 -0.100000
vn 0.000000 0.000000 -0.100000
vn 0.000000 0.000000 -0.100000
vn 0.000000 0.000000 -0.100000
vn 0.000000 0.000000 -0.100000
vn 0.000000 0.000000 -0.100000
vn 0.000000 0.000000 -0.100000
vn 0.000000 0.000000 -0.100000
vn 0.000000 0.000000 -0.100000
vn 0.000000 0.000000 -0.100000
vn 0.000000 0.000000 -0.100000
vn 0.000000 0.000000 -0.100000
vn 0.000000 0.000000 -0.100000
vn 0.000000 0.000000 -0.100000
vn 0.000000 0.000000 -0.100000
vn 0.000000 0.000000 -0.100000
vn 0.000000 0.000000 -0.100000
vn 0.000000 0.000000 -0.100000
vn 0.000000 0.000000 -0.100000
vn 0.000000 0.000000 -0.100000
vn 0.000000 0.000000 -0.100000
vn 0.000000 0.000000 -0.100000
vn 0.000000 0.000000 -0.100000
vn 0.000000 0.000000 -0.100000
vn 0.000000 0.000000 -0.100000
vn 0.000000 0.000000 -0.100000
vn 0.000000 0.000000 -0.100000
vn 0.000000 0.000000 -0.100000
vn 0.000000 0.000000 -0.100000
vn 0.000000 0.000000 -0.100000
vn 0.000000 0.000000 -0.100000
vn 0.000000 0.000000 -0.100000
vn 0.000000 0.000000 -0.100000
vn 0.000000 0.000000 -0.100000
vn 0.000000 0.000000 -0.100000
vn 0.000000 0.000000 -0.100000
vn 0.000000 0.000000 -0.100000
vn 0.000000 0.000000 -0.100000
vn 0.000000 0.000000 -0.100000
vn 0.000000 0.000000 -0.100000
vn 0.000000 0.000000 -0.100000
vn 0.000000 0.000000 -0.100000
vn 0.000000 0.000000 -0.100000
vn 0.000000 0.000000 -0.100000
vn 0.000000 0.000000 -0.100000
vn 0.000000 0.000000 -0.100000
vn 0.000000 0.000000 -0.100000
vn 0.000000 0.000000 -0.100000
vn 0.000000 0.000000 -0.100000
vn 0.000000 0.000000 -0.100000
vn 0.000000 0.000000 -0.100000
vn 0.000000 0.000000 -0.100000
vn 0.000000 0.000000 -0.100000
vn 0.000000 0.000000 -0.100000
vn 0.000000 0.000000 -0.100000
vn 0.000000 0.000000 -0.100000
vn 0.000000 0.000000 -0.100000
vn 0.000000 0.000000 -0.100000
vn 0.000000 0.000000 -0.100000
vn 0.000000 0.000000 -0.100000
vn 0.000000 0.000000 -0.100000
vn 0.000000 0.000000 -0.100000
vn 0.000000 0.000000 -0.100000
vn 0.000000 0.000000 -0.100000
vn 0.000000 0.000000 -0.100000
vn 0.000000 0.000000 -0.100000
vn 0.000000 0.000000 -0.100000
vn 0.000000 0.000000 -0.100000
vn 0.000000 0.000000 -0.100000
vn 0.000000 0.000000 -0.100000
vn 0.000000 0.000000 -0.100000
vn 0.000000 0.000000 -0.100000
vn 0.000000 0.000000 -0.100000
vn 0.000000 0.000000 -0.100000
vn 0.000000 0.000000 -0.100000
vn 0.000000 0.000000 -0.100000
vn 0.000000 0.000000 -0.100000
vn 0.000000 0.000000 -0.100000
vn 0.000000 0.000000 -0.100000
vn 0.000000 0.000000 -0.100000
vn 0.000000 0.000000 -0.100000
vn 0.000000 0.000000 -0.100000
vn 0.000000 0.000000 -0.100000
vn 0.000000 0.000000 -0.100000
vn 0.000000 0.000000 -0.100000
vn 0.000000 0.000000 -0.100000
vn 0.000000 0.000000 -0.100000
vn 0.000000 0.000000 -0.100000
vn 0.000000 0.000000 -0.100000
vn 0.000000 0.000000 -0.100000
vn 0.000000 0.000000 -0.100000
vn 0.000000 0.000000 -0.100000
vn 0.000000 0.000000 -0.100000
vn 0.000000 0.000000 -0.100000
vn 0.000000 0.000000 -0.100000
vn 0.000000 0.000000 -0.100000
vn 0.000000 0.000000 -0.100000
vn 0.000000 0.000000 -0.100000
vn 0.000000 0.000000 -0.100000
vn 0.000000 0.000000 -0.100000
vn 0.000000 0.000000 -0.100000
vn 0.000000 0.000000 -0.100000
vn 0.000000 0.000000 -0.100000
vn 0.000000 0.000000 -0.100000
vn 0.000000 0.000000 -0.100000
vn 0.000000 0.000000 -0.100000
vn 0.000000 0.000000 -0.100000
vn 0.000000 0.000000 -0.100000
vn 0.000000 0.000000 -0.100000
vn 0.000000 0.000000 -0.100000
vn 0.000000 0.000000 -0.100000
vn 0.000000 0.000000 -0.100000
vn 0.000000 0.000000 -0.100000
vn 0.000000 0.000000 -0.100000
vn 0.000000 0.000000 -0.100000
vn 0.000000 0.000000 -0.100000
vn 0.000000 0.000000 -0.100000
vn 0.000000 0.000000 -0.100000
vn 0.000000 0.000000 -0.100000
vn 0.000000 0.000000 -0.100000
vn 0.000000 0.000000 -0.100000
vn 0.000000 0.000000 -0.100000
vn 0.000000 0.000000 -0.100000
vn 0.000000 0.000000 -0.100000
vn 0.000000 0.000000 -0.100000
vn 0.000000 0.000000 -0.100000
vn 0.000000 0.000000 -0.100000
vn 0.000000 0.000000 -0.100000
vn 0.000000 0.000000 -0.100000
vn 0.000000 0.000000 -0.100000
vn 0.000000 0.000000 -0.100000
vn 0.000000 0.000000 -0.100000
vn 0.000000 0.000000 -0.100000
vn 0.000000 0.000000 -0.100000
vn 0.000000 0.000000 -0.100000
vn 0.000000 0.000000 -0.100000
vn 0.000000 0.000000 -0.100000
vn 0.000000 0.000000 -0.100000
vn 0.000000 0.000000 -0.100000
vn 0.000000 0.000000 -0.100000
vn 0.000000 0.000000 -0.100000
vn 0.000000 0.000000 -0.100000
vn 0.000000 0.000000 -0.100000
vn 0.000000 0.000000 -0.100000
vn 0.000000 0.000000 -0.100000
vn 0.000000 0.000000 -0.100000
vn 0.000000 0.000000 -0.100000
vn 0.000000 0.000000 -0.100000
vn 0.000000 0.000000 -0.100000
vn 0.000000 0.000000 -0.100000
vn 0.000000 0.000000 -0.100000
vn 0.000000 0.000000 -0.100000
vn 0.000000 0.000000 -0.100000
vn 0.000000 0.000000 -0.100000
vn 0.000000 0.000000 -0.100000
vn 0.000000 0.000000 -0.100000
vn 0.000000 0.000000 -0.100000
vn 0.000000 0.000000 -0.100000
vn 0.000000 0.000000 -0.100000
vn 0.000000 0.000000 -0.100000
vn 0.000000 0.000000 -0.100000
vn 0.000000 0.000000 -0.100000
vn 0.000000 0.000000 -0.100000
vn 0.000000 0.000000 -0.100000
vn 0.000000 0.000000 -0.100000
vn 0.000000 0.000000 -0.100000
vn 0.000000 0.000000 -0.100000
vn 0.000000 0.000000 -0.100000
vn 0.000000 0.000000 -0.100000
vn 0.000000 0.000000 -0.100000
vn 0.000000 0.000000 -0.100000
vn 0.000000 0.000000 -0.100000
vn 0.000000 0.000000 -0.100000
vn 0.000000 0.000000 -0.100000
vn 0.000000 0.000000 -0.100000
vn 0.000000 0.000000 -0.100000
vn 0.000000 0.000000 -0.100000
vn 0.000000 0.000000 -0.100000
vn 0.000000 0.000000 -0.100000
vn 0.000000 0.000000 -0.100000
vn 0.000000 0.000000 -0.100000
vn 0.000000 0.000000 -0.100000
vn 0.000000 0.000000 -0.100000
vn 0.000000 0.000000 -0.100000
vn 0.000000 0.000000 -0.100000
vn 0.000000 0.000000 -0.100000
vn 0.000000 0.000000 -0.100000
vn 0.000000 0.000000 -0.100000
vn 0.000000 0.000000 -0.100000
vn 0.000000 0.000000 -0.100000
vn 0.000000 0.000000 -0.100000
vn 0.000000 0.000000 -0.100000
vn 0.000000 0.000000 -0.100000
vn 0.000000 0.000000 -0.100000
vn 0.000000 0.000000 -0.100000
vn 0.000000 0.000000 -0.100000
vn 0.000000 0.000000 -0.100000
vn 0.000000 0.000000 -0.100000
vn 0.000000 0.000000 -0.100000
vn 0.000000 0.000000 -0.100000
vn 0.000000 0.000000 -0.100000
vn 0.000000 0.000000 -0.100000
vn 0.000000 0.000000 -0.100000
vn 0.000000 0.000000 -0.100000
vn 0.000000 0.000000 -0.100000
vn 0.000000 0.000000 -0.100000
vn 0.000000 0.000000 -0.100000
vn 0.000000 0.000000 -0.100000
vn 0.000000 0.000000 -0.100000
vn 0.000000 0.000000 -0.100000
vn 0.000000 0.000000 -0.100000
vn 0.000000 0.000000 -0.100000
vn 0.000000 0.000000 -0.100000
vn 0.000000 0.000000 -0.100000
vn 0.000000 0.000000 -0.100000
vn 0.000000 0.000000 -0.100000
vn 0.000000 0.000000 -0.100000
vn 0.000000 0.000000 -0.100000
vn 0.000000 0.000000 -0.100000
vn 0.000000 0.000000 -0.100000
vn 0.000000 0.000000 -0.100000
vn 0.000000 0.000000 -0.100000
vn 0.000000 0.000000 -0.100000
vn 0.000000 0.000000 -0.100000
vn 0.000000 0.000000 -0.100000
vn 0.000000 0.000000 -0.100000
vn 0.000000 0.000000 -0.100000
vn 0.000000 0.000000 -0.100000
vn 0.000000 0.000000 -0.100000
vn 0.000000 0.000000 -0.100000
vn 0.000000 0.000000 -0.100000
vn 0.000000 0.000000 -0.100000
vn 0.000000 0.000000 -0.100000
vn 0.000000 0.000000 -0.100000
vn 0.000000 0.000000 -0.100000
vn 0.000000 0.000000 -0.100000
vn 0.000000 0.000000 -0.100000
vn 0.000000 0.000000 -0.100000
vn 0.000000 0.000000 -0.100000
vn 0.000000 0.000000 -0.100000
vn 0.000000 0.000000 -0.100000
vn 0.000000 0.000000 -0.100000
vn 0.000000 0.000000 -0.100000
vn 0.000000 0.000000 -0.100000
vn 0.000000 0.000000 -0.100000
vn 0.000000 0.000000 -0.100000
vn 0.000000 0.000000 -0.100000
vn 0.000000 0.000000 -0.100000
vn 0.000000 0.000000 -0.100000
vn 0.000000 0.000000 -0.100000
vn 0.000000 0.000000 -0.100000
vn 0.000000 0.000000 -0.100000
vn 0.000000 0.000000 -0.100000
vn 0.000000 0.000000 -0.100000
vn 0.000000 0.000000 -0.100000
vn 0.000000 0.000000 -0.100000
vn 0.000000 0.000000 -0.100000
vn 0.000000 0.000000 -0.100000
vn 0.000000 0.000000 -0.100000
vn 0.000000 0.000000 -0.100000
vn 0.000000 0.000000 -0.100000
vn 0.000000 0.000000 -0.100000
vn 0.000000 0.000000 -0.100000
vn 0.000000 0.000000 -0.100000
vn 0.000000 0.000000 -0.100000
vn 0.000000 0.000000 -0.100000
vn 0.000000 0.000000 -0.100000
vn 0.000000 0.000000 -0.100000
vn 0.000000 0.000000 -0.100000
vn 0.000000 0.000000 -0.100000
vn 0.000000 0.000000 -0.100000
vn 0.000000 0.000000 -0.100000
vn 0.000000 0.000000 -0.100000
vn 0.000000 0.000000 -0.100000
vn 0.000000 0.000000 -0.100000
vn 0.000000 0.000000 -0.100000
vn 0.000000 0.000000 -0.100000
vn 0.000000 0.000000 -0.100000
vn 0.000000 0.000000 -0.100000
vn 0.000000 0.000000 -0.100000
vn 0.000000 0.000000 -0.100000
vn 0.000000 0.000000 -0.100000
vn 0.000000 0.000000 -0.100000
vn 0.000000 0.000000 -0.100000
vn 0.000000 0.000000 -0.100000
vn 0.000000 0.000000 -0.100000
vn 0.000000 0.000000 -0.100000
vn 0.000000 0.000000 -0.100000
vn 0.000000 0.000000 -0.100000
vn 0.000000 0.000000 -0.100000
vn 0.000000 0.000000 -0.100000
vn 0.000000 0.000000 -0.100000
vn 0.000000 0.000000 -0.100000
vn 0.000000 0.000000 -0.100000
vn 0.000000 0.000000 -0.100000
vn 0.000000 0.000000 -0.100000
vn 0.000000 0.000000 -0.100000
vn 0.000000 0.000000 -0.100000
vn 0.000000 0.000000 -0.100000
vn 0.000000 0.000000 -0.100000
vn 0.000000 0.000000 -0.100000
vn 0.000000 0.000000 -0.100000
vn 0.000000 0.000000 -0.100000
vn 0.000000 0.000000 -0.100000
vn 0.000000 0.000000 -0.100000
vn 0.000000 0.000000 -0.100000
vn 0.000000 0.000000 -0.100000
vn 0.000000 0.000000 -0.100000
vn 0.000000 0.000000 -0.100000
vn 0.000000 0.000000 -0.100000
vn 0.000000 0.000000 -0.100000
vn 0.000000 0.000000 -0.100000
vn 0.000000 0.000000 -0.100000
vn 0.000000 0.000000 -0.100000
vn 0.000000 0.000000 -0.100000
vn 0.000000 0.000000 -0.100000
vn 0.000000 0.000000 -0.100000
vn 0.000000 0.000000 -0.100000
vn 0.000000 0.000000 -0.100000
vn 0.000000 0.000000 -0.100000
vn 0.000000 0.000000 -0.100000
vn 0.000000 0.000000 -0.100000
vn 0.000000 0.000000 -0.100000
vn 0.000000 0.000000 -0.100000
vn 0.000000 0.000000 -0.100000
vn 0.000000 0.000000 -0.100000
vn 0.000000 0.000000 -0.100000
vn 0.000000 0.000000 -0.100000
vn 0.000000 0.000000 -0.100000
vn 0.000000 0.000000 -0.100000
vn 0.000000 0.000000 -0.100000
vn 0.000000 0.000000 -0.100000
vn 0.000000 0.000000 -0.100000
vn 0.000000 0.000000 -0.100000
vn 0.000000 0.000000 -0.100000
vn 0.000000 0.000000 -0.100000
vn 0.000000 0.000000 -0.100000
vn 0.000000 0.000000 -0.100000
vn 0.000000 0.000000 -0.100000
vn 0.000000 0.000000 -0.100000
vn 0.000000 0.000000 -0.100000
vn 0.000000 0.000000 -0.100000
vn 0.000000 0.000000 -0.100000
vn 0.000000 0.000000 -0.100000
vn 0.000000 0.000000 -0.100000
vn 0.000000 0.000000 -0.100000
vn 0.000000 0.000000 -0.100000
vn 0.000000 0.000000 -0.100000
vn 0.000000 0.000000 -0.100000
vn 0.000000 0.000000 -0.100000
vn 0.000000 0.000000 -0.100000
vn 0.000000 0.000000 -0.100000
vn 0.000000 0.000000 -0.100000
vn 0.000000 0.000000 -0.100000
vn 0.000000 0.000000 -0.100000
vn 0.000000 0.000000 -0.100000
vn 0.000000 0.000000 -0.100000
vn 0.000000 0.000000 -0.100000
vn 0.000000 0.000000 -0.100000
vn 0.000000 0.000000 -0.100000
vn 0.000000 0.000000 -0.100000
vn 0.000000 0.000000 -0.100000
vn 0.000000 0.000000 -0.100000
vn 0.000000 0.000000 -0.100000
vn 0.000000 0.000000 -0.100000
vn 0.000000 0.000000 -0.100000
vn 0.000000 0.000000 -0.100000
vn 0.000000 0.000000 -0.100000
vn 0.000000 0.000000 -0.100000
vn 0.000000 0.000000 -0.100000
vn 0.000000 0.000000 -0.100000
vn 0.000000 0.000000 -0.100000
vn 0.000000 0.000000 -0.100000
vn 0.000000 0.000000 -0.100000
vn 0.000000 0.000000 -0.100000
vn 0.000000 0.000000 -0.100000
vn 0.000000 0.000000 -0.100000
vn 0.000000 0.000000 -0.100000
vn 0.000000 0.000000 -0.100000
vn 0.000000 0.000000 -0.100000
vn 0.000000 0.000000 -0.100000
vn 0.000000 0.000000 -0.100000
vn 0.000000 0.000000 -0.100000
vn 0.000000 0.000000 -0.100000
vn 0.000000 0.000000 -0.100000
vn 0.000000 0.000000 -0.100000
vn 0.000000 0.000000 -0.100000
vn 0.000000 0.000000 -0.100000
vn 0.000000 0.000000 -0.100000
vn 0.000000 0.000000 -0.100000
vn 0.000000 0.000000 -0.100000
vn 0.000000 0.000000 -0.100000
vn 0.000000 0.000000 -0.100000
vn 0.000000 0.000000 -0.100000
vn 0.000000 0.000000 -0.100000
vn 0.000000 0.000000 -0.100000
vn 0.000000 0.000000 -0.100000
vn 0.000000 0.000000 -0.100000
vn 0.000000 0.000000 -0.100000
vn 0.000000 0.000000 -0.100000
vn 0.000000 0.000000 -0.100000
vn 0.000000 0.000000 -0.100000
vn 0.000000 0.000000 -0.100000
vn 0.000000 0.000000 -0.100000
vn 0.000000 0.000000 -0.100000
vn 0.000000 0.000000 -0.100000
vn 0.000000 0.000000 -0.100000
vn 0.000000 0.000000 -0.100000
vn 0.000000 0.000000 -0.100000
vn 0.000000 0.000000 -0.100000
vn 0.000000 0.000000 -0.100000
vn 0.000000 0.000000 -0.100000
vn 0.000000 0.000000 -0.100000
vn 0.000000 0.000000 -0.100000
vn 0.000000 0.000000 -0.100000
vn 0.000000 0.000000 -0.100000
vn 0.000000 0.000000 -0.100000
vn 0.000000 0.000000 -0.100000
vn 0.000000 0.000000 -0.100000
vn 0.000000 0.000000 -0.100000
vn 0.000000 0.000000 -0.100000
vn 0.000000 0.000000 -0.100000
vn 0.000000 0.000000 -0.100000
vn 0.000000 0.000000 -0.100000
vn 0.000000 0.000000 -0.100000
vn 0.000000 0.000000 -0.100000
vn 0.000000 0.000000 -0.100000
vn 0.000000 0.000000 -0.100000
vn 0.000000 0.000000 -0.100000
vn 0.000000 0.000000 -0.100000
vn 0.000000 0.000000 -0.100000
vn 0.000000 0.000000 -0.100000
vn 0.000000 0.000000 -0.100000
vn 0.000000 0.000000 -0.100000
vn 0.000000 0.000000 -0.100000
vn 0.000000 0.000000 -0.100000
vn 0.000000 0.000000 -0.100000
vn 0.000000 0.000000 -0.100000
vn 0.000000 0.000000 -0.100000
vn 0.000000 0.000000 -0.100000
vn 0.000000 0.000000 -0.100000
vn 0.000000 0.000000 -0.100000
vn 0.000000 0.000000 -0.100000
vn 0.000000 0.000000 -0.100000
vn 0.000000 0.000000 -0.100000
vn 0.000000 0.000000 -0.100000
vn 0.000000 0.000000 -0.100000
vn 0.000000 0.000000 -0.100000
vn 0.000000 0.000000 -0.100000
vn 0.000000 0.000000 -0.100000
vn 0.000000 0.000000 -0.100000
vn 0.000000 0.000000 -0.100000
vn 0.000000 0.000000 -0.100000
vn 0.000000 0.000000 -0.100000
vn 0.000000 0.000000 -0.100000
vn 0.000000 0.000000 -0.100000
vn 0.000000 0.000000 -0.100000
vn 0.000000 0.000000 -0.100000
vn 0.000000 0.000000 -0.100000
vn 0.000000 0.000000 -0.100000
vn 0.000000 0.000000 -0.100000
vn 0.000000 0.000000 -0.100000
vn 0.000000 0.000000 -0.100000
vn 0.000000 0.000000 -0.100000
vn 0.000000 0.000000 -0.100000
vn 0.000000 0.000000 -0.100000
vn 0.000000 0.000000 -0.100000
vn 0.000000 0.000000 -0.100000
vn 0.000000 0.000000 -0.100000
vn 0.000000 0.000000 -0.100000
vn 0.000000 0.000000 -0.100000
vn 0.000000 0.000000 -0.100000
vn 0.000000 0.000000 -0.100000
vn 0.000000 0.000000 -0.100000
vn 0.000000 0.000000 -0.100000
vn 0.000000 0.000000 -0.100000
vn 0.000000 0.000000 -0.100000
vn 0.000000 0.000000 -0.100000
vn 0.000000 0.000000 -0.100000
vn 0.000000 0.000000 -0.100000
vn 0.000000 0.000000 -0.100000
vn 0.000000 0.000000 -0.100000
vn 0.000000 0.000000 -0.100000
vn 0.000000 0.000000 -0.100000
vn 0.000000 0.000000 -0.100000
vn 0.000000 0.000000 -0.100000
vn 0.000000 0.000000 -0.100000
vn 0.000000 0.000000 -0.100000
vn 0.000000 0.000000 -0.100000
vn 0.000000 0.000000 -0.100000
vn 0.000000 0.000000 -0.100000
vn 0.000000 0.000000 -0.100000
vn 0.000000 0.000000 -0.100000
vn 0.000000 0.000000 -0.100000
vn 0.000000 0.000000 -0.100000
vn 0.000000 0.000000 -0.100000
vn 0.000000 0.000000 -0.100000
vn 0.000000 0.000000 -0.100000
vn 0.000000 0.000000 -0.100000
vn 0.000000 0.000000 -0.100000
vn 0.000000 0.000000 -0.100000
vn 0.000000 0.000000 -0.100000
vn 0.000000 0.000000 -0.100000
vn 0.000000 0.000000 -0.100000
vn 0.000000 0.000000 -0.100000
vn 0.000000 0.000000 -0.100000
vn 0.000000 0.000000 -0.100000
vn 0.000000 0.000000 -0.100000
vn 0.000000 0.000000 -0.100000
vn 0.000000 0.000000 -0.100000
vn 0.000000 0.000000 -0.100000
vn 0.000000 0.000000 -0.100000
vn 0.000000 0.000000 -0.100000
vn 0.000000 0.000000 -0.100000
vn 0.000000 0.000000 -0.100000
vn 0.000000 0.000000 -0.100000
vn 0.000000 0.000000 -0.100000
vn 0.000000 0.000000 -0.100000
vn 0.000000 0.000000 -0.100000
vn 0.000000 0.000000 -0.100000
vn 0.000000 0.000000 -0.100000
vn 0.000000 0.000000 -0.100000
vn 0.000000 0.000000 -0.100000
vn 0.000000 0.000000 -0.100000
vn 0.000000 0.000000 -0.100000
vn 0.000000 0.000000 -0.100000
vn 0.000000 0.000000 -0.100000
vn 0.000000 0.000000 -0.100000
vn 0.000000 0.000000 -0.100000
vn 0.000000 0.000000 -0.100000
vn 0.000000 0.000000 -0.100000
vn 0.000000 0.000000 -0.100000
vn 0.000000 0.000000 -0.100000
vn 0.000000 0.000000 -0.100000
vn 0.000000 0.000000 -0.100000
vn 0.000000 0.000000 -0.100000
vn 0.000000 0.000000 -0.100000
vn 0.000000 0.000000 -0.100000
vn 0.000000 0.000000 -0.100000
vn 0.000000 0.000000 -0.100000
vn 0.000000 0.000000 -0.100000
vn 0.000000 0.000000 -0.100000
vn 0.000000 0.000000 -0.100000
vn 0.000000 0.000000 -0.100000
vn 0.000000 0.000000 -0.100000
vn 0.000000 0.000000 -0.100000
vn 0.000000 0.000000 -0.100000
vn 0.000000 0.000000 -0.100000
vn 0.000000 0.000000 -0.100000
vn 0.000000 0.000000 -0.100000
vn 0.000000 0.000000 -0.100000
vn 0.000000 0.000000 -0.100000
vn 0.000000 0.000000 -0.100000
vn 0.000000 0.000000 -0.100000
vn 0.000000 0.000000 -0.100000
vn 0.000000 0.000000 -0.100000
vn 0.000000 0.000000 -0.100000
vn 0.000000 0.000000 -0.100000
vn 0.000000 0.000000 -0.100000
vn 0.000000 0.000000 -0.100000
vn 0.000000 0.000000 -0.100000
vn 0.000000 0.000000 -0.100000
vn 0.000000 0.000000 -0.100000
vn 0.000000 0.000000 -0.100000
vn 0.000000 0.000000 -0.100000
vn 0.000000 0.000000 -0.100000
vn 0.000000 0.000000 -0.100000
vn 0.000000 0.000000 -0.100000
vn 0.000000 0.000000 -0.100000
vn 0.000000 0.000000 -0.100000
vn 0.000000 0.000000 -0.100000
vn 0.000000 0.000000 -0.100000
vn 0.000000 0.000000 -0.100000
vn 0.000000 0.000000 -0.100000
vn 0.000000 0.000000 -0.100000
vn 0.000000 0.000000 -0.100000
vn 0.000000 0.000000 -0.100000
vn 0.000000 0.000000 -0.100000
vn 0.000000 0.000000 -0.100000
vn 0.000000 0.000000 -0.100000
vn 0.000000 0.000000 -0.100000
vn 0.000000 0.000000 -0.100000
vn 0.000000 0.000000 -0.100000
vn 0.000000 0.000000 -0.100000
vn 0.000000 0.000000 -0.100000
vn 0.000000 0.000000 -0.100000
vn 0.000000 0.000000 -0.100000
vn 0.000000 0.000000 -0.100000
vn 0.000000 0.000000 -0.100000
vn 0.000000 0.000000 -0.100000
vn 0.000000 0.000000 -0.100000
vn 0.000000 0.000000 -0.100000
vn 0.000000 0.000000 -0.100000
vn 0.000000 0.000000 -0.100000
vn 0.000000 0.000000 -0.100000
vn 0.000000 0.000000 -0.100000
vn 0.000000 0.000000 -0.100000
vn 0.000000 0.000000 -0.100000
vn 0.000000 0.000000 -0.100000
vn 0.000000 0.000000 -0.100000
vn 0.000000 0.000000 -0.100000
vn 0.000000 0.000000 -0.100000
vn 0.000000 0.000000 -0.100000
vn 0.000000 0.000000 -0.100000
vn 0.000000 0.000000 -0.100000
vn 0.000000 0.000000 -0.100000
vn 0.000000 0.000000 -0.100000
vn 0.000000 0.000000 -0.100000
vn 0.000000 0.000000 -0.100000
vn 0.000000 0.000000 -0.100000
vn 0.000000 0.000000 -0.100000
vn 0.000000 0.000000 -0.100000
vn 0.000000 0.000000 -0.100000
vn 0.000000 0.000000 -0.100000
vn 0.000000 0.000000 -0.100000
vn 0.000000 0.000000 -0.100000
vn 0.000000 0.000000 -0.100000
vn 0.000000 0.000000 -0.100000
vn 0.000000 0.000000 -0.100000
vn 0.000000 0.000000 -0.100000
vn 0.000000 0.000000 -0.100000
vn 0.000000 0.000000 -0.100000
vn 0.000000 0.000000 -0.100000
vn 0.000000 0.000000 -0.100000
vn 0.000000 0.000000 -0.100000
vn 0.000000 0.000000 -0.100000
vn 0.000000 0.000000 -0.100000
vn 0.000000 0.000000 -0.100000
vn 0.000000 0.000000 -0.100000
vn 0.000000 0.000000 -0.100000
vn 0.000000 0.000000 -0.100000
vn 0.000000 0.000000 -0.100000
vn 0.000000 0.000000 -0.100000
vn 0.000000 0.000000 -0.100000
vn 0.000000 0.000000 -0.100000
vn 0.000000 0.000000 -0.100000
vn 0.000000 0.000000 -0.100000
vn 0.000000 0.000000 -0.100000
vn 0.000000 0.000000 -0.100000
vn 0.000000 0.000000 -0.100000
vn 0.000000 0.000000 -0.100000
vn 0.000000 0.000000 -0.100000
vn 0.000000 0.000000 -0.100000
vn 0.000000 0.000000 -0.100000
vn 0.000000 0.000000 -0.100000
vn 0.000000 0.000000 -0.100000
vn 0.000000 0.000000 -0.100000
vn 0.000000 0.000000 -0.100000
vn 0.000000 0.000000 -0.100000
vn 0.000000 0.000000 -0.100000
vn 0.000000 0.000000 -0.100000
vn 0.000000 0.000000 -0.100000
vn 0.000000 0.000000 -0.100000
vn 0.000000 0.000000 -0.100000
vn 0.000000 0.000000 -0.100000
vn 0.000000 0.000000 -0.100000
vn 0.000000 0.000000 -0.100000
vn 0.000000 0.000000 -0.100000
vn 0.000000 0.000000 -0.100000
vn 0.000000 0.000000 -0.100000
vn 0.000000 0.000000 -0.100000
vn 0.000000 0.000000 -0.100000
vn 0.000000 0.000000 -0.100000
vn 0.000000 0.000000 -0.100000
vn 0.000000 0.000000 -0.100000
vn 0.000000 0.000000 -0.100000
vn 0.000000 0.000000 -0.100000
vn 0.000000 0.000000 -0.100000
vn 0.000000 0.000000 -0.100000
vn 0.000000 0.000000 -0.100000
vn 0.000000 0.000000 -0.100000
vn 0.000000 0.000000 -0.100000
vn 0.000000 0.000000 -0.100000
vn 0.000000 0.000000 -0.100000
vn 0.000000 0.000000 -0.100000
vn 0.000000 0.000000 -0.100000
vn 0.000000 0.000000 -0.100000
vn 0.000000 0.000000 -0.100000
vn 0.000000 0.000000 -0.100000
vn 0.000000 0.000000 -0.100000
vn 0.000000 0.000000 -0.100000
vn 0.000000 0.000000 -0.100000
vn 0.000000 0.000000 -0.100000
vn 0.000000 0.000000 -0.100000
vn 0.000000 0.000000 -0.100000
vn 0.000000 0.000000 -0.100000
vn 0.000000 0.000000 -0.100000
vn 0.000000 0.000000 -0.100000
vn 0.000000 0.000000 -0.100000
vn 0.000000 0.000000 -0.100000
vn 0.000000 0.000000 -0.100000
vn 0.000000 0.000000 -0.100000
vn 0.000000 0.000000 -0.100000
vn 0.000000 0.000000 -0.100000
vn 0.000000 0.000000 -0.100000
vn 0.000000 0.000000 -0.100000
vn 0.000000 0.000000 -0.100000
vn 0.000000 0.000000 -0.100000
vn 0.000000 0.000000 -0.100000
vn 0.000000 0.000000 -0.100000
vn 0.000000 0.000000 -0.100000
vn 0.000000 0.000000 -0.100000
vn 0.000000 0.000000 -0.100000
vn 0.000000 0.000000 -0.100000
vn 0.000000 0.000000 -0.100000
vn 0.000000 0.000000 -0.100000
vn 0.000000 0.000000 -0.100000
vn 0.000000 0.000000 -0.100000
vn 0.000000 0.000000 -0.100000
vn 0.000000 0.000000 -0.100000
vn 0.000000 0.000000 -0.100000
vn 0.000000 0.000000 -0.100000
vn 0.000000 0.000000 -0.100000
vn 0.000000 0.000000 -0.100000
vn 0.000000 0.000000 -0.100000
vn 0.000000 0.000000 -0.100000
vn 0.000000 0.000000 -0.100000
vn 0.000000 0.000000 -0.100000
vn 0.000000 0.000000 -0.100000
vn 0.000000 0.000000 -0.100000
vn 0.000000 0.000000 -0.100000
vn 0.000000 0.000000 -0.100000
vn 0.000000 0.000000 -0.100000
vn 0.000000 0.000000 -0.100000
vn 0.000000 0.000000 -0.100000
vn 0.000000 0.000000 -0.100000
vn 0.000000 0.000000 -0.100000
vn 0.000000 0.000000 -0.100000
vn 0.000000 0.000000 -0.100000
vn 0.000000 0.000000 -0.100000
vn 0.000000 0.000000 -0.100000
vn 0.000000 0.000000 -0.100000
vn 0.000000 0.000000 -0.100000
vn 0.000000 0.000000 -0.100000
vn 0.000000 0.000000 -0.100000
vn 0.000000 0.000000 -0.100000
vn 0.000000 0.000000 -0.100000
vn 0.000000 0.000000 -0.100000
vn 0.000000 0.000000 -0.100000
vn 0.000000 0.000000 -0.100000
vn 0.000000 0.000000 -0.100000
vn 0.000000 0.000000 -0.100000
vn 0.000000 0.000000 -0.100000
vn 0.000000 0.000000 -0.100000
vn 0.000000 0.000000 -0.100000
vn 0.000000 0.000000 -0.100000
vn 0.000000 0.000000 -0.100000
vn 0.000000 0.000000 -0.100000
vn 0.000000 0.000000 -0.100000
vn 0.000000 0.000000 -0.100000
vn 0.000000 0.000000 -0.100000
vn 0.000000 0.000000 -0.100000
vn 0.000000 0.000000 -0.100000
vn 0.000000 0.000000 -0.100000
vn 0.000000 0.000000 -0.100000
vn 0.000000 0.000000 -0.100000
vn 0.000000 0.000000 -0.100000
vn 0.000000 0.000000 -0.100000
vn 0.000000 0.000000 -0.100000
vn 0.000000 0.000000 -0.100000
vn 0.000000 0.000000 -0.100000
vn 0.000000 0.000000 -0.100000
vn 0.000000 0.000000 -0.100000
vn 0.000000 0.000000 -0.100000
vn 0.000000 0.000000 -0.100000
vn 0.000000 0.000000 -0.100000
vn 0.000000 0.000000 -0.100000
vn 0.000000 0.000000 -0.100000
vn 0.000000 0.000000 -0.100000
vn 0.000000 0.000000 -0.100000
vn 0.000000 0.000000 -0.100000
vn 0.000000 0.000000 -0.100000
vn 0.000000 0.000000 -0.100000
vn 0.000000 0.000000 -0.100000
vn 0.000000 0.000000 -0.100000
vn 0.000000 0.000000 -0.100000
vn 0.000000 0.000000 -0.100000
vn 0.000000 0.000000 -0.100000
vn 0.000000 0.000000 -0.100000
vn 0.000000 0.000000 -0.100000
vn 0.000000 0.000000 -0.100000
vn 0.000000 0.000000 -0.100000
vn 0.000000 0.000000 -0.100000
vn 0.000000 0.000000 -0.100000
vn 0.000000 0.000000 -0.100000
vn 0.000000 0.000000 -0.100000
vn 0.000000 0.000000 -0.100000
vn 0.000000 0.000000 -0.100000
vn 0.000000 0.000000 -0.100000
vn 0.000000 0.000000 -0.100000
vn 0.000000 0.000000 -0.100000
vn 0.000000 0.000000 -0.100000
vn 0.000000 0.000000 -0.100000
vn 0.000000 0.000000 -0.100000
vn 0.000000 0.000000 -0.100000
vn 0.000000 0.000000 -0.100000
vn 0.000000 0.000000 -0.100000
vn 0.000000 0.000000 -0.100000
vn 0.000000 0.000000 -0.100000
vn 0.000000 0.000000 -0.100000
vn 0.000000 0.000000 -0.100000
vn 0.000000 0.000000 -0.100000
vn 0.000000 0.000000 -0.100000
vn 0.000000 0.000000 -0.100000
vn 0.000000 0.000000 -0.100000
vn 0.000000 0.000000 -0.100000
vn 0.000000 0.000000 -0.100000
vn 0.000000 0.000000 -0.100000
vn 0.000000 0.000000 -0.100000
vn 0.000000 0.000000 -0.100000
vn 0.000000 0.000000 -0.100000
vn 0.000000 0.000000 -0.100000
vn 0.000000 0.000000 -0.100000
vn 0.000000 0.000000 -0.100000
vn 0.000000 0.000000 -0.100000
vn 0.000000 0.000000 -0.100000
vn 0.000000 0.000000 -0.100000
vn 0.000000 0.000000 -0.100000
vn 0.000000 0.000000 -0.100000
vn 0.000000 0.000000 -0.100000
vn 0.000000 0.000000 -0.100000
vn 0.000000 0.000000 -0.100000
vn 0.000000 0.000000 -0.100000
vn 0.000000 0.000000 -0.100000
vn 0.000000 0.000000 -0.100000
vn 0.000000 0.000000 -0.100000
vn 0.000000 0.000000 -0.100000
vn 0.000000 0.000000 -0.100000
vn 0.000000 0.000000 -0.100000
vn 0.000000 0.000000 -0.100000
vn 0.000000 0.000000 -0.100000
vn 0.000000 0.000000 -0.100000
vn 0.000000 0.000000 -0.100000
vn 0.000000 0.000000 -0.100000
vn 0.000000 0.000000 -0.100000
vn 0.000000 0.000000 -0.100000
vn 0.000000 0.000000 -0.100000
vn 0.000000 0.000000 -0.100000
vn 0.000000 0.000000 -0.100000
vn 0.000000 0.000000 -0.100000
vn 0.000000 0.000000 -0.100000
vn 0.000000 0.000000 -0.100000
vn 0.000000 0.000000 -0.100000
vn 0.000000 0.000000 -0.100000
vn 0.000000 0.000000 -0.100000
vn 0.000000 0.000000 -0.100000
vn 0.000000 0.000000 -0.100000
vn 0.000000 0.000000 -0.100000
vn 0.000000 0.000000 -0.100000
vn 0.000000 0.000000 -0.100000
vn 0.000000 0.000000 -0.100000
vn 0.000000 0.000000 -0.100000
vn 0.000000 0.000000 -0.100000
vn 0.000000 0.000000 -0.100000
vn 0.000000 0.000000 -0.100000
vn 0.000000 0.000000 -0.100000
vn 0.000000 0.000000 -0.100000
vn 0.000000 0.000000 -0.100000
vn 0.000000 0.000000 -0.100000
vn 0.000000 0.000000 -0.100000
vn 0.000000 0.000000 -0.100000
vn 0.000000 0.000000 -0.100000
vn 0.000000 0.000000 -0.100000
vn 0.000000 0.000000 -0.100000
vn 0.000000 0.000000 -0.100000
vn 0.000000 0.000000 -0.100000
vn 0.000000 0.000000 -0.100000
vn 0.000000 0.000000 -0.100000
vn 0.000000 0.000000 -0.100000
vn 0.000000 0.000000 -0.100000
vn 0.000000 0.000000 -0.100000
vn 0.000000 0.000000 -0.100000
vn 0.000000 0.000000 -0.100000
vn 0.000000 0.000000 -0.100000
vn 0.000000 0.000000 -0.100000
vn 0.000000 0.000000 -0.100000
vn 0.000000 0.000000 -0.100000
vn 0.000000 0.000000 -0.100000
vn 0.000000 0.000000 -0.100000
vn 0.000000 0.000000 -0.100000
vn 0.000000 0.000000 -0.100000
vn 0.000000 0.000000 -0.100000
vn 0.000000 0.000000 -0.100000
vn 0.000000 0.000000 -0.100000
vn 0.000000 0.000000 -0.100000
vn 0.000000 0.000000 -0.100000
vn 0.000000 0.000000 -0.100000
vn 0.000000 0.000000 -0.100000
vn 0.000000 0.000000 -0.100000
vn 0.000000 0.000000 -0.100000
vn 0.000000 0.000000 -0.100000
vn 0.000000 0.000000 -0.100000
vn 0.000000 0.000000 -0.100000
vn 0.000000 0.000000 -0.100000
vn 0.000000 0.000000 -0.100000
vn 0.000000 0.000000 -0.100000
vn 0.000000 0.000000 -0.100000
vn 0.000000 0.000000 -0.100000
vn 0.000000 0.000000 -0.100000
vn 0.000000 0.000000 -0.100000
vn 0.000000 0.000000 -0.100000
vn 0.000000 0.000000 -0.100000
vn 0.000000 0.000000 -0.100000
vn 0.000000 0.000000 -0.100000
vn 0.000000 0.000000 -0.100000
vn 0.000000 0.000000 -0.100000
vn 0.000000 0.000000 -0.100000
vn 0.000000 0.000000 -0.100000
vn 0.000000 0.000000 -0.100000
vn 0.000000 0.000000 -0.100000
vn 0.000000 0.000000 -0.100000
vn 0.000000 0.000000 -0.100000
vn 0.000000 0.000000 -0.100000
vn 0.000000 0.000000 -0.100000
vn 0.000000 0.000000 -0.100000
vn 0.000000 0.000000 -0.100000
vn 0.000000 0.000000 -0.100000
vn 0.000000 0.000000 -0.100000
vn 0.000000 0.000000 -0.100000
vn 0.000000 0.000000 -0.100000
vn 0.000000 0.000000 -0.100000
vn 0.000000 0.000000 -0.100000
vn 0.000000 0.000000 -0.100000
vn 0.000000 0.000000 -0.100000
vn 0.000000 0.000000 -0.100000
vn 0.000000 0.000000 -0.100000
vn 0.000000 0.000000 -0.100000
vn 0.000000 0.000000 -0.100000
vn 0.000000 0.000000 -0.100000
vn 0.000000 0.000000 -0.100000
vn 0.000000 0.000000 -0.100000
vn 0.000000 0.000000 -0.100000
vn 0.000000 0.000000 -0.100000
vn 0.000000 0.000000 -0.100000
vn 0.000000 0.000000 -0.100000
vn 0.000000 0.000000 -0.100000
vn 0.000000 0.000000 -0.100000
vn 0.000000 0.000000 -0.100000
vn 0.000000 0.000000 -0.100000
vn 0.000000 0.000000 -0.100000
vn 0.000000 0.000000 -0.100000
vn 0.000000 0.000000 -0.100000
vn 0.000000 0.000000 -0.100000
vn 0.000000 0.000000 -0.100000
vn 0.000000 0.000000 -0.100000
vn 0.000000 0.000000 -0.100000
vn 0.000000 0.000000 -0.100000
vn 0.000000 0.000000 -0.100000
vn 0.000000 0.000000 -0.100000
vn 0.000000 0.000000 -0.100000
vn 0.000000 0.000000 -0.100000
vn 0.000000 0.000000 -0.100000
vn 0.000000 0.000000 -0.100000
vn 0.000000 0.000000 -0.100000
vn 0.000000 0.000000 -0.100000
vn 0.000000 0.000000 -0.100000
vn 0.000000 0.000000 -0.100000
vn 0.000000 0.000000 -0.100000
vn 0.000000 0.000000 -0.100000
vn 0.000000 0.000000 -0.100000
vn 0.000000 0.000000 -0.100000
vn 0.000000 0.000000 -0.100000
vn 0.000000 0.000000 -0.100000
vn 0.000000 0.000000 -0.100000
vn 0.000000 0.000000 -0.100000
vn 0.000000 0.000000 -0.100000
vn 0.000000 0.000000 -0.100000
vn 0.000000 0.000000 -0.100000
vn 0.000000 0.000000 -0.100000
vn 0.000000 0.000000 -0.100000
vn 0.000000 0.000000 -0.100000
vn 0.000000 0.000000 -0.100000
vn 0.000000 0.000000 -0.100000
vn 0.000000 0.000000 -0.100000
vn 0.000000 0.000000 -0.100000
vn 0.000000 0.000000 -0.100000
vn 0.000000 0.000000 -0.100000
vn 0.000000 0.000000 -0.100000
vn 0.000000 0.000000 -0.100000
vn 0.000000 0.000000 -0.100000
vn 0.000000 0.000000 -0.100000
vn 0.000000 0.000000 -0.100000
vn 0.000000 0.000000 -0.100000
vn 0.000000 0.000000 -0.100000
vn 0.000000 0.000000 -0.100000
vn 0.000000 0.000000 -0.100000
vn 0.000000 0.000000 -0.100000
vn 0.000000 0.000000 -0.100000
vn 0.000000 0.000000 -0.100000
vn 0.000000 0.000000 -0.100000
vn 0.000000 0.000000 -0.100000
vn 0.000000 0.000000 -0.100000
vn 0.000000 0.000000 -0.100000
vn 0.000000 0.000000 -0.100000
vn 0.000000 0.000000 -0.100000
vn 0.000000 0.000000 -0.100000
vn 0.000000 0.000000 -0.100000
vn 0.000000 0.000000 -0.100000
vn 0.000000 0.000000 -0.100000
vn 0.000000 0.000000 -0.100000
vn 0.000000 0.000000 -0.100000
vn 0.000000 0.000000 -0.100000
vn 0.000000 0.000000 -0.100000
vn 0.000000 0.000000 -0.100000
vn 0.000000 0.000000 -0.100000
vn 0.000000 0.000000 -0.100000
vn 0.000000 0.000000 -0.100000
vn 0.000000 0.000000 -0.100000
vn 0.000000 0.000000 -0.100000
vn 0.000000 0.000000 -0.100000
vn 0.000000 0.000000 -0.100000
vn 0.000000 0.000000 -0.100000
vn 0.000000 0.000000 -0.100000
vn 0.000000 0.000000 -0.100000
vn 0.000000 0.000000 -0.100000
vn 0.000000 0.000000 -0.100000
vn 0.000000 0.000000 -0.100000
vn 0.000000 0.000000 -0.100000
vn 0.000000 0.000000 -0.100000
vn 0.000000 0.000000 -0.100000
vn 0.000000 0.000000 -0.100000
vn 0.000000 0.000000 -0.100000
vn 0.000000 0.000000 -0.100000
vn 0.000000 0.000000 -0.100000
vn 0.000000 0.000000 -0.100000
vn 0.000000 0.000000 -0.100000
vn 0.000000 0.000000 -0.100000
vn 0.000000 0.000000 -0.100000
vn 0.000000 0.000000 -0.100000
vn 0.000000 0.000000 -0.100000
vn 0.000000 0.000000 -0.100000
vn 0.000000 0.000000 -0.100000
vn 0.000000 0.000000 -0.100000
vn 0.000000 0.000000 -0.100000
vn 0.000000 0.000000 -0.100000
vn 0.000000 0.000000 -0.100000
vn 0.000000 0.000000 -0.100000
vn 0.000000 0.000000 -0.100000
vn 0.000000 0.000000 -0.100000
vn 0.000000 0.000000 -0.100000
vn 0.000000 0.000000 -0.100000
vn 0.000000 0.000000 -0.100000
vn 0.000000 0.000000 -0.100000
vn 0.000000 0.000000 -0.100000
vn 0.000000 0.000000 -0.100000
vn 0.000000 0.000000 -0.100000
vn 0.000000 0.000000 -0.100000
vn 0.000000 0.000000 -0.100000
vn 0.000000 0.000000 -0.100000
vn 0.000000 0.000000 -0.100000
vn 0.000000 0.000000 -0.100000
vn 0.000000 0.000000 -0.100000
vn 0.000000 0.000000 -0.100000
vn 0.000000 0.000000 -0.100000
vn 0.000000 0.000000 -0.100000
vn 0.000000 0.000000 -0.100000
vn 0.000000 0.000000 -0.100000
vn 0.000000 0.000000 -0.100000
vn 0.000000 0.000000 -0.100000
vn 0.000000 0.000000 -0.100000
vn 0.000000 0.000000 -0.100000
vn 0.000000 0.000000 -0.100000
vn 0.000000 0.000000 -0.100000
vn 0.000000 0.000000 -0.100000
vn 0.000000 0.000000 -0.100000
vn 0.000000 0.000000 -0.100000
vn 0.000000 0.000000 -0.100000
vn 0.000000 0.000000 -0.100000
vn 0.000000 0.000000 -0.100000
vn 0.000000 0.000000 -0.100000
vn 0.000000 0.000000 -0.100000
vn 0.000000 0.000000 -0.100000
vn 0.000000 0.000000 -0.100000
vn 0.000000 0.000000 -0.100000
vn 0.000000 0.000000 -0.100000
vn 0.000000 0.000000 -0.100000
vn 0.000000 0.000000 -0.100000
vn 0.000000 0.000000 -0.100000
vn 0.000000 0.000000 -0.100000
vn 0.000000 0.000000 -0.100000
vn 0.000000 0.000000 -0.100000
vn 0.000000 0.000000 -0.100000
vn 0.000000 0.000000 -0.100000
vn 0.000000 0.000000 -0.100000
vn 0.000000 0.000000 -0.100000
vn 0.000000 0.000000 -0.100000
vn 0.000000 0.000000 -0.100000
vn 0.000000 0.000000 -0.100000
vn 0.000000 0.000000 -0.100000
vn 0.000000 0.000000 -0.100000
vn 0.000000 0.000000 -0.100000
vn 0.000000 0.000000 -0.100000
vn 0.000000 0.000000 -0.100000
vn 0.000000 0.000000 -0.100000
vn 0.000000 0.000000 -0.100000
vn 0.000000 0.000000 -0.100000
vn 0.000000 0.000000 -0.100000
vn 0.000000 0.000000 -0.100000
vn 0.000000 0.000000 -0.100000
vn 0.000000 0.000000 -0.100000
vn 0.000000 0.000000 -0.100000
vn 0.000000 0.000000 -0.100000
vn 0.000000 0.000000 -0.100000
vn 0.000000 0.000000 -0.100000
vn 0.000000 0.000000 -0.100000
vn 0.000000 0.000000 -0.100000
vn 0.000000 0.000000 -0.100000
vn 0.000000 0.000000 -0.100000
vn 0.000000 0.000000 -0.100000
vn 0.000000 0.000000 -0.100000
vn 0.000000 0.000000 -0.100000
vn 0.000000 0.000000 -0.100000
vn 0.000000 0.000000 -0.100000
vn 0.000000 0.000000 -0.100000
vn 0.000000 0.000000 -0.100000
vn 0.000000 0.000000 -0.100000
vn 0.000000 0.000000 -0.100000
vn 0.000000 0.000000 -0.100000
vn 0.000000 0.000000 -0.100000
vn 0.000000 0.000000 -0.100000
vn 0.000000 0.000000 -0.100000
vn 0.000000 0.000000 -0.100000
vn 0.000000 0.000000 -0.100000
vn 0.000000 0.000000 -0.100000
vn 0.000000 0.000000 -0.100000
vn 0.000000 0.000000 -0.100000
vn 0.000000 0.000000 -0.100000
vn 0.000000 0.000000 -0.100000
vn 0.000000 0.000000 -0.100000
vn 0.000000 0.000000 -0.100000
vn 0.000000 0.000000 -0.100000
vn 0.000000 0.000000 -0.100000
vn 0.000000 0.000000 -0.100000
vn 0.000000 0.000000 -0.100000
vn 0.000000 0.000000 -0.100000
vn 0.000000 0.000000 -0.100000
vn 0.000000 0.000000 -0.100000
vn 0.000000 0.000000 -0.100000
vn 0.000000 0.000000 -0.100000
vn 0.000000 0.000000 -0.100000
vn 0.000000 0.000000 -0.100000
vn 0.000000 0.000000 -0.100000
vn 0.000000 0.000000 -0.100000
vn 0.000000 0.000000 -0.100000
vn 0.000000 0.000000 -0.100000
vn 0.000000 0.000000 -0.100000
vn 0.000000 0.000000 -0.100000
vn 0.000000 0.000000 -0.100000
vn 0.000000 0.000000 -0.100000
vn 0.000000 0.000000 -0.100000
vn 0.000000 0.000000 -0.100000
vn 0.000000 0.000000 -0.100000
vn 0.000000 0.000000 -0.100000
vn 0.000000 0.000000 -0.100000
vn 0.000000 0.000000 -0.100000
vn 0.000000 0.000000 -0.100000
vn 0.000000 0.000000 -0.100000
vn 0.000000 0.000000 -0.100000
vn 0.000000 0.000000 -0.100000
vn 0.000000 0.000000 -0.100000
vn 0.000000 0.000000 -0.100000
vn 0.000000 0.000000 -0.100000
vn 0.000000 0.000000 -0.100000
vn 0.000000 0.000000 -0.100000
vn 0.000000 0.000000 -0.100000
vn 0.000000 0.000000 -0.100000
vn 0.000000 0.000000 -0.100000
vn 0.000000 0.000000 -0.100000
vn 0.000000 0.000000 -0.100000
vn 0.000000 0.000000 -0.100000
vn 0.000000 0.000000 -0.100000
vn 0.000000 0.000000 -0.100000
vn 0.000000 0.000000 -0.100000
vn 0.000000 0.000000 -0.100000
vn 0.000000 0.000000 -0.100000
vn 0.000000 0.000000 -0.100000
vn 0.000000 0.000000 -0.100000
vn 0.000000 0.000000 -0.100000
vn 0.000000 0.000000 -0.100000
vn 0.000000 0.000000 -0.100000
vn 0.000000 0.000000 -0.100000
vn 0.000000 0.000000 -0.100000
vn 0.000000 0.000000 -0.100000
vn 0.000000 0.000000 -0.100000
vn 0.000000 0.000000 -0.100000
vn 0.000000 0.000000 -0.100000
vn 0.000000 0.000000 -0.100000
vn 0.000000 0.000000 -0.100000
vn 0.000000 0.000000 -0.100000
vn 0.000000 0.000000 -0.100000
vn 0.000000 0.000000 -0.100000
vn 0.000000 0.000000 -0.100000
vn 0.000000 0.000000 -0.100000
vn 0.000000 0.000000 -0.100000
vn 0.000000 0.000000 -0.100000
vn 0.000000 0.000000 -0.100000
vn 0.000000 0.000000 -0.100000
vn 0.000000 0.000000 -0.100000
vn 0.000000 0.000000 -0.100000
vn 0.000000 0.000000 -0.100000
vn 0.000000 0.000000 -0.100000
vn 0.000000 0.000000 -0.100000
vn 0.000000 0.000000 -0.100000
vn 0.000000 0.000000 -0.100000
vn 0.000000 0.000000 -0.100000
vn 0.000000 0.000000 -0.100000
vn 0.000000 0.000000 -0.100000
vn 0.000000 0.000000 -0.100000
vn 0.000000 0.000000 -0.100000
vn 0.000000 0.000000 -0.100000
vn 0.000000 0.000000 -0.100000
vn 0.000000 0.000000 -0.100000
vn 0.000000 0.000000 -0.100000
vn 0.000000 0.000000 -0.100000
vn 0.000000 0.000000 -0.100000
vn 0.000000 0.000000 -0.100000
vn 0.000000 0.000000 -0.100000
vn 0.000000 0.000000 -0.100000
vn 0.000000 0.000000 -0.100000
vn 0.000000 0.000000 -0.100000
vn 0.000000 0.000000 -0.100000
vn 0.000000 0.000000 -0.100000
vn 0.000000 0.000000 -0.100000
vn 0.000000 0.000000 -0.100000
vn 0.000000 0.000000 -0.100000
vn 0.000000 0.000000 -0.100000
vn 0.000000 0.000000 -0.100000
vn 0.000000 0.000000 -0.100000
vn 0.000000 0.000000 -0.100000
vn 0.000000 0.000000 -0.100000
vn 0.000000 0.000000 -0.100000
vn 0.000000 0.000000 -0.100000
vn 0.000000 0.000000 -0.100000
vn 0.000000 0.000000 -0.100000
vn 0.000000 0.000000 -0.100000
vn 0.000000 0.000000 -0.100000
vn 0.000000 0.000000 -0.100000
vn 0.000000 0.000000 -0.100000
vn 0.000000 0.000000 -0.100000
vn 0.000000 0.000000 -0.100000
vn 0.000000 0.000000 -0.100000
vn 0.000000 0.000000 -0.100000
vn 0.000000 0.000000 -0.100000
vn 0.000000 0.000000 -0.100000
vn 0.000000 0.000000 -0.100000
vn 0.000000 0.000000 -0.100000
vn 0.000000 0.000000 -0.100000
vn 0.000000 0.000000 -0.100000
vn 0.000000 0.000000 -0.100000
vn 0.000000 0.000000 -0.100000
vn 0.000000 0.000000 -0.100000
vn 0.000000 0.000000 -0.100000
vn 0.000000 0.000000 -0.100000
vn 0.000000 0.000000 -0.100000
vn 0.000000 0.000000 -0.100000
vn 0.000000 0.000000 -0.100000
vn 0.000000 0.000000 -0.100000
vn 0.000000 0.000000 -0.100000
vn 0.000000 0.000000 -0.100000
vn 0.000000 0.000000 -0.100000
vn 0.000000 0.000000 -0.100000
vn 0.000000 0.000000 -0.100000
vn 0.000000 0.000000 -0.100000
vn 0.000000 0.000000 -0.100000
vn 0.000000 0.000000 -0.100000
vn 0.000000 0.000000 -0.100000
vn 0.000000 0.000000 -0.100000
vn 0.000000 0.000000 -0.100000
vn 0.000000 0.000000 -0.100000
vn 0.000000 0.000000 -0.100000
vn 0.000000 0.000000 -0.100000
vn 0.000000 0.000000 -0.100000
vn 0.000000 0.000000 -0.100000
vn 0.000000 0.000000 -0.100000
vn 0.000000 0.000000 -0.100000
vn 0.000000 0.000000 -0.100000
vn 0.000000 0.000000 -0.100000
vn 0.000000 0.000000 -0.100000
vn 0.000000 0.000000 -0.100000
vn 0.000000 0.000000 -0.100000
vn 0.000000 0.000000 -0.100000
vn 0.000000 0.000000 -0.100000
vn 0.000000 0.000000 -0.100000
vn -0.000000 -0.000000 0.100000
vn -0.000000 -0.000000 0.100000
vn -0.000000 -0.000000 0.100000
vn -0.000000 -0.000000 0.100000
vn -0.000000 -0.000000 0.100000
vn -0.000000 -0.000000 0.100000
vn -0.000000 -0.000000 0.100000
vn -0.000000 -0.000000 0.100000
vn -0.000000 -0.000000 0.100000
vn -0.000000 -0.000000 0.100000
vn -0.000000 -0.000000 0.100000
vn -0.000000 -0.000000 0.100000
vn -0.000000 -0.000000 0.100000
vn -0.000000 -0.000000 0.100000
vn -0.000000 -0.000000 0.100000
vn -0.000000 -0.000000 0.100000
vn -0.000000 -0.000000 0.100000
vn -0.000000 -0.000000 0.100000
vn -0.000000 -0.000000 0.100000
vn -0.000000 -0.000000 0.100000
vn -0.000000 -0.000000 0.100000
vn -0.000000 -0.000000 0.100000
vn -0.000000 -0.000000 0.100000
vn -0.000000 -0.000000 0.100000
vn -0.000000 -0.000000 0.100000
vn -0.000000 -0.000000 0.100000
vn -0.000000 -0.000000 0.100000
vn -0.000000 -0.000000 0.100000
vn -0.000000 -0.000000 0.100000
vn -0.000000 -0.000000 0.100000
vn -0.000000 -0.000000 0.100000
vn -0.000000 -0.000000 0.100000
vn -0.000000 -0.000000 0.100000
vn -0.000000 -0.000000 0.100000
vn -0.000000 -0.000000 0.100000
vn -0.000000 -0.000000 0.100000
vn -0.000000 -0.000000 0.100000
vn -0.000000 -0.000000 0.100000
vn -0.000000 -0.000000 0.100000
vn -0.000000 -0.000000 0.100000
vn -0.000000 -0.000000 0.100000
vn -0.000000 -0.000000 0.100000
vn -0.000000 -0.000000 0.100000
vn -0.000000 -0.000000 0.100000
vn -0.000000 -0.000000 0.100000
vn -0.000000 -0.000000 0.100000
vn -0.000000 -0.000000 0.100000
vn -0.000000 -0.000000 0.100000
vn -0.000000 -0.000000 0.100000
vn -0.000000 -0.000000 0.100000
vn -0.000000 -0.000000 0.100000
vn -0.000000 -0.000000 0.100000
vn -0.000000 -0.000000 0.100000
vn -0.000000 -0.000000 0.100000
vn -0.000000 -0.000000 0.100000
vn -0.000000 -0.000000 0.100000
vn -0.000000 -0.000000 0.100000
vn -0.000000 -0.000000 0.100000
vn -0.000000 -0.000000 0.100000
vn -0.000000 -0.000000 0.100000
vn -0.000000 -0.000000 0.100000
vn -0.000000 -0.000000 0.100000
vn -0.000000 -0.000000 0.100000
vn -0.000000 -0.000000 0.100000
vn -0.000000 -0.000000 0.100000
vn -0.000000 -0.000000 0.100000
vn -0.000000 -0.000000 0.100000
vn -0.000000 -0.000000 0.100000
vn -0.000000 -0.000000 0.100000
vn -0.000000 -0.000000 0.100000
vn -0.000000 -0.000000 0.100000
vn -0.000000 -0.000000 0.100000
vn -0.000000 -0.000000 0.100000
vn -0.000000 -0.000000 0.100000
vn -0.000000 -0.000000 0.100000
vn -0.000000 -0.000000 0.100000
vn -0.000000 -0.000000 0.100000
vn -0.000000 -0.000000 0.100000
vn -0.000000 -0.000000 0.100000
vn -0.000000 -0.000000 0.100000
vn -0.000000 -0.000000 0.100000
vn -0.000000 -0.000000 0.100000
vn -0.000000 -0.000000 0.100000
vn -0.000000 -0.000000 0.100000
vn -0.000000 -0.000000 0.100000
vn -0.000000 -0.000000 0.100000
vn -0.000000 -0.000000 0.100000
vn -0.000000 -0.000000 0.100000
vn -0.000000 -0.000000 0.100000
vn -0.000000 -0.000000 0.100000
vn -0.000000 -0.000000 0.100000
vn -0.000000 -0.000000 0.100000
vn -0.000000 -0.000000 0.100000
vn -0.000000 -0.000000 0.100000
vn -0.000000 -0.000000 0.100000
vn -0.000000 -0.000000 0.100000
vn -0.000000 -0.000000 0.100000
vn -0.000000 -0.000000 0.100000
vn -0.000000 -0.000000 0.100000
vn -0.000000 -0.000000 0.100000
vn -0.000000 -0.000000 0.100000
vn -0.000000 -0.000000 0.100000
vn -0.000000 -0.000000 0.100000
vn -0.000000 -0.000000 0.100000
vn -0.000000 -0.000000 0.100000
vn -0.000000 -0.000000 0.100000
vn -0.000000 -0.000000 0.100000
vn -0.000000 -0.000000 0.100000
vn -0.000000 -0.000000 0.100000
vn -0.000000 -0.000000 0.100000
vn -0.000000 -0.000000 0.100000
vn -0.000000 -0.000000 0.100000
vn -0.000000 -0.000000 0.100000
vn -0.000000 -0.000000 0.100000
vn -0.000000 -0.000000 0.100000
vn -0.000000 -0.000000 0.100000
vn -0.000000 -0.000000 0.100000
vn -0.000000 -0.000000 0.100000
vn -0.000000 -0.000000 0.100000
vn -0.000000 -0.000000 0.100000
vn -0.000000 -0.000000 0.100000
vn -0.000000 -0.000000 0.100000
vn -0.000000 -0.000000 0.100000
vn -0.000000 -0.000000 0.100000
vn -0.000000 -0.000000 0.100000
vn -0.000000 -0.000000 0.100000
vn -0.000000 -0.000000 0.100000
vn -0.000000 -0.000000 0.100000
vn -0.000000 -0.000000 0.100000
vn -0.000000 -0.000000 0.100000
vn -0.000000 -0.000000 0.100000
vn -0.000000 -0.000000 0.100000
vn -0.000000 -0.000000 0.100000
vn -0.000000 -0.000000 0.100000
vn -0.000000 -0.000000 0.100000
vn -0.000000 -0.000000 0.100000
vn -0.000000 -0.000000 0.100000
vn -0.000000 -0.000000 0.100000
vn -0.000000 -0.000000 0.100000
vn -0.000000 -0.000000 0.100000
vn -0.000000 -0.000000 0.100000
vn -0.000000 -0.000000 0.100000
vn -0.000000 -0.000000 0.100000
vn -0.000000 -0.000000 0.100000
vn -0.000000 -0.000000 0.100000
vn -0.000000 -0.000000 0.100000
vn -0.000000 -0.000000 0.100000
vn -0.000000 -0.000000 0.100000
vn -0.000000 -0.000000 0.100000
vn -0.000000 -0.000000 0.100000
vn -0.000000 -0.000000 0.100000
vn -0.000000 -0.000000 0.100000
vn -0.000000 -0.000000 0.100000
vn -0.000000 -0.000000 0.100000
vn -0.000000 -0.000000 0.100000
vn -0.000000 -0.000000 0.100000
vn -0.000000 -0.000000 0.100000
vn -0.000000 -0.000000 0.100000
vn -0.000000 -0.000000 0.100000
vn -0.000000 -0.000000 0.100000
vn -0.000000 -0.000000 0.100000
vn -0.000000 -0.000000 0.100000
vn -0.000000 -0.000000 0.100000
vn -0.000000 -0.000000 0.100000
vn -0.000000 -0.000000 0.100000
vn -0.000000 -0.000000 0.100000
vn -0.000000 -0.000000 0.100000
vn -0.000000 -0.000000 0.100000
vn -0.000000 -0.000000 0.100000
vn -0.000000 -0.000000 0.100000
vn -0.000000 -0.000000 0.100000
vn -0.000000 -0.000000 0.100000
vn -0.000000 -0.000000 0.100000
vn -0.000000 -0.000000 0.100000
vn -0.000000 -0.000000 0.100000
vn -0.000000 -0.000000 0.100000
vn -0.000000 -0.000000 0.100000
vn -0.000000 -0.000000 0.100000
vn -0.000000 -0.000000 0.100000
vn -0.000000 -0.000000 0.100000
vn -0.000000 -0.000000 0.100000
vn -0.000000 -0.000000 0.100000
vn -0.000000 -0.000000 0.100000
vn -0.000000 -0.000000 0.100000
vn -0.000000 -0.000000 0.100000
vn -0.000000 -0.000000 0.100000
vn -0.000000 -0.000000 0.100000
vn -0.000000 -0.000000 0.100000
vn -0.000000 -0.000000 0.100000
vn -0.000000 -0.000000 0.100000
vn -0.000000 -0.000000 0.100000
vn -0.000000 -0.000000 0.100000
vn -0.000000 -0.000000 0.100000
vn -0.000000 -0.000000 0.100000
vn -0.000000 -0.000000 0.100000
vn -0.000000 -0.000000 0.100000
vn -0.000000 -0.000000 0.100000
vn -0.000000 -0.000000 0.100000
vn -0.000000 -0.000000 0.100000
vn -0.000000 -0.000000 0.100000
vn -0.000000 -0.000000 0.100000
vn -0.000000 -0.000000 0.100000
vn -0.000000 -0.000000 0.100000
vn -0.000000 -0.000000 0.100000
vn -0.000000 -0.000000 0.100000
vn -0.000000 -0.000000 0.100000
vn -0.000000 -0.000000 0.100000
vn -0.000000 -0.000000 0.100000
vn -0.000000 -0.000000 0.100000
vn -0.000000 -0.000000 0.100000
vn -0.000000 -0.000000 0.100000
vn -0.000000 -0.000000 0.100000
vn -0.000000 -0.000000 0.100000
vn -0.000000 -0.000000 0.100000
vn -0.000000 -0.000000 0.100000
vn -0.000000 -0.000000 0.100000
vn -0.000000 -0.000000 0.100000
vn -0.000000 -0.000000 0.100000
vn -0.000000 -0.000000 0.100000
vn -0.000000 -0.000000 0.100000
vn -0.000000 -0.000000 0.100000
vn -0.000000 -0.000000 0.100000
vn -0.000000 -0.000000 0.100000
vn -0.000000 -0.000000 0.100000
vn -0.000000 -0.000000 0.100000
vn -0.000000 -0.000000 0.100000
vn -0.000000 -0.000000 0.100000
vn -0.000000 -0.000000 0.100000
vn -0.000000 -0.000000 0.100000
vn -0.000000 -0.000000 0.100000
vn -0.000000 -0.000000 0.100000
vn -0.000000 -0.000000 0.100000
vn -0.000000 -0.000000 0.100000
vn -0.000000 -0.000000 0.100000
vn -0.000000 -0.000000 0.100000
vn -0.000000 -0.000000 0.100000
vn -0.000000 -0.000000 0.100000
vn -0.000000 -0.000000 0.100000
vn -0.000000 -0.000000 0.100000
vn -0.000000 -0.000000 0.100000
vn -0.000000 -0.000000 0.100000
vn -0.000000 -0.000000 0.100000
vn -0.000000 -0.000000 0.100000
vn -0.000000 -0.000000 0.100000
vn -0.000000 -0.000000 0.100000
vn -0.000000 -0.000000 0.100000
vn -0.000000 -0.000000 0.100000
vn -0.000000 -0.000000 0.100000
vn -0.000000 -0.000000 0.100000
vn -0.000000 -0.000000 0.100000
vn -0.000000 -0.000000 0.100000
vn -0.000000 -0.000000 0.100000
vn -0.000000 -0.000000 0.100000
vn -0.000000 -0.000000 0.100000
vn -0.000000 -0.000000 0.100000
vn -0.000000 -0.000000 0.100000
vn -0.000000 -0.000000 0.100000
vn -0.000000 -0.000000 0.100000
vn -0.000000 -0.000000 0.100000
vn -0.000000 -0.000000 0.100000
vn -0.000000 -0.000000 0.100000
vn -0.000000 -0.000000 0.100000
vn -0.000000 -0.000000 0.100000
vn -0.000000 -0.000000 0.100000
vn -0.000000 -0.000000 0.100000
vn -0.000000 -0.000000 0.100000
vn -0.000000 -0.000000 0.100000
vn -0.000000 -0.000000 0.100000
vn -0.000000 -0.000000 0.100000
vn -0.000000 -0.000000 0.100000
vn -0.000000 -0.000000 0.100000
vn -0.000000 -0.000000 0.100000
vn -0.000000 -0.000000 0.100000
vn -0.000000 -0.000000 0.100000
vn -0.000000 -0.000000 0.100000
vn -0.000000 -0.000000 0.100000
vn -0.000000 -0.000000 0.100000
vn -0.000000 -0.000000 0.100000
vn -0.000000 -0.000000 0.100000
vn -0.000000 -0.000000 0.100000
vn -0.000000 -0.000000 0.100000
vn -0.000000 -0.000000 0.100000
vn -0.000000 -0.000000 0.100000
vn -0.000000 -0.000000 0.100000
vn -0.000000 -0.000000 0.100000
vn -0.000000 -0.000000 0.100000
vn -0.000000 -0.000000 0.100000
vn -0.000000 -0.000000 0.100000
vn -0.000000 -0.000000 0.100000
vn -0.000000 -0.000000 0.100000
vn -0.000000 -0.000000 0.100000
vn -0.000000 -0.000000 0.100000
vn -0.000000 -0.000000 0.100000
vn -0.000000 -0.000000 0.100000
vn -0.000000 -0.000000 0.100000
vn -0.000000 -0.000000 0.100000
vn -0.000000 -0.000000 0.100000
vn -0.000000 -0.000000 0.100000
vn -0.000000 -0.000000 0.100000
vn -0.000000 -0.000000 0.100000
vn -0.000000 -0.000000 0.100000
vn -0.000000 -0.000000 0.100000
vn -0.000000 -0.000000 0.100000
vn -0.000000 -0.000000 0.100000
vn -0.000000 -0.000000 0.100000
vn -0.000000 -0.000000 0.100000
vn -0.000000 -0.000000 0.100000
vn -0.000000 -0.000000 0.100000
vn -0.000000 -0.000000 0.100000
vn -0.000000 -0.000000 0.100000
vn -0.000000 -0.000000 0.100000
vn -0.000000 -0.000000 0.100000
vn -0.000000 -0.000000 0.100000
vn -0.000000 -0.000000 0.100000
vn -0.000000 -0.000000 0.100000
vn -0.000000 -0.000000 0.100000
vn -0.000000 -0.000000 0.100000
vn -0.000000 -0.000000 0.100000
vn -0.000000 -0.000000 0.100000
vn -0.000000 -0.000000 0.100000
vn -0.000000 -0.000000 0.100000
vn -0.000000 -0.000000 0.100000
vn -0.000000 -0.000000 0.100000
vn -0.000000 -0.000000 0.100000
vn -0.000000 -0.000000 0.100000
vn -0.000000 -0.000000 0.100000
vn -0.000000 -0.000000 0.100000
vn -0.000000 -0.000000 0.100000
vn -0.000000 -0.000000 0.100000
vn -0.000000 -0.000000 0.100000
vn -0.000000 -0.000000 0.100000
vn -0.000000 -0.000000 0.100000
vn -0.000000 -0.000000 0.100000
vn -0.000000 -0.000000 0.100000
vn -0.000000 -0.000000 0.100000
vn -0.000000 -0.000000 0.100000
vn -0.000000 -0.000000 0.100000
vn -0.000000 -0.000000 0.100000
vn -0.000000 -0.000000 0.100000
vn -0.000000 -0.000000 0.100000
vn -0.000000 -0.000000 0.100000
vn -0.000000 -0.000000 0.100000
vn -0.000000 -0.000000 0.100000
vn -0.000000 -0.000000 0.100000
vn -0.000000 -0.000000 0.100000
vn -0.000000 -0.000000 0.100000
vn -0.000000 -0.000000 0.100000
vn -0.000000 -0.000000 0.100000
vn -0.000000 -0.000000 0.100000
vn -0.000000 -0.000000 0.100000
vn -0.000000 -0.000000 0.100000
vn -0.000000 -0.000000 0.100000
vn -0.000000 -0.000000 0.100000
vn -0.000000 -0.000000 0.100000
vn -0.000000 -0.000000 0.100000
vn -0.000000 -0.000000 0.100000
vn -0.000000 -0.000000 0.100000
vn -0.000000 -0.000000 0.100000
vn -0.000000 -0.000000 0.100000
vn -0.000000 -0.000000 0.100000
vn -0.000000 -0.000000 0.100000
vn -0.000000 -0.000000 0.100000
vn -0.000000 -0.000000 0.100000
vn -0.000000 -0.000000 0.100000
vn -0.000000 -0.000000 0.100000
vn -0.000000 -0.000000 0.100000
vn -0.000000 -0.000000 0.100000
vn -0.000000 -0.000000 0.100000
vn -0.000000 -0.000000 0.100000
vn -0.000000 -0.000000 0.100000
vn -0.000000 -0.000000 0.100000
vn -0.000000 -0.000000 0.100000
vn -0.000000 -0.000000 0.100000
vn -0.000000 -0.000000 0.100000
vn -0.000000 -0.000000 0.100000
vn -0.000000 -0.000000 0.100000
vn -0.000000 -0.000000 0.100000
vn -0.000000 -0.000000 0.100000
vn -0.000000 -0.000000 0.100000
vn -0.000000 -0.000000 0.100000
vn -0.000000 -0.000000 0.100000
vn -0.000000 -0.000000 0.100000
vn -0.000000 -0.000000 0.100000
vn -0.000000 -0.000000 0.100000
vn -0.000000 -0.000000 0.100000
vn -0.000000 -0.000000 0.100000
vn -0.000000 -0.000000 0.100000
vn -0.000000 -0.000000 0.100000
vn -0.000000 -0.000000 0.100000
vn -0.000000 -0.000000 0.100000
vn -0.000000 -0.000000 0.100000
vn -0.000000 -0.000000 0.100000
vn -0.000000 -0.000000 0.100000
vn -0.000000 -0.000000 0.100000
vn -0.000000 -0.000000 0.100000
vn -0.000000 -0.000000 0.100000
vn -0.000000 -0.000000 0.100000
vn -0.000000 -0.000000 0.100000
vn -0.000000 -0.000000 0.100000
vn -0.000000 -0.000000 0.100000
vn -0.000000 -0.000000 0.100000
vn -0.000000 -0.000000 0.100000
vn -0.000000 -0.000000 0.100000
vn -0.000000 -0.000000 0.100000
vn -0.000000 -0.000000 0.100000
vn -0.000000 -0.000000 0.100000
vn -0.000000 -0.000000 0.100000
vn -0.000000 -0.000000 0.100000
vn -0.000000 -0.000000 0.100000
vn -0.000000 -0.000000 0.100000
vn -0.000000 -0.000000 0.100000
vn -0.000000 -0.000000 0.100000
vn -0.000000 -0.000000 0.100000
vn -0.000000 -0.000000 0.100000
vn -0.000000 -0.000000 0.100000
vn -0.000000 -0.000000 0.100000
vn -0.000000 -0.000000 0.100000
vn -0.000000 -0.000000 0.100000
vn -0.000000 -0.000000 0.100000
vn -0.000000 -0.000000 0.100000
vn -0.000000 -0.000000 0.100000
vn -0.000000 -0.000000 0.100000
vn -0.000000 -0.000000 0.100000
vn -0.000000 -0.000000 0.100000
vn -0.000000 -0.000000 0.100000
vn -0.000000 -0.000000 0.100000
vn -0.000000 -0.000000 0.100000
vn -0.000000 -0.000000 0.100000
vn -0.000000 -0.000000 0.100000
vn -0.000000 -0.000000 0.100000
vn -0.000000 -0.000000 0.100000
vn -0.000000 -0.000000 0.100000
vn -0.000000 -0.000000 0.100000
vn -0.000000 -0.000000 0.100000
vn -0.000000 -0.000000 0.100000
vn -0.000000 -0.000000 0.100000
vn -0.000000 -0.000000 0.100000
vn -0.000000 -0.000000 0.100000
vn -0.000000 -0.000000 0.100000
vn -0.000000 -0.000000 0.100000
vn -0.000000 -0.000000 0.100000
vn -0.000000 -0.000000 0.100000
vn -0.000000 -0.000000 0.100000
vn -0.000000 -0.000000 0.100000
vn -0.000000 -0.000000 0.100000
vn -0.000000 -0.000000 0.100000
vn -0.000000 -0.000000 0.100000
vn -0.000000 -0.000000 0.100000
vn -0.000000 -0.000000 0.100000
vn -0.000000 -0.000000 0.100000
vn -0.000000 -0.000000 0.100000
vn -0.000000 -0.000000 0.100000
vn -0.000000 -0.000000 0.100000
vn -0.000000 -0.000000 0.100000
vn -0.000000 -0.000000 0.100000
vn -0.000000 -0.000000 0.100000
vn -0.000000 -0.000000 0.100000
vn -0.000000 -0.000000 0.100000
vn -0.000000 -0.000000 0.100000
vn -0.000000 -0.000000 0.100000
vn -0.000000 -0.000000 0.100000
vn -0.000000 -0.000000 0.100000
vn -0.000000 -0.000000 0.100000
vn -0.000000 -0.000000 0.100000
vn -0.000000 -0.000000 0.100000
vn -0.000000 -0.000000 0.100000
vn -0.000000 -0.000000 0.100000
vn -0.000000 -0.000000 0.100000
vn -0.000000 -0.000000 0.100000
vn -0.000000 -0.000000 0.100000
vn -0.000000 -0.000000 0.100000
vn -0.000000 -0.000000 0.100000
vn -0.000000 -0.000000 0.100000
vn -0.000000 -0.000000 0.100000
vn -0.000000 -0.000000 0.100000
vn -0.000000 -0.000000 0.100000
vn -0.000000 -0.000000 0.100000
vn -0.000000 -0.000000 0.100000
vn -0.000000 -0.000000 0.100000
vn -0.000000 -0.000000 0.100000
vn -0.000000 -0.000000 0.100000
vn -0.000000 -0.000000 0.100000
vn -0.000000 -0.000000 0.100000
vn -0.000000 -0.000000 0.100000
vn -0.000000 -0.000000 0.100000
vn -0.000000 -0.000000 0.100000
vn -0.000000 -0.000000 0.100000
vn -0.000000 -0.000000 0.100000
vn -0.000000 -0.000000 0.100000
vn -0.000000 -0.000000 0.100000
vn -0.000000 -0.000000 0.100000
vn -0.000000 -0.000000 0.100000
vn -0.000000 -0.000000 0.100000
vn -0.000000 -0.000000 0.100000
vn -0.000000 -0.000000 0.100000
vn -0.000000 -0.000000 0.100000
vn -0.000000 -0.000000 0.100000
vn -0.000000 -0.000000 0.100000
vn -0.000000 -0.000000 0.100000
vn -0.000000 -0.000000 0.100000
vn -0.000000 -0.000000 0.100000
vn -0.000000 -0.000000 0.100000
vn -0.000000 -0.000000 0.100000
vn -0.000000 -0.000000 0.100000
vn -0.000000 -0.000000 0.100000
vn -0.000000 -0.000000 0.100000
vn -0.000000 -0.000000 0.100000
vn -0.000000 -0.000000 0.100000
vn -0.000000 -0.000000 0.100000
vn 0.000000 0.000000 -0.100000
vn 0.000000 0.000000 -0.100000
vn 0.000000 0.000000 -0.100000
vn 0.000000 0.000000 -0.100000
vn 0.000000 0.000000 -0.100000
vn 0.000000 0.000000 -0.100000
vn 0.000000 0.000000 -0.100000
vn 0.000000 0.000000 -0.100000
vn 0.000000 0.000000 -0.100000
vn 0.000000 0.000000 -0.100000
vn 0.000000 0.000000 -0.100000
vn 0.000000 0.000000 -0.100000
vn 0.000000 0.000000 -0.100000
vn 0.000000 0.000000 -0.100000
vn 0.000000 0.000000 -0.100000
vn 0.000000 0.000000 -0.100000
vn 0.000000 0.000000 -0.100000
vn 0.000000 0.000000 -0.100000
vn 0.000000 0.000000 -0.100000
vn 0.000000 0.000000 -0.100000
vn 0.000000 0.000000 -0.100000
vn 0.000000 0.000000 -0.100000
vn 0.000000 0.000000 -0.100000
vn 0.000000 0.000000 -0.100000
vn 0.000000 0.000000 -0.100000
vn 0.000000 0.000000 -0.100000
vn 0.000000 0.000000 -0.100000
vn 0.000000 0.000000 -0.100000
vn 0.000000 0.000000 -0.100000
vn 0.000000 0.000000 -0.100000
vn 0.000000 0.000000 -0.100000
vn 0.000000 0.000000 -0.100000
vn 0.000000 0.000000 -0.100000
vn 0.000000 0.000000 -0.100000
vn 0.000000 0.000000 -0.100000
vn 0.000000 0.000000 -0.100000
vn 0.000000 0.000000 -0.100000
vn 0.000000 0.000000 -0.100000
vn 0.000000 0.000000 -0.100000
vn 0.000000 0.000000 -0.100000
vn 0.000000 0.000000 -0.100000
vn 0.000000 0.000000 -0.100000
vn 0.000000 0.000000 -0.100000
vn 0.000000 0.000000 -0.100000
vn 0.000000 0.000000 -0.100000
vn 0.000000 0.000000 -0.100000
vn 0.000000 0.000000 -0.100000
vn 0.000000 0.000000 -0.100000
vn 0.000000 0.000000 -0.100000
vn 0.000000 0.000000 -0.100000
vn 0.000000 0.000000 -0.100000
vn 0.000000 0.000000 -0.100000
vn 0.000000 0.000000 -0.100000
vn 0.000000 0.000000 -0.100000
vn 0.000000 0.000000 -0.100000
vn 0.000000 0.000000 -0.100000
vn 0.000000 0.000000 -0.100000
vn 0.000000 0.000000 -0.100000
vn 0.000000 0.000000 -0.100000
vn 0.000000 0.000000 -0.100000
vn 0.000000 0.000000 -0.100000
vn 0.000000 0.000000 -0.100000
vn 0.000000 0.000000 -0.100000
vn 0.000000 0.000000 -0.100000
vn 0.000000 0.000000 -0.100000
vn 0.000000 0.000000 -0.100000
vn 0.000000 0.000000 -0.100000
vn 0.000000 0.000000 -0.100000
vn 0.000000 0.000000 -0.100000
vn 0.000000 0.000000 -0.100000
vn 0.000000 0.000000 -0.100000
vn 0.000000 0.000000 -0.100000
vn 0.000000 0.000000 -0.100000
vn 0.000000 0.000000 -0.100000
vn 0.000000 0.000000 -0.100000
vn 0.000000 0.000000 -0.100000
vn 0.000000 0.000000 -0.100000
vn 0.000000 0.000000 -0.100000
vn 0.000000 0.000000 -0.100000
vn 0.000000 0.000000 -0.100000
vn 0.000000 0.000000 -0.100000
vn 0.000000 0.000000 -0.100000
vn 0.000000 0.000000 -0.100000
vn 0.000000 0.000000 -0.100000
vn 0.000000 0.000000 -0.100000
vn 0.000000 0.000000 -0.100000
vn 0.000000 0.000000 -0.100000
vn 0.000000 0.000000 -0.100000
vn 0.000000 0.000000 -0.100000
vn 0.000000 0.000000 -0.100000
vn 0.000000 0.000000 -0.100000
vn 0.000000 0.000000 -0.100000
vn 0.000000 0.000000 -0.100000
vn 0.000000 0.000000 -0.100000
vn 0.000000 0.000000 -0.100000
vn 0.000000 0.000000 -0.100000
vn 0.000000 0.000000 -0.100000
vn 0.000000 0.000000 -0.100000
vn 0.000000 0.000000 -0.100000
vn 0.000000 0.000000 -0.100000
vn 0.000000 0.000000 -0.100000
vn 0.000000 0.000000 -0.100000
vn 0.000000 0.000000 -0.100000
vn 0.000000 0.000000 -0.100000
vn 0.000000 0.000000 -0.100000
vn 0.000000 0.000000 -0.100000
vn 0.000000 0.000000 -0.100000
vn 0.000000 0.000000 -0.100000
vn 0.000000 0.000000 -0.100000
vn 0.000000 0.000000 -0.100000
vn 0.000000 0.000000 -0.100000
vn 0.000000 0.000000 -0.100000
vn 0.000000 0.000000 -0.100000
vn 0.000000 0.000000 -0.100000
vn 0.000000 0.000000 -0.100000
vn 0.000000 0.000000 -0.100000
vn 0.000000 0.000000 -0.100000
vn 0.000000 0.000000 -0.100000
vn 0.000000 0.000000 -0.100000
vn 0.000000 0.000000 -0.100000
vn 0.000000 0.000000 -0.100000
vn 0.000000 0.000000 -0.100000
vn 0.000000 0.000000 -0.100000
vn 0.000000 0.000000 -0.100000
vn 0.000000 0.000000 -0.100000
vn 0.000000 0.000000 -0.100000
vn 0.000000 0.000000 -0.100000
vn 0.000000 0.000000 -0.100000
vn 0.000000 0.000000 -0.100000
vn 0.000000 0.000000 -0.100000
vn 0.000000 0.000000 -0.100000
vn 0.000000 0.000000 -0.100000
vn 0.000000 0.000000 -0.100000
vn 0.000000 0.000000 -0.100000
vn 0.000000 0.000000 -0.100000
vn 0.000000 0.000000 -0.100000
vn 0.000000 0.000000 -0.100000
vn 0.000000 0.000000 -0.100000
vn 0.000000 0.000000 -0.100000
vn 0.000000 0.000000 -0.100000
vn 0.000000 0.000000 -0.100000
vn 0.000000 0.000000 -0.100000
vn 0.000000 0.000000 -0.100000
vn 0.000000 0.000000 -0.100000
vn -0.000000 -0.000000 0.100000
vn -0.000000 -0.000000 0.100000
vn -0.000000 -0.000000 0.100000
vn -0.000000 -0.000000 0.100000
vn -0.000000 -0.000000 0.100000
vn -0.000000 -0.000000 0.100000
vn -0.000000 -0.000000 0.100000
vn -0.000000 -0.000000 0.100000
vn -0.000000 -0.000000 0.100000
vn -0.000000 -0.000000 0.100000
vn -0.000000 -0.000000 0.100000
vn -0.000000 -0.000000 0.100000
vn -0.000000 -0.000000 0.100000
vn -0.000000 -0.000000 0.100000
vn -0.000000 -0.000000 0.100000
vn -0.000000 -0.000000 0.100000
vn -0.000000 -0.000000 0.100000
vn -0.000000 -0.000000 0.100000
vn -0.000000 -0.000000 0.100000
vn -0.000000 -0.000000 0.100000
vn -0.000000 -0.000000 0.100000
vn -0.000000 -0.000000 0.100000
vn -0.000000 -0.000000 0.100000
vn -0.000000 -0.000000 0.100000
vn -0.000000 -0.000000 0.100000
vn -0.000000 -0.000000 0.100000
vn -0.000000 -0.000000 0.100000
vn -0.000000 -0.000000 0.100000
vn -0.000000 -0.000000 0.100000
vn -0.000000 -0.000000 0.100000
vn -0.000000 -0.000000 0.100000
vn -0.000000 -0.000000 0.100000
vn -0.000000 -0.000000 0.100000
vn -0.000000 -0.000000 0.100000
vn -0.000000 -0.000000 0.100000
vn -0.000000 -0.000000 0.100000
vn -0.000000 -0.000000 0.100000
vn -0.000000 -0.000000 0.100000
vn -0.000000 -0.000000 0.100000
vn -0.000000 -0.000000 0.100000
vn -0.000000 -0.000000 0.100000
vn -0.000000 -0.000000 0.100000
vn -0.000000 -0.000000 0.100000
vn -0.000000 -0.000000 0.100000
vn -0.000000 -0.000000 0.100000
vn -0.000000 -0.000000 0.100000
vn -0.000000 -0.000000 0.100000
vn -0.000000 -0.000000 0.100000
vn -0.000000 -0.000000 0.100000
vn -0.000000 -0.000000 0.100000
vn -0.000000 -0.000000 0.100000
vn -0.000000 -0.000000 0.100000
vn -0.000000 -0.000000 0.100000
vn -0.000000 -0.000000 0.100000
vn -0.000000 -0.000000 0.100000
vn -0.000000 -0.000000 0.100000
vn -0.000000 -0.000000 0.100000
vn -0.000000 -0.000000 0.100000
vn -0.000000 -0.000000 0.100000
vn -0.000000 -0.000000 0.100000
vn -0.000000 -0.000000 0.100000
vn -0.000000 -0.000000 0.100000
vn -0.000000 -0.000000 0.100000
vn -0.000000 -0.000000 0.100000
vn -0.000000 -0.000000 0.100000
vn -0.000000 -0.000000 0.100000
vn -0.000000 -0.000000 0.100000
vn -0.000000 -0.000000 0.100000
vn -0.000000 -0.000000 0.100000
vn -0.000000 -0.000000 0.100000
vn -0.000000 -0.000000 0.100000
vn -0.000000 -0.000000 0.100000
vn -0.000000 -0.000000 0.100000
vn -0.000000 -0.000000 0.100000
vn -0.000000 -0.000000 0.100000
vn -0.000000 -0.000000 0.100000
vn -0.000000 -0.000000 0.100000
vn -0.000000 -0.000000 0.100000
vn -0.000000 -0.000000 0.100000
vn -0.000000 -0.000000 0.100000
vn -0.000000 -0.000000 0.100000
vn -0.000000 -0.000000 0.100000
vn -0.000000 -0.000000 0.100000
vn -0.000000 -0.000000 0.100000
vn -0.000000 -0.000000 0.100000
vn -0.000000 -0.000000 0.100000
vn -0.000000 -0.000000 0.100000
vn -0.000000 -0.000000 0.100000
vn -0.000000 -0.000000 0.100000
vn -0.000000 -0.000000 0.100000
vn -0.000000 -0.000000 0.100000
vn -0.000000 -0.000000 0.100000
vn -0.000000 -0.000000 0.100000
vn -0.000000 -0.000000 0.100000
vn -0.000000 -0.000000 0.100000
vn -0.000000 -0.000000 0.100000
vn -0.000000 -0.000000 0.100000
vn -0.000000 -0.000000 0.100000
vn -0.000000 -0.000000 0.100000
vn -0.000000 -0.000000 0.100000
vn -0.000000 -0.000000 0.100000
vn -0.000000 -0.000000 0.100000
vn -0.000000 -0.000000 0.100000
vn -0.000000 -0.000000 0.100000
vn -0.000000 -0.000000 0.100000
vn -0.000000 -0.000000 0.100000
vn -0.000000 -0.000000 0.100000
vn -0.000000 -0.000000 0.100000
vn -0.000000 -0.000000 0.100000
vn -0.000000 -0.000000 0.100000
vn -0.000000 -0.000000 0.100000
vn -0.000000 -0.000000 0.100000
vn -0.000000 -0.000000 0.100000
vn -0.000000 -0.000000 0.100000
vn -0.000000 -0.000000 0.100000
vn -0.000000 -0.000000 0.100000
vn -0.000000 -0.000000 0.100000
vn -0.000000 -0.000000 0.100000
vn -0.000000 -0.000000 0.100000
vn -0.000000 -0.000000 0.100000
vn -0.000000 -0.000000 0.100000
vn -0.000000 -0.000000 0.100000
vn -0.000000 -0.000000 0.100000
vn -0.000000 -0.000000 0.100000
vn -0.000000 -0.000000 0.100000
vn -0.000000 -0.000000 0.100000
vn -0.000000 -0.000000 0.100000
vn -0.000000 -0.000000 0.100000
vn -0.000000 -0.000000 0.100000
vn -0.000000 -0.000000 0.100000
vn -0.000000 -0.000000 0.100000
vn -0.000000 -0.000000 0.100000
vn -0.000000 -0.000000 0.100000
vn -0.000000 -0.000000 0.100000
vn -0.000000 -0.000000 0.100000
vn -0.000000 -0.000000 0.100000
vn -0.000000 -0.000000 0.100000
vn -0.000000 -0.000000 0.100000
vn -0.000000 -0.000000 0.100000
vn -0.000000 -0.000000 0.100000
vn -0.000000 -0.000000 0.100000
vn -0.000000 -0.000000 0.100000
vn -0.000000 -0.000000 0.100000
vn -0.000000 -0.000000 0.100000
vn -0.000000 -0.000000 0.100000
vn -0.000000 -0.000000 0.100000
vn -0.000000 -0.000000 0.100000
vn -0.000000 -0.000000 0.100000
vn -0.000000 -0.000000 0.100000
vn -0.000000 -0.000000 0.100000
vn -0.000000 -0.000000 0.100000
vn -0.000000 -0.000000 0.100000
vn -0.000000 -0.000000 0.100000
vn -0.000000 -0.000000 0.100000
vn -0.000000 -0.000000 0.100000
vn -0.000000 -0.000000 0.100000
vn -0.000000 -0.000000 0.100000
vn -0.000000 -0.000000 0.100000
vn -0.000000 -0.000000 0.100000
vn -0.000000 -0.000000 0.100000
vn -0.000000 -0.000000 0.100000
vn -0.000000 -0.000000 0.100000
vn -0.000000 -0.000000 0.100000
vn -0.000000 -0.000000 0.100000
vn -0.000000 -0.000000 0.100000
vn -0.000000 -0.000000 0.100000
vn -0.000000 -0.000000 0.100000
vn -0.000000 -0.000000 0.100000
vn -0.000000 -0.000000 0.100000
vn -0.000000 -0.000000 0.100000
vn -0.000000 -0.000000 0.100000
vn -0.000000 -0.000000 0.100000
vn -0.000000 -0.000000 0.100000
vn -0.000000 -0.000000 0.100000
vn 0.029022 -0.095696 -0.000000
vn 0.029022 -0.095696 -0.000000
vn 0.051909 -0.085472 0.000000
vn 0.051909 -0.085472 0.000000
vn 0.071534 -0.069878 0.000000
vn 0.071534 -0.069878 0.000000
vn 0.086664 -0.049893 0.000000
vn 0.086664 -0.049893 0.000000
vn 0.096349 -0.026773 0.000000
vn 0.096349 -0.026773 0.000000
vn 0.099981 -0.001971 0.000000
vn 0.099981 -0.001971 0.000000
vn 0.097330 0.022956 0.000000
vn 0.097330 0.022956 0.000000
vn 0.088563 0.046439 0.000000
vn 0.088563 0.046439 0.000000
vn 0.074232 0.067005 0.000000
vn 0.074232 0.067005 0.000000
vn 0.055236 0.083361 0.000000
vn 0.055236 0.083361 0.000000
vn 0.032770 0.094478 0.000000
vn 0.032770 0.094478 0.000000
vn 0.008244 0.099660 0.000000
vn 0.008244 0.099660 0.000000
vn -0.016799 0.098579 0.000000
vn -0.016799 0.098579 0.000000
vn -0.040787 0.091304 -0.000000
vn -0.040787 0.091304 -0.000000
vn -0.062212 0.078292 -0.000000
vn -0.062212 0.078292 -0.000000
vn -0.079728 0.060361 -0.000000
vn -0.079728 0.060361 -0.000000
vn -0.092234 0.038637 -0.000000
vn -0.092234 0.038637 -0.000000
vn -0.098945 0.014486 -0.000000
vn -0.098945 0.014486 -0.000000
vn -0.099439 -0.010576 -0.000000
vn -0.099439 -0.010576 -0.000000
vn -0.093685 -0.034973 -0.000000
vn -0.093685 -0.034973 -0.000000
vn -0.082044 -0.057173 -0.000000
vn -0.082044 -0.057173 -0.000000
vn -0.065248 -0.075780 -0.000000
vn -0.065248 -0.075780 -0.000000
vn -0.044353 -0.089626 -0.000000
vn -0.044353 -0.089626 -0.000000
vn -0.020670 -0.097840 -0.000000
vn -0.020670 -0.097840 -0.000000
vn 0.004311 -0.099907 -0.000000
vn 0.004311 -0.099907 -0.000000
vn 0.029022 -0.095696 -0.000000
vn 0.029022 -0.095696 -0.000000
vn 0.051909 -0.085472 0.000000
vn 0.051909 -0.085472 0.000000
vn 0.071534 -0.069878 0.000000
vn 0.071534 -0.069878 0.000000
vn 0.086664 -0.049893 0.000000
vn 0.086664 -0.049893 0.000000
vn 0.096349 -0.026773 0.000000
vn 0.096349 -0.026773 0.000000
vn 0.099981 -0.001971 0.000000
vn 0.099981 -0.001971 0.000000
vn 0.097330 0.022956 0.000000
vn 0.097330 0.022956 0.000000
vn 0.088563 0.046439 0.000000
vn 0.088563 0.046439 0.000000
vn 0.074232 0.067005 0.000000
vn 0.074232 0.067005 0.000000
vn 0.055236 0.083361 0.000000
vn 0.055236 0.083361 0.000000
vn 0.032770 0.094478 0.000000
vn 0.032770 0.094478 0.000000
vn 0.008244 0.099660 0.000000
vn 0.008244 0.099660 0.000000
vn -0.016799 0.098579 0.000000
vn -0.016799 0.098579 0.000000
vn -0.040787 0.091304 -0.000000
vn -0.040787 0.091304 -0.000000
vn -0.062212 0.078292 -0.000000
vn -0.062212 0.078292 -0.000000
vn -0.079728 0.060361 -0.000000
vn -0.079728 0.060361 -0.000000
vn -0.092234 0.038637 -0.000000
vn -0.092234 0.038637 -0.000000
vn -0.098945 0.014486 -0.000000
vn -0.098945 0.014486 -0.000000
vn -0.099439 -0.010576 -0.000000
vn -0.099439 -0.010576 -0.000000
vn -0.093685 -0.034973 -0.000000
vn -0.093685 -0.034973 -0.000000
vn -0.082044 -0.057173 -0.000000
vn -0.082044 -0.057173 -0.000000
vn -0.065248 -0.075780 -0.000000
vn -0.065248 -0.075780 -0.000000
vn -0.044353 -0.089626 -0.000000
vn -0.044353 -0.089626 -0.000000
vn -0.020670 -0.097840 -0.000000
vn -0.020670 -0.097840 -0.000000
vn 0.004311 -0.099907 -0.000000
vn 0.004311 -0.099907 -0.000000
vn 0.029022 -0.095696 -0.000000
vn 0.029022 -0.095696 -0.000000
vn 0.051909 -0.085472 0.000000
vn 0.051909 -0.085472 0.000000
vn 0.071534 -0.069878 0.000000
vn 0.071534 -0.069878 0.000000
vn 0.086664 -0.049893 0.000000
vn 0.086664 -0.049893 0.000000
vn 0.096349 -0.026773 0.000000
vn 0.096349 -0.026773 0.000000
vn 0.099981 -0.001971 0.000000
vn 0.099981 -0.001971 0.000000
vn 0.097330 0.022956 0.000000
vn 0.097330 0.022956 0.000000
vn 0.088563 0.046439 0.000000
vn 0.088563 0.046439 0.000000
vn 0.074232 0.067005 0.000000
vn 0.074232 0.067005 0.000000
vn 0.055236 0.083361 0.000000
vn 0.055236 0.083361 0.000000
vn 0.032770 0.094478 0.000000
vn 0.032770 0.094478 0.000000
vn 0.008244 0.099660 0.000000
vn 0.008244 0.099660 0.000000
vn -0.016799 0.098579 0.000000
vn -0.016799 0.098579 0.000000
vn -0.040787 0.091304 -0.000000
vn -0.040787 0.091304 -0.000000
vn -0.062212 0.078292 -0.000000
vn -0.062212 0.078292 -0.000000
vn -0.079728 0.060361 -0.000000
vn -0.079728 0.060361 -0.000000
vn -0.092234 0.038637 -0.000000
vn -0.092234 0.038637 -0.000000
vn -0.098945 0.014486 -0.000000
vn -0.098945 0.014486 -0.000000
vn -0.099439 -0.010576 -0.000000
vn -0.099439 -0.010576 -0.000000
vn -0.093685 -0.034973 -0.000000
vn -0.093685 -0.034973 -0.000000
vn -0.082044 -0.057173 -0.000000
vn -0.082044 -0.057173 -0.000000
vn -0.065248 -0.075780 -0.000000
vn -0.065248 -0.075780 -0.000000
vn -0.044353 -0.089626 -0.000000
vn -0.044353 -0.089626 -0.000000
vn -0.020670 -0.097840 -0.000000
vn -0.020670 -0.097840 -0.000000
vn 0.004311 -0.099907 -0.000000
vn 0.004311 -0.099907 -0.000000
vn -0.028018 0.095995 0.000000
vn -0.028018 0.095995 0.000000
vn -0.051909 0.085472 -0.000000
vn -0.051909 0.085472 -0.000000
vn -0.072262 0.069125 -0.000000
vn -0.072262 0.069125 -0.000000
vn -0.087690 0.048067 -0.000000
vn -0.087690 0.048067 -0.000000
vn -0.097143 0.023733 -0.000000
vn -0.097143 0.023733 -0.000000
vn -0.099975 -0.002218 -0.000000
vn -0.099975 -0.002218 -0.000000
vn -0.095995 -0.028018 -0.000000
vn -0.095995 -0.028018 -0.000000
vn -0.085472 -0.051909 -0.000000
vn -0.085472 -0.051909 -0.000000
vn -0.069125 -0.072262 -0.000000
vn -0.069125 -0.072262 -0.000000
vn -0.048067 -0.087690 -0.000000
vn -0.048067 -0.087690 -0.000000
vn -0.023733 -0.097143 -0.000000
vn -0.023733 -0.097143 -0.000000
vn 0.002218 -0.099975 -0.000000
vn 0.002218 -0.099975 -0.000000
vn 0.028018 -0.095995 -0.000000
vn 0.028018 -0.095995 -0.000000
vn 0.051909 -0.085472 0.000000
vn 0.051909 -0.085472 0.000000
vn 0.072262 -0.069125 0.000000
vn 0.072262 -0.069125 0.000000
vn 0.087690 -0.048067 0.000000
vn 0.087690 -0.048067 0.000000
vn 0.097143 -0.023733 0.000000
vn 0.097143 -0.023733 0.000000
vn 0.099975 0.002218 0.000000
vn 0.099975 0.002218 0.000000
vn 0.095995 0.028018 0.000000
vn 0.095995 0.028018 0.000000
vn 0.085472 0.051909 0.000000
vn 0.085472 0.051909 0.000000
vn 0.069125 0.072262 0.000000
vn 0.069125 0.072262 0.000000
vn 0.048067 0.087690 0.000000
vn 0.048067 0.087690 0.000000
vn 0.023733 0.097143 0.000000
vn 0.023733 0.097143 0.000000
vn -0.002218 0.099975 0.000000
vn -0.002218 0.099975 0.000000
vn -0.028018 0.095995 0.000000
vn -0.028018 0.095995 0.000000
vn -0.051909 0.085472 -0.000000
vn -0.051909 0.085472 -0.000000
vn -0.072262 0.069125 -0.000000
vn -0.072262 0.069125 -0.000000
vn -0.087690 0.048067 -0.000000
vn -0.087690 0.048067 -0.000000
vn -0.097143 0.023733 -0.000000
vn -0.097143 0.023733 -0.000000
vn -0.099975 -0.002218 -0.000000
vn -0.099975 -0.002218 -0.000000
vn -0.095995 -0.028018 -0.000000
vn -0.095995 -0.028018 -0.000000
vn -0.085472 -0.051909 -0.000000
vn -0.085472 -0.051909 -0.000000
vn -0.069125 -0.072262 -0.000000
vn -0.069125 -0.072262 -0.000000
vn -0.048067 -0.087690 -0.000000
vn -0.048067 -0.087690 -0.000000
vn -0.023733 -0.097143 -0.000000
vn -0.023733 -0.097143 -0.000000
vn 0.002218 -0.099975 -0.000000
vn 0.002218 -0.099975 -0.000000
vn 0.028018 -0.095995 -0.000000
vn 0.028018 -0.095995 -0.000000
vn 0.051909 -0.085472 0.000000
vn 0.051909 -0.085472 0.000000
vn 0.072262 -0.069125 0.000000
vn 0.072262 -0.069125 0.000000
vn 0.087690 -0.048067 0.000000
vn 0.087690 -0.048067 0.000000
vn 0.097143 -0.023733 0.000000
vn 0.097143 -0.023733 0.000000
vn 0.099975 0.002218 0.000000
vn 0.099975 0.002218 0.000000
vn 0.095995 0.028018 0.000000
vn 0.095995 0.028018 0.000000
vn 0.085472 0.051909 0.000000
vn 0.085472 0.051909 0.000000
vn 0.069125 0.072262 0.000000
vn 0.069125 0.072262 0.000000
vn 0.048067 0.087690 0.000000
vn 0.048067 0.087690 0.000000
vn 0.023733 0.097143 0.000000
vn 0.023733 0.097143 0.000000
vn -0.002218 0.099975 0.000000
vn -0.002218 0.099975 0.000000
vn -0.028018 0.095995 0.000000
vn -0.028018 0.095995 0.000000
vn -0.051909 0.085472 -0.000000
vn -0.051909 0.085472 -0.000000
vn -0.072262 0.069125 -0.000000
vn -0.072262 0.069125 -0.000000
vn -0.087690 0.048067 -0.000000
vn -0.087690 0.048067 -0.000000
vn -0.097143 0.023733 -0.000000
vn -0.097143 0.023733 -0.000000
vn -0.099975 -0.002218 -0.000000
vn -0.099975 -0.002218 -0.000000
vn -0.095995 -0.028018 -0.000000
vn -0.095995 -0.028018 -0.000000
vn -0.085472 -0.051909 -0.000000
vn -0.085472 -0.051909 -0.000000
vn -0.069125 -0.072262 -0.000000
vn -0.069125 -0.072262 -0.000000
vn -0.048067 -0.087690 -0.000000
vn -0.048067 -0.087690 -0.000000
vn -0.023733 -0.097143 -0.000000
vn -0.023733 -0.097143 -0.000000
vn 0.002218 -0.099975 -0.000000
vn 0.002218 -0.099975 -0.000000
vn 0.028018 -0.095995 -0.000000
vn 0.028018 -0.095995 -0.000000
vn 0.051909 -0.085472 0.000000
vn 0.051909 -0.085472 0.000000
vn 0.072262 -0.069125 0.000000
vn 0.072262 -0.069125 0.000000
vn 0.087690 -0.048067 0.000000
vn 0.087690 -0.048067 0.000000
vn 0.097143 -0.023733 0.000000
vn 0.097143 -0.023733 0.000000
vn 0.099975 0.002218 0.000000
vn 0.099975 0.002218 0.000000
vn 0.095995 0.028018 0.000000
vn 0.095995 0.028018 0.000000
vn 0.085472 0.051909 0.000000
vn 0.085472 0.051909 0.000000
vn 0.069125 0.072262 0.000000
vn 0.069125 0.072262 0.000000
vn 0.048067 0.087690 0.000000
vn 0.048067 0.087690 0.000000
vn 0.023733 0.097143 0.000000
vn 0.023733 0.097143 0.000000
vn -0.002218 0.099975 0.000000
vn -0.002218 0.099975 0.000000
vn -0.042690 0.090430 -0.000000
vn -0.042690 0.090430 -0.000000
vn -0.051909 0.085472 -0.000000
vn -0.051909 0.085472 -0.000000
vn -0.060558 0.079578 -0.000000
vn -0.060558 0.079578 -0.000000
vn -0.068545 0.072812 -0.000000
vn -0.068545 0.072812 -0.000000
vn -0.075780 0.065248 -0.000000
vn -0.075780 0.065248 -0.000000
vn -0.082185 0.056970 -0.000000
vn -0.082185 0.056970 -0.000000
vn -0.087690 0.048067 -0.000000
vn -0.087690 0.048067 -0.000000
vn -0.092234 0.038637 -0.000000
vn -0.092234 0.038637 -0.000000
vn -0.095768 0.028785 -0.000000
vn -0.095768 0.028785 -0.000000
vn -0.098252 0.018617 -0.000000
vn -0.098252 0.018617 -0.000000
vn -0.099660 0.008244 -0.000000
vn -0.099660 0.008244 -0.000000
vn -0.099975 -0.002218 -0.000000
vn -0.099975 -0.002218 -0.000000
vn -0.099196 -0.012656 -0.000000
vn -0.099196 -0.012656 -0.000000
vn -0.097330 -0.022956 -0.000000
vn -0.097330 -0.022956 -0.000000
vn -0.094397 -0.033004 -0.000000
vn -0.094397 -0.033004 -0.000000
vn -0.090430 -0.042690 -0.000000
vn -0.090430 -0.042690 -0.000000
vn -0.085472 -0.051909 -0.000000
vn -0.085472 -0.051909 -0.000000
vn -0.079578 -0.060558 -0.000000
vn -0.079578 -0.060558 -0.000000
vn -0.072812 -0.068545 -0.000000
vn -0.072812 -0.068545 -0.000000
vn -0.065248 -0.075780 -0.000000
vn -0.065248 -0.075780 -0.000000
vn -0.056970 -0.082185 -0.000000
vn -0.056970 -0.082185 -0.000000
vn -0.048067 -0.087690 -0.000000
vn -0.048067 -0.087690 -0.000000
vn -0.038637 -0.092234 -0.000000
vn -0.038637 -0.092234 -0.000000
vn -0.028785 -0.095768 -0.000000
vn -0.028785 -0.095768 -0.000000
vn -0.018617 -0.098252 -0.000000
vn -0.018617 -0.098252 -0.000000
vn -0.008244 -0.099660 -0.000000
vn -0.008244 -0.099660 -0.000000
vn 0.002218 -0.099975 -0.000000
vn 0.002218 -0.099975 -0.000000
vn 0.012656 -0.099196 -0.000000
vn 0.012656 -0.099196 -0.000000
vn 0.022956 -0.097330 -0.000000
vn 0.022956 -0.097330 -0.000000
vn 0.033004 -0.094397 -0.000000
vn 0.033004 -0.094397 -0.000000
vn 0.042690 -0.090430 0.000000
vn 0.042690 -0.090430 0.000000
vn 0.051909 -0.085472 0.000000
vn 0.051909 -0.085472 0.000000
vn 0.060558 -0.079578 0.000000
vn 0.060558 -0.079578 0.000000
vn 0.068545 -0.072812 0.000000
vn 0.068545 -0.072812 0.000000
vn 0.075780 -0.065248 0.000000
vn 0.075780 -0.065248 0.000000
vn 0.082185 -0.056970 0.000000
vn 0.082185 -0.056970 0.000000
vn 0.087690 -0.048067 0.000000
vn 0.087690 -0.048067 0.000000
vn 0.092234 -0.038637 0.000000
vn 0.092234 -0.038637 0.000000
vn 0.095768 -0.028785 0.000000
vn 0.095768 -0.028785 0.000000
vn 0.098252 -0.018617 0.000000
vn 0.098252 -0.018617 0.000000
vn 0.099660 -0.008244 0.000000
vn 0.099660 -0.008244 0.000000
vn 0.099975 0.002218 0.000000
vn 0.099975 0.002218 0.000000
vn 0.099196 0.012656 0.000000
vn 0.099196 0.012656 0.000000
vn 0.097330 0.022956 0.000000
vn 0.097330 0.022956 0.000000
vn 0.094397 0.033004 0.000000
vn 0.094397 0.033004 0.000000
vn 0.090430 0.042690 0.000000
vn 0.090430 0.042690 0.000000
vn 0.085472 0.051909 0.000000
vn 0.085472 0.051909 0.000000
vn 0.079578 0.060558 0.000000
vn 0.079578 0.060558 0.000000
vn 0.072812 0.068545 0.000000
vn 0.072812 0.068545 0.000000
vn 0.065248 0.075780 0.000000
vn 0.065248 0.075780 0.000000
vn 0.056970 0.082185 0.000000
vn 0.056970 0.082185 0.000000
vn 0.048067 0.087690 0.000000
vn 0.048067 0.087690 0.000000
vn 0.038637 0.092234 0.000000
vn 0.038637 0.092234 0.000000
vn 0.028785 0.095768 0.000000
vn 0.028785 0.095768 0.000000
vn 0.018617 0.098252 0.000000
vn 0.018617 0.098252 0.000000
vn 0.008244 0.099660 0.000000
vn 0.008244 0.099660 0.000000
vn -0.002218 0.099975 0.000000
vn -0.002218 0.099975 0.000000
vn -0.012656 0.099196 0.000000
vn -0.012656 0.099196 0.000000
vn -0.022956 0.097330 0.000000
vn -0.022956 0.097330 0.000000
vn -0.033004 0.094397 0.000000
vn -0.033004 0.094397 0.000000
vn 0.067146 -0.074104 0.000000
vn 0.067146 -0.074104 0.000000
vn 0.051909 -0.085472 0.000000
vn 0.051909 -0.085472 0.000000
vn 0.034795 -0.093751 -0.000000
vn 0.034795 -0.093751 -0.000000
vn 0.016423 -0.098642 -0.000000
vn 0.016423 -0.098642 -0.000000
vn -0.002542 -0.099968 -0.000000
vn -0.002542 -0.099968 -0.000000
vn -0.021415 -0.097680 -0.000000
vn -0.021415 -0.097680 -0.000000
vn -0.039514 -0.091862 -0.000000
vn -0.039514 -0.091862 -0.000000
vn -0.056185 -0.082724 -0.000000
vn -0.056185 -0.082724 -0.000000
vn -0.070825 -0.070596 -0.000000
vn -0.070825 -0.070596 -0.000000
vn -0.082906 -0.055917 -0.000000
vn -0.082906 -0.055917 -0.000000
vn -0.091990 -0.039216 -0.000000
vn -0.091990 -0.039216 -0.000000
vn -0.097749 -0.021098 -0.000000
vn -0.097749 -0.021098 -0.000000
vn -0.099975 -0.002218 -0.000000
vn -0.099975 -0.002218 -0.000000
vn -0.098588 0.016743 -0.000000
vn -0.098588 0.016743 -0.000000
vn -0.093638 0.035098 -0.000000
vn -0.093638 0.035098 -0.000000
vn -0.085304 0.052185 -0.000000
vn -0.085304 0.052185 -0.000000
vn -0.073886 0.067386 -0.000000
vn -0.073886 0.067386 -0.000000
vn -0.059798 0.080151 -0.000000
vn -0.059798 0.080151 -0.000000
vn -0.043549 0.090019 -0.000000
vn -0.043549 0.090019 -0.000000
vn -0.025726 0.096634 0.000000
vn -0.025726 0.096634 0.000000
vn -0.006972 0.099757 0.000000
vn -0.006972 0.099757 0.000000
vn 0.012033 0.099273 0.000000
vn 0.012033 0.099273 0.000000
vn 0.030603 0.095202 0.000000
vn 0.030603 0.095202 0.000000
vn 0.048067 0.087690 0.000000
vn 0.048067 0.087690 0.000000
vn 0.063794 0.077009 0.000000
vn 0.063794 0.077009 0.000000
vn 0.077215 0.063544 0.000000
vn 0.077215 0.063544 0.000000
vn 0.087845 0.047783 0.000000
vn 0.087845 0.047783 0.000000
vn 0.095301 0.030294 0.000000
vn 0.095301 0.030294 0.000000
vn 0.099312 0.011711 0.000000
vn 0.099312 0.011711 0.000000
vn 0.099734 -0.007295 0.000000
vn 0.099734 -0.007295 0.000000
vn 0.096551 -0.026038 0.000000
vn 0.096551 -0.026038 0.000000
vn 0.089878 -0.043840 0.000000
vn 0.089878 -0.043840 0.000000
vn 0.079957 -0.060057 0.000000
vn 0.079957 -0.060057 0.000000
vn 0.067146 -0.074104 0.000000
vn 0.067146 -0.074104 0.000000
vn 0.051909 -0.085472 0.000000
vn 0.051909 -0.085472 0.000000
vn 0.034795 -0.093751 -0.000000
vn 0.034795 -0.093751 -0.000000
vn 0.016423 -0.098642 -0.000000
vn 0.016423 -0.098642 -0.000000
vn -0.002542 -0.099968 -0.000000
vn -0.002542 -0.099968 -0.000000
vn -0.021415 -0.097680 -0.000000
vn -0.021415 -0.097680 -0.000000
vn -0.039514 -0.091862 -0.000000
vn -0.039514 -0.091862 -0.000000
vn -0.056185 -0.082724 -0.000000
vn -0.056185 -0.082724 -0.000000
vn -0.070825 -0.070596 -0.000000
vn -0.070825 -0.070596 -0.000000
vn -0.082906 -0.055917 -0.000000
vn -0.082906 -0.055917 -0.000000
vn -0.091990 -0.039216 -0.000000
vn -0.091990 -0.039216 -0.000000
vn -0.097749 -0.021098 -0.000000
vn -0.097749 -0.021098 -0.000000
vn -0.099975 -0.002218 -0.000000
vn -0.099975 -0.002218 -0.000000
vn -0.098588 0.016743 -0.000000
vn -0.098588 0.016743 -0.000000
vn -0.093638 0.035098 -0.000000
vn -0.093638 0.035098 -0.000000
vn -0.085304 0.052185 -0.000000
vn -0.085304 0.052185 -0.000000
vn -0.073886 0.067386 -0.000000
vn -0.073886 0.067386 -0.000000
vn -0.059798 0.080151 -0.000000
vn -0.059798 0.080151 -0.000000
vn -0.043549 0.090019 -0.000000
vn -0.043549 0.090019 -0.000000
vn -0.025726 0.096634 0.000000
vn -0.025726 0.096634 0.000000
vn -0.006972 0.099757 0.000000
vn -0.006972 0.099757 0.000000
vn 0.012033 0.099273 0.000000
vn 0.012033 0.099273 0.000000
vn 0.030603 0.095202 0.000000
vn 0.030603 0.095202 0.000000
vn 0.048067 0.087690 0.000000
vn 0.048067 0.087690 0.000000
vn 0.063794 0.077009 0.000000
vn 0.063794 0.077009 0.000000
vn 0.077215 0.063544 0.000000
vn 0.077215 0.063544 0.000000
vn 0.087845 0.047783 0.000000
vn 0.087845 0.047783 0.000000
vn 0.095301 0.030294 0.000000
vn 0.095301 0.030294 0.000000
vn 0.099312 0.011711 0.000000
vn 0.099312 0.011711 0.000000
vn 0.099734 -0.007295 0.000000
vn 0.099734 -0.007295 0.000000
vn 0.096551 -0.026038 0.000000
vn 0.096551 -0.026038 0.000000
vn 0.089878 -0.043840 0.000000
vn 0.089878 -0.043840 0.000000
vn 0.079957 -0.060057 0.000000
vn 0.079957 -0.060057 0.000000
vn 0.067146 -0.074104 0.000000
vn 0.067146 -0.074104 0.000000
vn 0.051909 -0.085472 0.000000
vn 0.051909 -0.085472 0.000000
vn 0.034795 -0.093751 -0.000000
vn 0.034795 -0.093751 -0.000000
vn 0.016423 -0.098642 -0.000000
vn 0.016423 -0.098642 -0.000000
vn -0.002542 -0.099968 -0.000000
vn -0.002542 -0.099968 -0.000000
vn -0.021415 -0.097680 -0.000000
vn -0.021415 -0.097680 -0.000000
vn -0.039514 -0.091862 -0.000000
vn -0.039514 -0.091862 -0.000000
vn -0.056185 -0.082724 -0.000000
vn -0.056185 -0.082724 -0.000000
vn -0.070825 -0.070596 -0.000000
vn -0.070825 -0.070596 -0.000000
vn -0.082906 -0.055917 -0.000000
vn -0.082906 -0.055917 -0.000000
vn -0.091990 -0.039216 -0.000000
vn -0.091990 -0.039216 -0.000000
vn -0.097749 -0.021098 -0.000000
vn -0.097749 -0.021098 -0.000000
vn -0.099975 -0.002218 -0.000000
vn -0.099975 -0.002218 -0.000000
vn -0.098588 0.016743 -0.000000
vn -0.098588 0.016743 -0.000000
vn -0.093638 0.035098 -0.000000
vn -0.093638 0.035098 -0.000000
vn -0.085304 0.052185 -0.000000
vn -0.085304 0.052185 -0.000000
vn -0.073886 0.067386 -0.000000
vn -0.073886 0.067386 -0.000000
vn -0.059798 0.080151 -0.000000
vn -0.059798 0.080151 -0.000000
vn -0.043549 0.090019 -0.000000
vn -0.043549 0.090019 -0.000000
vn -0.025726 0.096634 0.000000
vn -0.025726 0.096634 0.000000
vn -0.006972 0.099757 0.000000
vn -0.006972 0.099757 0.000000
vn 0.012033 0.099273 0.000000
vn 0.012033 0.099273 0.000000
vn 0.030603 0.095202 0.000000
vn 0.030603 0.095202 0.000000
vn 0.048067 0.087690 0.000000
vn 0.048067 0.087690 0.000000
vn 0.063794 0.077009 0.000000
vn 0.063794 0.077009 0.000000
vn 0.077215 0.063544 0.000000
vn 0.077215 0.063544 0.000000
vn 0.087845 0.047783 0.000000
vn 0.087845 0.047783 0.000000
vn 0.095301 0.030294 0.000000
vn 0.095301 0.030294 0.000000
vn 0.099312 0.011711 0.000000
vn 0.099312 0.011711 0.000000
vn 0.099734 -0.007295 0.000000
vn 0.099734 -0.007295 0.000000
vn 0.096551 -0.026038 0.000000
vn 0.096551 -0.026038 0.000000
vn 0.089878 -0.043840 0.000000
vn 0.089878 -0.043840 0.000000
vn 0.079957 -0.060057 0.000000
vn 0.079957 -0.060057 0.000000
vn 0.030296 -0.063892 0.070711
vn 0.036705 -0.060438 0.070711
vn 0.036705 -0.060438 0.070711
vn 0.042725 -0.056344 0.070711
vn 0.042821 -0.056270 0.070711
vn 0.048291 -0.051652 0.070711
vn 0.048469 -0.051486 0.070711
vn 0.053346 -0.046413 0.070711
vn 0.053585 -0.046138 0.070711
vn 0.057836 -0.040682 0.070711
vn 0.058114 -0.040284 0.070711
vn 0.061712 -0.034519 0.070711
vn 0.062006 -0.033988 0.070711
vn 0.064935 -0.027991 0.070711
vn 0.065219 -0.027321 0.070711
vn 0.067468 -0.021166 0.070711
vn 0.067718 -0.020354 0.070711
vn 0.069287 -0.014117 0.070711
vn 0.069475 -0.013164 0.070711
vn 0.070371 -0.006918 0.070711
vn 0.070470 -0.005830 0.070711
vn 0.070710 0.000355 0.070711
vn 0.070693 0.001568 0.070711
vn 0.070299 0.007623 0.070711
vn 0.070142 0.008949 0.070711
vn 0.069142 0.014811 0.070711
vn 0.068822 0.016232 0.070711
vn 0.067253 0.021842 0.070711
vn 0.066749 0.023337 0.070711
vn 0.064651 0.028641 0.070711
vn 0.063944 0.030186 0.070711
vn 0.061363 0.035137 0.070711
vn 0.060438 0.036705 0.070711
vn 0.057425 0.041260 0.070711
vn 0.056270 0.042821 0.070711
vn 0.052878 0.046946 0.070711
vn 0.051486 0.048469 0.070711
vn 0.047771 0.052134 0.070711
vn 0.046138 0.053585 0.070711
vn 0.042157 0.056769 0.070711
vn 0.040284 0.058114 0.070711
vn 0.036097 0.060803 0.070711
vn 0.033988 0.062006 0.070711
vn 0.029654 0.064192 0.070711
vn 0.027321 0.065219 0.070711
vn 0.022896 0.066901 0.070711
vn 0.020354 0.067718 0.070711
vn 0.015896 0.068901 0.070711
vn 0.013164 0.069475 0.070711
vn 0.008727 0.070170 0.070711
vn 0.005830 0.070470 0.070711
vn 0.001466 0.070695 0.070711
vn -0.001568 0.070693 0.070711
vn -0.005811 0.070472 0.070711
vn -0.008949 0.070142 0.070711
vn -0.013026 0.069501 0.070711
vn -0.016232 0.068822 0.070711
vn -0.020103 0.067793 0.070711
vn -0.023337 0.066749 0.070711
vn -0.026967 0.065367 0.070711
vn -0.030186 0.063944 0.070711
vn -0.033545 0.062247 0.070711
vn -0.036705 0.060438 0.070711
vn -0.039767 0.058468 0.070711
vn -0.042821 0.056270 0.070711
vn -0.045568 0.054070 0.070711
vn -0.048469 0.051486 0.070711
vn -0.050886 0.049098 0.070711
vn -0.053585 0.046138 0.070711
vn -0.055665 0.043605 0.070711
vn -0.058114 0.040284 0.070711
vn -0.059853 0.037651 0.070711
vn -0.062006 0.033988 0.070711
vn -0.063408 0.031297 0.070711
vn -0.065219 0.027321 0.070711
vn -0.066289 0.024611 0.070711
vn -0.067718 0.020354 0.070711
vn -0.068469 0.017665 0.070711
vn -0.069475 0.013164 0.070711
vn -0.069922 0.010531 0.070711
vn -0.070470 0.005830 0.070711
vn -0.070634 0.003286 0.070711
vn -0.070693 -0.001568 0.070711
vn -0.070598 -0.003994 0.070711
vn -0.070142 -0.008949 0.070711
vn -0.069813 -0.011232 0.070711
vn -0.068822 -0.016232 0.070711
vn -0.068288 -0.018351 0.070711
vn -0.066749 -0.023337 0.070711
vn -0.066039 -0.025275 0.070711
vn -0.063944 -0.030186 0.070711
vn -0.063090 -0.031931 0.070711
vn -0.060438 -0.036705 0.070711
vn -0.059473 -0.038249 0.070711
vn -0.056270 -0.042821 0.070711
vn -0.055225 -0.044161 0.070711
vn -0.051486 -0.048469 0.070711
vn -0.050392 -0.049605 0.070711
vn -0.046138 -0.053585 0.070711
vn -0.045024 -0.054524 0.070711
vn -0.040284 -0.058114 0.070711
vn -0.039179 -0.058864 0.070711
vn -0.033988 -0.062006 0.070711
vn -0.032919 -0.062581 0.070711
vn -0.027321 -0.065219 0.070711
vn -0.026310 -0.065634 0.070711
vn -0.020354 -0.067718 0.070711
vn -0.019422 -0.067991 0.070711
vn -0.013164 -0.069475 0.070711
vn -0.012328 -0.069628 0.070711
vn -0.005830 -0.070470 0.070711
vn -0.005104 -0.070526 0.070711
vn 0.001568 -0.070693 0.070711
vn 0.002175 -0.070677 0.070711
vn 0.008949 -0.070142 0.070711
vn 0.009431 -0.070079 0.070711
vn 0.016232 -0.068822 0.070711
vn 0.016586 -0.068738 0.070711
vn 0.023337 -0.066749 0.070711
vn 0.023566 -0.066668 0.070711
vn 0.030186 -0.063944 0.070711
vn -0.028018 0.095995 0.000000
vn -0.028018 0.095995 0.000000
vn -0.051909 0.085472 -0.000000
vn -0.051909 0.085472 -0.000000
vn -0.072262 0.069125 -0.000000
vn -0.072262 0.069125 -0.000000
vn -0.087690 0.048067 -0.000000
vn -0.087690 0.048067 -0.000000
vn -0.097143 0.023733 -0.000000
vn -0.097143 0.023733 -0.000000
vn -0.099975 -0.002218 -0.000000
vn -0.099975 -0.002218 -0.000000
vn -0.095995 -0.028018 -0.000000
vn -0.095995 -0.028018 -0.000000
vn -0.085472 -0.051909 -0.000000
vn -0.085472 -0.051909 -0.000000
vn -0.069125 -0.072262 -0.000000
vn -0.069125 -0.072262 -0.000000
vn -0.048067 -0.087690 -0.000000
vn -0.048067 -0.087690 -0.000000
vn -0.023733 -0.097143 -0.000000
vn -0.023733 -0.097143 -0.000000
vn 0.002218 -0.099975 -0.000000
vn 0.002218 -0.099975 -0.000000
vn 0.028018 -0.095995 -0.000000
vn 0.028018 -0.095995 -0.000000
vn 0.051909 -0.085472 0.000000
vn 0.051909 -0.085472 0.000000
vn 0.072262 -0.069125 0.000000
vn 0.072262 -0.069125 0.000000
vn 0.087690 -0.048067 0.000000
vn 0.087690 -0.048067 0.000000
vn 0.097143 -0.023733 0.000000
vn 0.097143 -0.023733 0.000000
vn 0.099975 0.002218 0.000000
vn 0.099975 0.002218 0.000000
vn 0.095995 0.028018 0.000000
vn 0.095995 0.028018 0.000000
vn 0.085472 0.051909 0.000000
vn 0.085472 0.051909 0.000000
vn 0.069125 0.072262 0.000000
vn 0.069125 0.072262 0.000000
vn 0.048067 0.087690 0.000000
vn 0.048067 0.087690 0.000000
vn 0.023733 0.097143 0.000000
vn 0.023733 0.097143 0.000000
vn -0.002218 0.099975 0.000000
vn -0.002218 0.099975 0.000000
vn -0.028018 0.095995 0.000000
vn -0.028018 0.095995 0.000000
vn -0.051909 0.085472 -0.000000
vn -0.051909 0.085472 -0.000000
vn -0.072262 0.069125 -0.000000
vn -0.072262 0.069125 -0.000000
vn -0.087690 0.048067 -0.000000
vn -0.087690 0.048067 -0.000000
vn -0.097143 0.023733 -0.000000
vn -0.097143 0.023733 -0.000000
vn -0.099975 -0.002218 -0.000000
vn -0.099975 -0.002218 -0.000000
vn -0.095995 -0.028018 -0.000000
vn -0.095995 -0.028018 -0.000000
vn -0.085472 -0.051909 -0.000000
vn -0.085472 -0.051909 -0.000000
vn -0.069125 -0.072262 -0.000000
vn -0.069125 -0.072262 -0.000000
vn -0.048067 -0.087690 -0.000000
vn -0.048067 -0.087690 -0.000000
vn -0.023733 -0.097143 -0.000000
vn -0.023733 -0.097143 -0.000000
vn 0.002218 -0.099975 -0.000000
vn 0.002218 -0.099975 -0.000000
vn 0.028018 -0.095995 -0.000000
vn 0.028018 -0.095995 -0.000000
vn 0.051909 -0.085472 0.000000
vn 0.051909 -0.085472 0.000000
vn 0.072262 -0.069125 0.000000
vn 0.072262 -0.069125 0.000000
vn 0.087690 -0.048067 0.000000
vn 0.087690 -0.048067 0.000000
vn 0.097143 -0.023733 0.000000
vn 0.097143 -0.023733 0.000000
vn 0.099975 0.002218 0.000000
vn 0.099975 0.002218 0.000000
vn 0.095995 0.028018 0.000000
vn 0.095995 0.028018 0.000000
vn 0.085472 0.051909 0.000000
vn 0.085472 0.051909 0.000000
vn 0.069125 0.072262 0.000000
vn 0.069125 0.072262 0.000000
vn 0.048067 0.087690 0.000000
vn 0.048067 0.087690 0.000000
vn 0.023733 0.097143 0.000000
vn 0.023733 0.097143 0.000000
vn -0.002218 0.099975 0.000000
vn -0.002218 0.099975 0.000000
vn -0.028018 0.095995 0.000000
vn -0.028018 0.095995 0.000000
vn -0.051909 0.085472 -0.000000
vn -0.051909 0.085472 -0.000000
vn -0.072262 0.069125 -0.000000
vn -0.072262 0.069125 -0.000000
vn -0.087690 0.048067 -0.000000
vn -0.087690 0.048067 -0.000000
vn -0.097143 0.023733 -0.000000
vn -0.097143 0.023733 -0.000000
vn -0.099975 -0.002218 -0.000000
vn -0.099975 -0.002218 -0.000000
vn -0.095995 -0.028018 -0.000000
vn -0.095995 -0.028018 -0.000000
vn -0.085472 -0.051909 -0.000000
vn -0.085472 -0.051909 -0.000000
vn -0.069125 -0.072262 -0.000000
vn -0.069125 -0.072262 -0.000000
vn -0.048067 -0.087690 -0.000000
vn -0.048067 -0.087690 -0.000000
vn -0.023733 -0.097143 -0.000000
vn -0.023733 -0.097143 -0.000000
vn 0.002218 -0.099975 -0.000000
vn 0.002218 -0.099975 -0.000000
vn 0.028018 -0.095995 -0.000000
vn 0.028018 -0.095995 -0.000000
vn 0.051909 -0.085472 0.000000
vn 0.051909 -0.085472 0.000000
vn 0.072262 -0.069125 0.000000
vn 0.072262 -0.069125 0.000000
vn 0.087690 -0.048067 0.000000
vn 0.087690 -0.048067 0.000000
vn 0.097143 -0.023733 0.000000
vn 0.097143 -0.023733 0.000000
vn 0.099975 0.002218 0.000000
vn 0.099975 0.002218 0.000000
vn 0.095995 0.028018 0.000000
vn 0.095995 0.028018 0.000000
vn 0.085472 0.051909 0.000000
vn 0.085472 0.051909 0.000000
vn 0.069125 0.072262 0.000000
vn 0.069125 0.072262 0.000000
vn 0.048067 0.087690 0.000000
vn 0.048067 0.087690 0.000000
vn 0.023733 0.097143 0.000000
vn 0.023733 0.097143 0.000000
vn -0.002218 0.099975 0.000000
vn -0.002218 0.099975 0.000000
vn -0.045531 0.089033 -0.000000
vn -0.045531 0.089033 -0.000000
vn -0.051909 0.085472 -0.000000
vn -0.051909 0.085472 -0.000000
vn -0.058009 0.081455 -0.000000
vn -0.058009 0.081455 -0.000000
vn -0.063800 0.077003 -0.000000
vn -0.063800 0.077003 -0.000000
vn -0.069251 0.072141 -0.000000
vn -0.069251 0.072141 -0.000000
vn -0.074332 0.066893 -0.000000
vn -0.074332 0.066893 -0.000000
vn -0.079017 0.061289 -0.000000
vn -0.079017 0.061289 -0.000000
vn -0.083280 0.055358 -0.000000
vn -0.083280 0.055358 -0.000000
vn -0.087098 0.049131 -0.000000
vn -0.087098 0.049131 -0.000000
vn -0.090452 0.042642 -0.000000
vn -0.090452 0.042642 -0.000000
vn -0.093324 0.035926 -0.000000
vn -0.093324 0.035926 -0.000000
vn -0.095697 0.029018 -0.000000
vn -0.095697 0.029018 -0.000000
vn -0.097560 0.021955 -0.000000
vn -0.097560 0.021955 -0.000000
vn -0.098902 0.014775 -0.000000
vn -0.098902 0.014775 -0.000000
vn -0.099717 0.007516 -0.000000
vn -0.099717 0.007516 -0.000000
vn -0.100000 0.000217 -0.000000
vn -0.100000 0.000217 -0.000000
vn -0.099749 -0.007083 -0.000000
vn -0.099749 -0.007083 -0.000000
vn -0.098966 -0.014345 -0.000000
vn -0.098966 -0.014345 -0.000000
vn -0.097655 -0.021531 -0.000000
vn -0.097655 -0.021531 -0.000000
vn -0.095822 -0.028602 -0.000000
vn -0.095822 -0.028602 -0.000000
vn -0.093479 -0.035520 -0.000000
vn -0.093479 -0.035520 -0.000000
vn -0.090637 -0.042249 -0.000000
vn -0.090637 -0.042249 -0.000000
vn -0.087311 -0.048752 -0.000000
vn -0.087311 -0.048752 -0.000000
vn -0.083519 -0.054995 -0.000000
vn -0.083519 -0.054995 -0.000000
vn -0.079282 -0.060945 -0.000000
vn -0.079282 -0.060945 -0.000000
vn -0.074622 -0.066570 -0.000000
vn -0.074622 -0.066570 -0.000000
vn -0.069564 -0.071839 -0.000000
vn -0.069564 -0.071839 -0.000000
vn -0.064134 -0.076726 -0.000000
vn -0.064134 -0.076726 -0.000000
vn -0.058362 -0.081202 -0.000000
vn -0.058362 -0.081202 -0.000000
vn -0.052279 -0.085246 -0.000000
vn -0.052279 -0.085246 -0.000000
vn -0.045917 -0.088835 -0.000000
vn -0.045917 -0.088835 -0.000000
vn -0.039310 -0.091949 -0.000000
vn -0.039310 -0.091949 -0.000000
vn -0.032494 -0.094574 -0.000000
vn -0.032494 -0.094574 -0.000000
vn -0.025503 -0.096693 -0.000000
vn -0.025503 -0.096693 -0.000000
vn -0.018377 -0.098297 -0.000000
vn -0.018377 -0.098297 -0.000000
vn -0.011153 -0.099376 -0.000000
vn -0.011153 -0.099376 -0.000000
vn -0.003869 -0.099925 -0.000000
vn -0.003869 -0.099925 -0.000000
vn 0.003435 -0.099941 -0.000000
vn 0.003435 -0.099941 -0.000000
vn 0.010721 -0.099424 -0.000000
vn 0.010721 -0.099424 -0.000000
vn 0.017950 -0.098376 -0.000000
vn 0.017950 -0.098376 -0.000000
vn 0.025083 -0.096803 -0.000000
vn 0.025083 -0.096803 -0.000000
vn 0.032082 -0.094714 -0.000000
vn 0.032082 -0.094714 -0.000000
vn 0.038910 -0.092119 -0.000000
vn 0.038910 -0.092119 -0.000000
vn 0.045531 -0.089033 0.000000
vn 0.045531 -0.089033 0.000000
vn 0.051909 -0.085472 0.000000
vn 0.051909 -0.085472 0.000000
vn 0.058009 -0.081455 0.000000
vn 0.058009 -0.081455 0.000000
vn 0.063800 -0.077003 0.000000
vn 0.063800 -0.077003 0.000000
vn 0.069251 -0.072141 0.000000
vn 0.069251 -0.072141 0.000000
vn 0.074332 -0.066893 0.000000
vn 0.074332 -0.066893 0.000000
vn 0.079017 -0.061289 0.000000
vn 0.079017 -0.061289 0.000000
vn 0.083280 -0.055358 0.000000
vn 0.083280 -0.055358 0.000000
vn 0.087098 -0.049131 0.000000
vn 0.087098 -0.049131 0.000000
vn 0.090452 -0.042642 0.000000
vn 0.090452 -0.042642 0.000000
vn 0.093324 -0.035926 0.000000
vn 0.093324 -0.035926 0.000000
vn 0.095697 -0.029018 0.000000
vn 0.095697 -0.029018 0.000000
vn 0.097560 -0.021955 0.000000
vn 0.097560 -0.021955 0.000000
vn 0.098902 -0.014775 0.000000
vn 0.098902 -0.014775 0.000000
vn 0.099717 -0.007516 0.000000
vn 0.099717 -0.007516 0.000000
vn 0.100000 -0.000217 0.000000
vn 0.100000 -0.000217 0.000000
vn 0.099749 0.007083 0.000000
vn 0.099749 0.007083 0.000000
vn 0.098966 0.014345 0.000000
vn 0.098966 0.014345 0.000000
vn 0.097655 0.021531 0.000000
vn 0.097655 0.021531 0.000000
vn 0.095822 0.028602 0.000000
vn 0.095822 0.028602 0.000000
vn 0.093479 0.035520 0.000000
vn 0.093479 0.035520 0.000000
vn 0.090637 0.042249 0.000000
vn 0.090637 0.042249 0.000000
vn 0.087311 0.048752 0.000000
vn 0.087311 0.048752 0.000000
vn 0.083519 0.054995 0.000000
vn 0.083519 0.054995 0.000000
vn 0.079282 0.060945 0.000000
vn 0.079282 0.060945 0.000000
vn 0.074622 0.066570 0.000000
vn 0.074622 0.066570 0.000000
vn 0.069564 0.071839 0.000000
vn 0.069564 0.071839 0.000000
vn 0.064134 0.076726 0.000000
vn 0.064134 0.076726 0.000000
vn 0.058362 0.081202 0.000000
vn 0.058362 0.081202 0.000000
vn 0.052279 0.085246 0.000000
vn 0.052279 0.085246 0.000000
vn 0.045917 0.088835 0.000000
vn 0.045917 0.088835 0.000000
vn 0.039310 0.091949 0.000000
vn 0.039310 0.091949 0.000000
vn 0.032494 0.094574 0.000000
vn 0.032494 0.094574 0.000000
vn 0.025503 0.096693 0.000000
vn 0.025503 0.096693 0.000000
vn 0.018377 0.098297 0.000000
vn 0.018377 0.098297 0.000000
vn 0.011153 0.099376 0.000000
vn 0.011153 0.099376 0.000000
vn 0.003869 0.099925 0.000000
vn 0.003869 0.099925 0.000000
vn -0.003435 0.099941 0.000000
vn -0.003435 0.099941 0.000000
vn -0.010721 0.099424 0.000000
vn -0.010721 0.099424 0.000000
vn -0.017950 0.098376 0.000000
vn -0.017950 0.098376 0.000000
vn -0.025083 0.096803 0.000000
vn -0.025083 0.096803 0.000000
vn -0.032082 0.094714 0.000000
vn -0.032082 0.094714 0.000000
vn -0.038910 0.092119 0.000000
vn -0.038910 0.092119 0.000000
vn 0.032300 -0.062903 0.070711
vn 0.036705 -0.060438 0.070711
vn 0.036705 -0.060438 0.070711
vn 0.040923 -0.057666 0.070711
vn 0.041019 -0.057597 0.070711
vn 0.044932 -0.054599 0.070711
vn 0.045114 -0.054450 0.070711
vn 0.048713 -0.051255 0.070711
vn 0.048968 -0.051011 0.070711
vn 0.052245 -0.047649 0.070711
vn 0.052561 -0.047301 0.070711
vn 0.055512 -0.043800 0.070711
vn 0.055873 -0.043338 0.070711
vn 0.058495 -0.039729 0.070711
vn 0.058888 -0.039144 0.070711
vn 0.061180 -0.035454 0.070711
vn 0.061588 -0.034741 0.070711
vn 0.063553 -0.031000 0.070711
vn 0.063960 -0.030153 0.070711
vn 0.065603 -0.026387 0.070711
vn 0.065990 -0.025403 0.070711
vn 0.067318 -0.021639 0.070711
vn 0.067668 -0.020519 0.070711
vn 0.068690 -0.016782 0.070711
vn 0.068985 -0.015525 0.070711
vn 0.069713 -0.011839 0.070711
vn 0.069935 -0.010447 0.070711
vn 0.070380 -0.006835 0.070711
vn 0.070511 -0.005315 0.070711
vn 0.070688 -0.001797 0.070711
vn 0.070711 -0.000154 0.070711
vn 0.070636 0.003250 0.070711
vn 0.070533 0.005008 0.070711
vn 0.070224 0.008281 0.070711
vn 0.069979 0.010144 0.070711
vn 0.069454 0.013270 0.070711
vn 0.069052 0.015225 0.070711
vn 0.068331 0.018191 0.070711
vn 0.067757 0.020225 0.070711
vn 0.066859 0.023019 0.070711
vn 0.066100 0.025117 0.070711
vn 0.065046 0.027730 0.070711
vn 0.064090 0.029874 0.070711
vn 0.062903 0.032300 0.070711
vn 0.061738 0.034473 0.070711
vn 0.060438 0.036705 0.070711
vn 0.059057 0.038888 0.070711
vn 0.057666 0.040923 0.070711
vn 0.056061 0.043095 0.070711
vn 0.054599 0.044932 0.070711
vn 0.052766 0.047072 0.070711
vn 0.051255 0.048713 0.070711
vn 0.049189 0.050798 0.070711
vn 0.047649 0.052245 0.070711
vn 0.045350 0.054253 0.070711
vn 0.043800 0.055512 0.070711
vn 0.041268 0.057419 0.070711
vn 0.039729 0.058495 0.070711
vn 0.036967 0.060278 0.070711
vn 0.035454 0.061180 0.070711
vn 0.032468 0.062816 0.070711
vn 0.031000 0.063553 0.070711
vn 0.027797 0.065018 0.070711
vn 0.026387 0.065603 0.070711
vn 0.022976 0.066874 0.070711
vn 0.021639 0.067318 0.070711
vn 0.018034 0.068372 0.070711
vn 0.016782 0.068690 0.070711
vn 0.012995 0.069506 0.070711
vn 0.011839 0.069713 0.070711
vn 0.007886 0.070270 0.070711
vn 0.006835 0.070380 0.070711
vn 0.002736 0.070658 0.070711
vn 0.001797 0.070688 0.070711
vn -0.002429 0.070669 0.070711
vn -0.003250 0.070636 0.070711
vn -0.007581 0.070303 0.070711
vn -0.008281 0.070224 0.070711
vn -0.012693 0.069562 0.070711
vn -0.013270 0.069454 0.070711
vn -0.017736 0.068450 0.070711
vn -0.018191 0.068331 0.070711
vn -0.022686 0.066973 0.070711
vn -0.023019 0.066859 0.070711
vn -0.027514 0.065138 0.070711
vn -0.027730 0.065046 0.070711
vn -0.032195 0.062956 0.070711
vn -0.032300 0.062903 0.070711
vn -0.036705 0.060438 0.070711
vn -0.036705 0.060438 0.070711
vn -0.040923 0.057666 0.070711
vn -0.041019 0.057597 0.070711
vn -0.044932 0.054599 0.070711
vn -0.045114 0.054450 0.070711
vn -0.048713 0.051255 0.070711
vn -0.048968 0.051011 0.070711
vn -0.052245 0.047649 0.070711
vn -0.052561 0.047301 0.070711
vn -0.055512 0.043800 0.070711
vn -0.055873 0.043338 0.070711
vn -0.058495 0.039729 0.070711
vn -0.058888 0.039144 0.070711
vn -0.061180 0.035454 0.070711
vn -0.061588 0.034741 0.070711
vn -0.063553 0.031000 0.070711
vn -0.063960 0.030153 0.070711
vn -0.065603 0.026387 0.070711
vn -0.065990 0.025403 0.070711
vn -0.067318 0.021639 0.070711
vn -0.067668 0.020519 0.070711
vn -0.068690 0.016782 0.070711
vn -0.068985 0.015525 0.070711
vn -0.069713 0.011839 0.070711
vn -0.069935 0.010447 0.070711
vn -0.070380 0.006835 0.070711
vn -0.070511 0.005315 0.070711
vn -0.070688 0.001797 0.070711
vn -0.070711 0.000154 0.070711
vn -0.070636 -0.003250 0.070711
vn -0.070533 -0.005008 0.070711
vn -0.070224 -0.008281 0.070711
vn -0.069979 -0.010144 0.070711
vn -0.069454 -0.013270 0.070711
vn -0.069052 -0.015225 0.070711
vn -0.068331 -0.018191 0.070711
vn -0.067757 -0.020225 0.070711
vn -0.066859 -0.023019 0.070711
vn -0.066100 -0.025117 0.070711
vn -0.065046 -0.027730 0.070711
vn -0.064090 -0.029874 0.070711
vn -0.062903 -0.032300 0.070711
vn -0.061738 -0.034473 0.070711
vn -0.060438 -0.036705 0.070711
vn -0.059057 -0.038888 0.070711
vn -0.057666 -0.040923 0.070711
vn -0.056061 -0.043095 0.070711
vn -0.054599 -0.044932 0.070711
vn -0.052766 -0.047072 0.070711
vn -0.051255 -0.048713 0.070711
vn -0.049189 -0.050798 0.070711
vn -0.047649 -0.052245 0.070711
vn -0.045350 -0.054253 0.070711
vn -0.043800 -0.055512 0.070711
vn -0.041268 -0.057419 0.070711
vn -0.039729 -0.058495 0.070711
vn -0.036967 -0.060278 0.070711
vn -0.035454 -0.061180 0.070711
vn -0.032468 -0.062816 0.070711
vn -0.031000 -0.063553 0.070711
vn -0.027797 -0.065018 0.070711
vn -0.026387 -0.065603 0.070711
vn -0.022976 -0.066874 0.070711
vn -0.021639 -0.067318 0.070711
vn -0.018034 -0.068372 0.070711
vn -0.016782 -0.068690 0.070711
vn -0.012995 -0.069506 0.070711
vn -0.011839 -0.069713 0.070711
vn -0.007886 -0.070270 0.070711
vn -0.006835 -0.070380 0.070711
vn -0.002736 -0.070658 0.070711
vn -0.001797 -0.070688 0.070711
vn 0.002429 -0.070669 0.070711
vn 0.003250 -0.070636 0.070711
vn 0.007581 -0.070303 0.070711
vn 0.008281 -0.070224 0.070711
vn 0.012693 -0.069562 0.070711
vn 0.013270 -0.069454 0.070711
vn 0.017736 -0.068450 0.070711
vn 0.018191 -0.068331 0.070711
vn 0.022686 -0.066973 0.070711
vn 0.023019 -0.066859 0.070711
vn 0.027514 -0.065138 0.070711
vn 0.027730 -0.065046 0.070711
vn 0.032195 -0.062956 0.070711
vn 0.032952 -0.062563 0.070711
vn 0.033025 -0.062525 0.070711
vn 0.036705 -0.060438 0.070711
vn 0.036705 -0.060438 0.070711
vn 0.040254 -0.058135 0.070711
vn 0.029226 -0.064388 0.070711
vn 0.029077 -0.064456 0.070711
vn 0.025323 -0.066021 0.070711
vn 0.025093 -0.066109 0.070711
vn 0.021330 -0.067417 0.070711
vn 0.021016 -0.067515 0.070711
vn 0.017260 -0.068572 0.070711
vn 0.016861 -0.068671 0.070711
vn 0.013128 -0.069481 0.070711
vn 0.012643 -0.069571 0.070711
vn 0.008949 -0.070142 0.070711
vn 0.008378 -0.070213 0.070711
vn 0.004738 -0.070552 0.070711
vn 0.004082 -0.070593 0.070711
vn 0.000511 -0.070709 0.070711
vn -0.000229 -0.070710 0.070711
vn -0.003719 -0.070613 0.070711
vn -0.004539 -0.070565 0.070711
vn -0.007935 -0.070264 0.070711
vn -0.008833 -0.070157 0.070711
vn -0.012123 -0.069664 0.070711
vn -0.013093 -0.069488 0.070711
vn -0.016268 -0.068814 0.070711
vn -0.017305 -0.068560 0.070711
vn -0.020354 -0.067718 0.070711
vn -0.021453 -0.067378 0.070711
vn -0.024367 -0.066379 0.070711
vn -0.025520 -0.065945 0.070711
vn -0.028293 -0.064803 0.070711
vn -0.029493 -0.064266 0.070711
vn -0.032118 -0.062995 0.070711
vn -0.033356 -0.062349 0.070711
vn -0.035828 -0.060962 0.070711
vn -0.037095 -0.060199 0.070711
vn -0.039410 -0.058710 0.070711
vn -0.040696 -0.057826 0.070711
vn -0.042850 -0.056248 0.070711
vn -0.044146 -0.055237 0.070711
vn -0.046138 -0.053585 0.070711
vn -0.047431 -0.052443 0.070711
vn -0.049260 -0.050730 0.070711
vn -0.050540 -0.049454 0.070711
vn -0.052205 -0.047693 0.070711
vn -0.053461 -0.046281 0.070711
vn -0.054964 -0.044485 0.070711
vn -0.056183 -0.042936 0.070711
vn -0.057526 -0.041119 0.070711
vn -0.058696 -0.039431 0.070711
vn -0.059882 -0.037605 0.070711
vn -0.060991 -0.035779 0.070711
vn -0.062024 -0.033956 0.070711
vn -0.063059 -0.031994 0.070711
vn -0.063944 -0.030186 0.070711
vn -0.064892 -0.028090 0.070711
vn -0.065634 -0.026308 0.070711
vn -0.066484 -0.024082 0.070711
vn -0.067090 -0.022336 0.070711
vn -0.067828 -0.019984 0.070711
vn -0.068306 -0.018284 0.070711
vn -0.068920 -0.015812 0.070711
vn -0.069277 -0.014166 0.070711
vn -0.069756 -0.011581 0.070711
vn -0.070000 -0.009997 0.070711
vn -0.070332 -0.007307 0.070711
vn -0.070473 -0.005793 0.070711
vn -0.070647 -0.003005 0.070711
vn -0.070693 -0.001568 0.070711
vn -0.070699 0.001307 0.070711
vn -0.070661 0.002662 0.070711
vn -0.070487 0.005615 0.070711
vn -0.070375 0.006883 0.070711
vn -0.070014 0.009901 0.070711
vn -0.069837 0.011080 0.070711
vn -0.069280 0.014151 0.070711
vn -0.069050 0.015236 0.070711
vn -0.068289 0.018349 0.070711
vn -0.068015 0.019339 0.070711
vn -0.067043 0.022478 0.070711
vn -0.066737 0.023372 0.070711
vn -0.065548 0.026523 0.070711
vn -0.065219 0.027321 0.070711
vn -0.063809 0.030470 0.070711
vn -0.063469 0.031172 0.070711
vn -0.061833 0.034303 0.070711
vn -0.061491 0.034912 0.070711
vn -0.059626 0.038009 0.070711
vn -0.059293 0.038527 0.070711
vn -0.057198 0.041573 0.070711
vn -0.056883 0.042004 0.070711
vn -0.054558 0.044983 0.070711
vn -0.054269 0.045331 0.070711
vn -0.051714 0.048225 0.070711
vn -0.051461 0.048495 0.070711
vn -0.048678 0.051288 0.070711
vn -0.048469 0.051486 0.070711
vn -0.045460 0.054161 0.070711
vn -0.045303 0.054292 0.070711
vn -0.042074 0.056831 0.070711
vn -0.041975 0.056905 0.070711
vn -0.038531 0.059291 0.070711
vn -0.038496 0.059313 0.070711
vn -0.034880 0.061509 0.070711
vn -0.034845 0.061529 0.070711
vn -0.031139 0.063485 0.070711
vn -0.031029 0.063539 0.070711
vn -0.027287 0.065234 0.070711
vn -0.027097 0.065313 0.070711
vn -0.023337 0.066749 0.070711
vn -0.023065 0.066843 0.070711
vn -0.019303 0.068025 0.070711
vn -0.018947 0.068125 0.070711
vn -0.015201 0.069058 0.070711
vn -0.014759 0.069153 0.070711
vn -0.011044 0.069843 0.070711
vn -0.010516 0.069924 0.070711
vn -0.006847 0.070378 0.070711
vn -0.006233 0.070435 0.070711
vn -0.002626 0.070662 0.070711
vn -0.001928 0.070684 0.070711
vn 0.001605 0.070692 0.070711
vn 0.002385 0.070670 0.070711
vn 0.005830 0.070470 0.070711
vn 0.006689 0.070394 0.070711
vn 0.010034 0.069995 0.070711
vn 0.010968 0.069855 0.070711
vn 0.014202 0.069270 0.070711
vn 0.015206 0.069056 0.070711
vn 0.018319 0.068297 0.070711
vn 0.019388 0.068001 0.070711
vn 0.022371 0.067079 0.070711
vn 0.023497 0.066692 0.070711
vn 0.026342 0.065621 0.070711
vn 0.027520 0.065136 0.070711
vn 0.030219 0.063928 0.070711
vn 0.031439 0.063337 0.070711
vn 0.033988 0.062006 0.070711
vn 0.035242 0.061302 0.070711
vn 0.037636 0.059863 0.070711
vn 0.038914 0.059040 0.070711
vn 0.041149 0.057505 0.070711
vn 0.042441 0.056558 0.070711
vn 0.044514 0.054941 0.070711
vn 0.045810 0.053865 0.070711
vn 0.047720 0.052181 0.070711
vn 0.049008 0.050972 0.070711
vn 0.050755 0.049233 0.070711
vn 0.052025 0.047890 0.070711
vn 0.053609 0.046110 0.070711
vn 0.054848 0.044629 0.070711
vn 0.056270 0.042821 0.070711
vn 0.057466 0.041202 0.070711
vn 0.058730 0.039379 0.070711
vn 0.059871 0.037622 0.070711
vn 0.060980 0.035797 0.070711
vn 0.062053 0.033902 0.070711
vn 0.063012 0.032086 0.070711
vn 0.064005 0.030056 0.070711
vn 0.064818 0.028260 0.070711
vn 0.065718 0.026098 0.070711
vn 0.066392 0.024333 0.070711
vn 0.067187 0.022043 0.070711
vn 0.067728 0.020319 0.070711
vn 0.068406 0.017906 0.070711
vn 0.068822 0.016232 0.070711
vn 0.069370 0.013703 0.070711
vn 0.069670 0.012087 0.070711
vn 0.070077 0.009448 0.070711
vn 0.070268 0.007899 0.070711
vn 0.070522 0.005158 0.070711
vn 0.070615 0.003682 0.070711
vn 0.070706 0.000850 0.070711
vn 0.070709 -0.000547 0.070711
vn 0.070626 -0.003463 0.070711
vn 0.070549 -0.004775 0.070711
vn 0.070283 -0.007762 0.070711
vn 0.070137 -0.008985 0.070711
vn 0.069679 -0.012032 0.070711
vn 0.069475 -0.013164 0.070711
vn 0.068816 -0.016258 0.070711
vn 0.068563 -0.017295 0.070711
vn 0.067697 -0.020423 0.070711
vn 0.067406 -0.021365 0.070711
vn 0.066326 -0.024512 0.070711
vn 0.066008 -0.025358 0.070711
vn 0.064709 -0.028510 0.070711
vn 0.064373 -0.029260 0.070711
vn 0.062850 -0.032402 0.070711
vn 0.062508 -0.033057 0.070711
vn 0.060758 -0.036173 0.070711
vn 0.060419 -0.036736 0.070711
vn 0.058440 -0.039810 0.070711
vn 0.058114 -0.040284 0.070711
vn 0.055904 -0.043298 0.070711
vn 0.055601 -0.043687 0.070711
vn 0.053160 -0.046626 0.070711
vn 0.052889 -0.046934 0.070711
vn 0.050219 -0.049780 0.070711
vn 0.049987 -0.050013 0.070711
vn 0.047091 -0.052749 0.070711
vn 0.046907 -0.052913 0.070711
vn 0.043787 -0.055522 0.070711
vn 0.043658 -0.055623 0.070711
vn 0.040321 -0.058088 0.070711
vn -0.056927 0.082215 -0.000000
vn -0.054442 0.083881 -0.000000
vn -0.051909 0.085472 -0.000000
vn -0.049328 0.086987 -0.000000
vn -0.046704 0.088424 -0.000000
vn -0.044038 0.089781 -0.000000
vn -0.041332 0.091058 -0.000000
vn -0.038590 0.092254 0.000000
vn -0.035813 0.093367 0.000000
vn -0.033004 0.094397 0.000000
vn -0.030165 0.095342 0.000000
vn -0.027299 0.096202 0.000000
vn -0.024409 0.096975 0.000000
vn -0.021497 0.097662 0.000000
vn -0.018566 0.098261 0.000000
vn -0.015618 0.098773 0.000000
vn -0.012656 0.099196 0.000000
vn -0.009683 0.099530 0.000000
vn -0.006701 0.099775 0.000000
vn -0.003713 0.099931 0.000000
vn -0.000722 0.099997 0.000000
vn 0.002270 0.099974 0.000000
vn 0.005259 0.099862 0.000000
vn 0.008244 0.099660 0.000000
vn 0.011222 0.099368 0.000000
vn 0.014190 0.098988 0.000000
vn 0.017145 0.098519 0.000000
vn 0.020084 0.097962 0.000000
vn 0.023006 0.097318 0.000000
vn 0.025907 0.096586 0.000000
vn 0.028785 0.095768 0.000000
vn 0.031637 0.094864 0.000000
vn 0.034460 0.093875 0.000000
vn 0.037253 0.092802 0.000000
vn 0.040013 0.091646 0.000000
vn 0.042737 0.090408 0.000000
vn 0.045422 0.089089 0.000000
vn 0.048067 0.087690 0.000000
vn 0.050669 0.086213 0.000000
vn 0.053225 0.084659 0.000000
vn 0.055734 0.083029 0.000000
vn 0.058193 0.081324 0.000000
vn 0.060600 0.079547 0.000000
vn 0.062952 0.077698 0.000000
vn 0.065248 0.075780 0.000000
vn 0.067486 0.073794 0.000000
vn 0.069664 0.071743 0.000000
vn 0.071779 0.069626 0.000000
vn 0.073829 0.067448 0.000000
vn 0.075814 0.065209 0.000000
vn 0.077731 0.062912 0.000000
vn 0.079578 0.060558 0.000000
vn 0.081354 0.058151 0.000000
vn 0.083057 0.055691 0.000000
vn 0.084686 0.053181 0.000000
vn 0.086239 0.050624 0.000000
vn 0.087715 0.048022 0.000000
vn 0.089112 0.045376 0.000000
vn 0.090430 0.042690 0.000000
vn 0.091667 0.039966 0.000000
vn 0.092821 0.037205 0.000000
vn 0.093893 0.034412 0.000000
vn 0.094880 0.031588 0.000000
vn 0.095783 0.028735 0.000000
vn 0.096599 0.025857 0.000000
vn 0.097330 0.022956 0.000000
vn 0.097973 0.020034 0.000000
vn 0.098528 0.017094 0.000000
vn 0.098995 0.014139 0.000000
vn 0.099374 0.011171 0.000000
vn 0.099664 0.008193 0.000000
vn 0.099864 0.005208 0.000000
vn 0.099975 0.002218 0.000000
vn 0.099997 -0.000774 0.000000
vn 0.099929 -0.003765 0.000000
vn 0.099772 -0.006753 0.000000
vn 0.099525 -0.009734 0.000000
vn 0.099189 -0.012707 0.000000
vn 0.098765 -0.015669 0.000000
vn 0.098252 -0.018617 0.000000
vn 0.097651 -0.021547 0.000000
vn 0.096963 -0.024459 0.000000
vn 0.096188 -0.027349 0.000000
vn 0.095326 -0.030214 0.000000
vn 0.094380 -0.033052 0.000000
vn 0.093349 -0.035861 0.000000
vn 0.092234 -0.038637 0.000000
vn 0.091037 -0.041379 0.000000
vn 0.089758 -0.044084 0.000000
vn 0.088399 -0.046750 0.000000
vn 0.086961 -0.049373 0.000000
vn 0.085445 -0.051953 0.000000
vn 0.083853 -0.054486 0.000000
vn 0.082185 -0.056970 0.000000
vn 0.080444 -0.059403 0.000000
vn 0.078631 -0.061783 0.000000
vn 0.076748 -0.064107 0.000000
vn 0.074796 -0.066375 0.000000
vn 0.072777 -0.068583 0.000000
vn 0.070692 -0.070729 0.000000
vn 0.068545 -0.072812 0.000000
vn 0.066336 -0.074830 0.000000
vn 0.064068 -0.076781 0.000000
vn 0.061742 -0.078663 0.000000
vn 0.059361 -0.080475 0.000000
vn 0.056927 -0.082215 0.000000
vn 0.054442 -0.083881 0.000000
vn 0.051909 -0.085472 0.000000
vn 0.049328 -0.086987 0.000000
vn 0.046704 -0.088424 0.000000
vn 0.044038 -0.089781 0.000000
vn 0.041332 -0.091058 0.000000
vn 0.038590 -0.092254 -0.000000
vn 0.035813 -0.093367 -0.000000
vn 0.033004 -0.094397 -0.000000
vn 0.030165 -0.095342 -0.000000
vn 0.027299 -0.096202 -0.000000
vn 0.024409 -0.096975 -0.000000
vn 0.021497 -0.097662 -0.000000
vn 0.018566 -0.098261 -0.000000
vn 0.015618 -0.098773 -0.000000
vn 0.012656 -0.099196 -0.000000
vn 0.009683 -0.099530 -0.000000
vn 0.006701 -0.099775 -0.000000
vn 0.003713 -0.099931 -0.000000
vn 0.000722 -0.099997 -0.000000
vn -0.002270 -0.099974 -0.000000
vn -0.005259 -0.099862 -0.000000
vn -0.008244 -0.099660 -0.000000
vn -0.011222 -0.099368 -0.000000
vn -0.014190 -0.098988 -0.000000
vn -0.017145 -0.098519 -0.000000
vn -0.020084 -0.097962 -0.000000
vn -0.023006 -0.097318 -0.000000
vn -0.025907 -0.096586 -0.000000
vn -0.028785 -0.095768 -0.000000
vn -0.031637 -0.094864 -0.000000
vn -0.034460 -0.093875 -0.000000
vn -0.037253 -0.092802 -0.000000
vn -0.040013 -0.091646 -0.000000
vn -0.042737 -0.090408 -0.000000
vn -0.045422 -0.089089 -0.000000
vn -0.048067 -0.087690 -0.000000
vn -0.050669 -0.086213 -0.000000
vn -0.053225 -0.084659 -0.000000
vn -0.055734 -0.083029 -0.000000
vn -0.058193 -0.081324 -0.000000
vn -0.060600 -0.079547 -0.000000
vn -0.062952 -0.077698 -0.000000
vn -0.065248 -0.075780 -0.000000
vn -0.067486 -0.073794 -0.000000
vn -0.069664 -0.071743 -0.000000
vn -0.071779 -0.069626 -0.000000
vn -0.073829 -0.067448 -0.000000
vn -0.075814 -0.065209 -0.000000
vn -0.077731 -0.062912 -0.000000
vn -0.079578 -0.060558 -0.000000
vn -0.081354 -0.058151 -0.000000
vn -0.083057 -0.055691 -0.000000
vn -0.084686 -0.053181 -0.000000
vn -0.086239 -0.050624 -0.000000
vn -0.087715 -0.048022 -0.000000
vn -0.089112 -0.045376 -0.000000
vn -0.090430 -0.042690 -0.000000
vn -0.091667 -0.039966 -0.000000
vn -0.092821 -0.037205 -0.000000
vn -0.093893 -0.034412 -0.000000
vn -0.094880 -0.031588 -0.000000
vn -0.095783 -0.028735 -0.000000
vn -0.096599 -0.025857 -0.000000
vn -0.097330 -0.022956 -0.000000
vn -0.097973 -0.020034 -0.000000
vn -0.098528 -0.017094 -0.000000
vn -0.098995 -0.014139 -0.000000
vn -0.099374 -0.011171 -0.000000
vn -0.099664 -0.008193 -0.000000
vn -0.099864 -0.005208 -0.000000
vn -0.099975 -0.002218 -0.000000
vn -0.099997 0.000774 -0.000000
vn -0.099929 0.003765 -0.000000
vn -0.099772 0.006753 -0.000000
vn -0.099525 0.009734 -0.000000
vn -0.099189 0.012707 -0.000000
vn -0.098765 0.015669 -0.000000
vn -0.098252 0.018617 -0.000000
vn -0.097651 0.021547 -0.000000
vn -0.096963 0.024459 -0.000000
vn -0.096188 0.027349 -0.000000
vn -0.095326 0.030214 -0.000000
vn -0.094380 0.033052 -0.000000
vn -0.093349 0.035861 -0.000000
vn -0.092234 0.038637 -0.000000
vn -0.091037 0.041379 -0.000000
vn -0.089758 0.044084 -0.000000
vn -0.088399 0.046750 -0.000000
vn -0.086961 0.049373 -0.000000
vn -0.085445 0.051953 -0.000000
vn -0.083853 0.054486 -0.000000
vn -0.082185 0.056970 -0.000000
vn -0.080444 0.059403 -0.000000
vn -0.078631 0.061783 -0.000000
vn -0.076748 0.064107 -0.000000
vn -0.074796 0.066375 -0.000000
vn -0.072777 0.068583 -0.000000
vn -0.070692 0.070729 -0.000000
vn -0.068545 0.072812 -0.000000
vn -0.066336 0.074830 -0.000000
vn -0.064068 0.076781 -0.000000
vn -0.061742 0.078663 -0.000000
vn -0.059361 0.080475 -0.000000
vn -0.036278 0.093188 0.000000
vn -0.036278 0.093188 0.000000
vn -0.051909 0.085472 -0.000000
vn -0.051909 0.085472 -0.000000
vn -0.065962 0.075160 -0.000000
vn -0.065962 0.075160 -0.000000
vn -0.078011 0.062564 -0.000000
vn -0.019545 0.098071 0.000000
vn -0.019545 0.098071 0.000000
vn -0.002218 0.099975 0.000000
vn -0.002218 0.099975 0.000000
vn 0.015176 0.098842 0.000000
vn 0.015176 0.098842 0.000000
vn 0.032109 0.094705 0.000000
vn 0.032109 0.094705 0.000000
vn 0.048067 0.087690 0.000000
vn 0.048067 0.087690 0.000000
vn 0.062564 0.078011 0.000000
vn 0.062564 0.078011 0.000000
vn 0.075160 0.065962 0.000000
vn 0.075160 0.065962 0.000000
vn 0.085472 0.051909 0.000000
vn 0.085472 0.051909 0.000000
vn 0.093188 0.036278 0.000000
vn 0.093188 0.036278 0.000000
vn 0.098071 0.019545 0.000000
vn 0.098071 0.019545 0.000000
vn 0.099975 0.002218 0.000000
vn 0.099975 0.002218 0.000000
vn 0.098842 -0.015176 0.000000
vn 0.098842 -0.015176 0.000000
vn 0.094705 -0.032109 0.000000
vn 0.094705 -0.032109 0.000000
vn 0.087690 -0.048067 0.000000
vn 0.087690 -0.048067 0.000000
vn 0.078011 -0.062564 0.000000
vn 0.078011 -0.062564 0.000000
vn 0.065962 -0.075160 0.000000
vn 0.065962 -0.075160 0.000000
vn 0.051909 -0.085472 0.000000
vn 0.051909 -0.085472 0.000000
vn 0.036278 -0.093188 -0.000000
vn 0.036278 -0.093188 -0.000000
vn 0.019545 -0.098071 -0.000000
vn 0.019545 -0.098071 -0.000000
vn 0.002218 -0.099975 -0.000000
vn 0.002218 -0.099975 -0.000000
vn -0.015176 -0.098842 -0.000000
vn -0.015176 -0.098842 -0.000000
vn -0.032109 -0.094705 -0.000000
vn -0.032109 -0.094705 -0.000000
vn -0.048067 -0.087690 -0.000000
vn -0.048067 -0.087690 -0.000000
vn -0.062564 -0.078011 -0.000000
vn -0.062564 -0.078011 -0.000000
vn -0.075160 -0.065962 -0.000000
vn -0.075160 -0.065962 -0.000000
vn -0.085472 -0.051909 -0.000000
vn -0.085472 -0.051909 -0.000000
vn -0.093188 -0.036278 -0.000000
vn -0.093188 -0.036278 -0.000000
vn -0.098071 -0.019545 -0.000000
vn -0.098071 -0.019545 -0.000000
vn -0.099975 -0.002218 -0.000000
vn -0.099975 -0.002218 -0.000000
vn -0.098842 0.015176 -0.000000
vn -0.098842 0.015176 -0.000000
vn -0.094705 0.032109 -0.000000
vn -0.094705 0.032109 -0.000000
vn -0.087690 0.048067 -0.000000
vn -0.087690 0.048067 -0.000000
vn -0.078011 0.062564 -0.000000
vn -0.036278 0.093188 0.000000
vn -0.036278 0.093188 0.000000
vn -0.051909 0.085472 -0.000000
vn -0.051909 0.085472 -0.000000
vn -0.065962 0.075160 -0.000000
vn -0.065962 0.075160 -0.000000
vn -0.078011 0.062564 -0.000000
vn -0.019545 0.098071 0.000000
vn -0.019545 0.098071 0.000000
vn -0.002218 0.099975 0.000000
vn -0.002218 0.099975 0.000000
vn 0.015176 0.098842 0.000000
vn 0.015176 0.098842 0.000000
vn 0.032109 0.094705 0.000000
vn 0.032109 0.094705 0.000000
vn 0.048067 0.087690 0.000000
vn 0.048067 0.087690 0.000000
vn 0.062564 0.078011 0.000000
vn 0.062564 0.078011 0.000000
vn 0.075160 0.065962 0.000000
vn 0.075160 0.065962 0.000000
vn 0.085472 0.051909 0.000000
vn 0.085472 0.051909 0.000000
vn 0.093188 0.036278 0.000000
vn 0.093188 0.036278 0.000000
vn 0.098071 0.019545 0.000000
vn 0.098071 0.019545 0.000000
vn 0.099975 0.002218 0.000000
vn 0.099975 0.002218 0.000000
vn 0.098842 -0.015176 0.000000
vn 0.098842 -0.015176 0.000000
vn 0.094705 -0.032109 0.000000
vn 0.094705 -0.032109 0.000000
vn 0.087690 -0.048067 0.000000
vn 0.087690 -0.048067 0.000000
vn 0.078011 -0.062564 0.000000
vn 0.078011 -0.062564 0.000000
vn 0.065962 -0.075160 0.000000
vn 0.065962 -0.075160 0.000000
vn 0.051909 -0.085472 0.000000
vn 0.051909 -0.085472 0.000000
vn 0.036278 -0.093188 -0.000000
vn 0.036278 -0.093188 -0.000000
vn 0.019545 -0.098071 -0.000000
vn 0.019545 -0.098071 -0.000000
vn 0.002218 -0.099975 -0.000000
vn 0.002218 -0.099975 -0.000000
vn -0.015176 -0.098842 -0.000000
vn -0.015176 -0.098842 -0.000000
vn -0.032109 -0.094705 -0.000000
vn -0.032109 -0.094705 -0.000000
vn -0.048067 -0.087690 -0.000000
vn -0.048067 -0.087690 -0.000000
vn -0.062564 -0.078011 -0.000000
vn -0.062564 -0.078011 -0.000000
vn -0.075160 -0.065962 -0.000000
vn -0.075160 -0.065962 -0.000000
vn -0.085472 -0.051909 -0.000000
vn -0.085472 -0.051909 -0.000000
vn -0.093188 -0.036278 -0.000000
vn -0.093188 -0.036278 -0.000000
vn -0.098071 -0.019545 -0.000000
vn -0.098071 -0.019545 -0.000000
vn -0.099975 -0.002218 -0.000000
vn -0.099975 -0.002218 -0.000000
vn -0.098842 0.015176 -0.000000
vn -0.098842 0.015176 -0.000000
vn -0.094705 0.032109 -0.000000
vn -0.094705 0.032109 -0.000000
vn -0.087690 0.048067 -0.000000
vn -0.087690 0.048067 -0.000000
vn -0.078011 0.062564 -0.000000
vn -0.036278 0.093188 0.000000
vn -0.036278 0.093188 0.000000
vn -0.051909 0.085472 -0.000000
vn -0.051909 0.085472 -0.000000
vn -0.065962 0.075160 -0.000000
vn -0.065962 0.075160 -0.000000
vn -0.078011 0.062564 -0.000000
vn -0.019545 0.098071 0.000000
vn -0.019545 0.098071 0.000000
vn -0.002218 0.099975 0.000000
vn -0.002218 0.099975 0.000000
vn 0.015176 0.098842 0.000000
vn 0.015176 0.098842 0.000000
vn 0.032109 0.094705 0.000000
vn 0.032109 0.094705 0.000000
vn 0.048067 0.087690 0.000000
vn 0.048067 0.087690 0.000000
vn 0.062564 0.078011 0.000000
vn 0.062564 0.078011 0.000000
vn 0.075160 0.065962 0.000000
vn 0.075160 0.065962 0.000000
vn 0.085472 0.051909 0.000000
vn 0.085472 0.051909 0.000000
vn 0.093188 0.036278 0.000000
vn 0.093188 0.036278 0.000000
vn 0.098071 0.019545 0.000000
vn 0.098071 0.019545 0.000000
vn 0.099975 0.002218 0.000000
vn 0.099975 0.002218 0.000000
vn 0.098842 -0.015176 0.000000
vn 0.098842 -0.015176 0.000000
vn 0.094705 -0.032109 0.000000
vn 0.094705 -0.032109 0.000000
vn 0.087690 -0.048067 0.000000
vn 0.087690 -0.048067 0.000000
vn 0.078011 -0.062564 0.000000
vn 0.078011 -0.062564 0.000000
vn 0.065962 -0.075160 0.000000
vn 0.065962 -0.075160 0.000000
vn 0.051909 -0.085472 0.000000
vn 0.051909 -0.085472 0.000000
vn 0.036278 -0.093188 -0.000000
vn 0.036278 -0.093188 -0.000000
vn 0.019545 -0.098071 -0.000000
vn 0.019545 -0.098071 -0.000000
vn 0.002218 -0.099975 -0.000000
vn 0.002218 -0.099975 -0.000000
vn -0.015176 -0.098842 -0.000000
vn -0.015176 -0.098842 -0.000000
vn -0.032109 -0.094705 -0.000000
vn -0.032109 -0.094705 -0.000000
vn -0.048067 -0.087690 -0.000000
vn -0.048067 -0.087690 -0.000000
vn -0.062564 -0.078011 -0.000000
vn -0.062564 -0.078011 -0.000000
vn -0.075160 -0.065962 -0.000000
vn -0.075160 -0.065962 -0.000000
vn -0.085472 -0.051909 -0.000000
vn -0.085472 -0.051909 -0.000000
vn -0.093188 -0.036278 -0.000000
vn -0.093188 -0.036278 -0.000000
vn -0.098071 -0.019545 -0.000000
vn -0.098071 -0.019545 -0.000000
vn -0.099975 -0.002218 -0.000000
vn -0.099975 -0.002218 -0.000000
vn -0.098842 0.015176 -0.000000
vn -0.098842 0.015176 -0.000000
vn -0.094705 0.032109 -0.000000
vn -0.094705 0.032109 -0.000000
vn -0.087690 0.048067 -0.000000
vn -0.087690 0.048067 -0.000000
vn -0.078011 0.062564 -0.000000
vn -0.036278 0.093188 0.000000
vn -0.036278 0.093188 0.000000
vn -0.051909 0.085472 -0.000000
vn -0.051909 0.085472 -0.000000
vn -0.065962 0.075160 -0.000000
vn -0.065962 0.075160 -0.000000
vn -0.078011 0.062564 -0.000000
vn -0.019545 0.098071 0.000000
vn -0.019545 0.098071 0.000000
vn -0.002218 0.099975 0.000000
vn -0.002218 0.099975 0.000000
vn 0.015176 0.098842 0.000000
vn 0.015176 0.098842 0.000000
vn 0.032109 0.094705 0.000000
vn 0.032109 0.094705 0.000000
vn 0.048067 0.087690 0.000000
vn 0.048067 0.087690 0.000000
vn 0.062564 0.078011 0.000000
vn 0.062564 0.078011 0.000000
vn 0.075160 0.065962 0.000000
vn 0.075160 0.065962 0.000000
vn 0.085472 0.051909 0.000000
vn 0.085472 0.051909 0.000000
vn 0.093188 0.036278 0.000000
vn 0.093188 0.036278 0.000000
vn 0.098071 0.019545 0.000000
vn 0.098071 0.019545 0.000000
vn 0.099975 0.002218 0.000000
vn 0.099975 0.002218 0.000000
vn 0.098842 -0.015176 0.000000
vn 0.098842 -0.015176 0.000000
vn 0.094705 -0.032109 0.000000
vn 0.094705 -0.032109 0.000000
vn 0.087690 -0.048067 0.000000
vn 0.087690 -0.048067 0.000000
vn 0.078011 -0.062564 0.000000
vn 0.078011 -0.062564 0.000000
vn 0.065962 -0.075160 0.000000
vn 0.065962 -0.075160 0.000000
vn 0.051909 -0.085472 0.000000
vn 0.051909 -0.085472 0.000000
vn 0.036278 -0.093188 -0.000000
vn 0.036278 -0.093188 -0.000000
vn 0.019545 -0.098071 -0.000000
vn 0.019545 -0.098071 -0.000000
vn 0.002218 -0.099975 -0.000000
vn 0.002218 -0.099975 -0.000000
vn -0.015176 -0.098842 -0.000000
vn -0.015176 -0.098842 -0.000000
vn -0.032109 -0.094705 -0.000000
vn -0.032109 -0.094705 -0.000000
vn -0.048067 -0.087690 -0.000000
vn -0.048067 -0.087690 -0.000000
vn -0.062564 -0.078011 -0.000000
vn -0.062564 -0.078011 -0.000000
vn -0.075160 -0.065962 -0.000000
vn -0.075160 -0.065962 -0.000000
vn -0.085472 -0.051909 -0.000000
vn -0.085472 -0.051909 -0.000000
vn -0.093188 -0.036278 -0.000000
vn -0.093188 -0.036278 -0.000000
vn -0.098071 -0.019545 -0.000000
vn -0.098071 -0.019545 -0.000000
vn -0.099975 -0.002218 -0.000000
vn -0.099975 -0.002218 -0.000000
vn -0.098842 0.015176 -0.000000
vn -0.098842 0.015176 -0.000000
vn -0.094705 0.032109 -0.000000
vn -0.094705 0.032109 -0.000000
vn -0.087690 0.048067 -0.000000
vn -0.087690 0.048067 -0.000000
vn -0.078011 0.062564 -0.000000
vn -0.036278 0.093188 0.000000
vn -0.036278 0.093188 0.000000
vn -0.051909 0.085472 -0.000000
vn -0.051909 0.085472 -0.000000
vn -0.065962 0.075160 -0.000000
vn -0.065962 0.075160 -0.000000
vn -0.078011 0.062564 -0.000000
vn -0.019545 0.098071 0.000000
vn -0.019545 0.098071 0.000000
vn -0.002218 0.099975 0.000000
vn -0.002218 0.099975 0.000000
vn 0.015176 0.098842 0.000000
vn 0.015176 0.098842 0.000000
vn 0.032109 0.094705 0.000000
vn 0.032109 0.094705 0.000000
vn 0.048067 0.087690 0.000000
vn 0.048067 0.087690 0.000000
vn 0.062564 0.078011 0.000000
vn 0.062564 0.078011 0.000000
vn 0.075160 0.065962 0.000000
vn 0.075160 0.065962 0.000000
vn 0.085472 0.051909 0.000000
vn 0.085472 0.051909 0.000000
vn 0.093188 0.036278 0.000000
vn 0.093188 0.036278 0.000000
vn 0.098071 0.019545 0.000000
vn 0.098071 0.019545 0.000000
vn 0.099975 0.002218 0.000000
vn 0.099975 0.002218 0.000000
vn 0.098842 -0.015176 0.000000
vn 0.098842 -0.015176 0.000000
vn 0.094705 -0.032109 0.000000
vn 0.094705 -0.032109 0.000000
vn 0.087690 -0.048067 0.000000
vn 0.087690 -0.048067 0.000000
vn 0.078011 -0.062564 0.000000
vn 0.078011 -0.062564 0.000000
vn 0.065962 -0.075160 0.000000
vn 0.065962 -0.075160 0.000000
vn 0.051909 -0.085472 0.000000
vn 0.051909 -0.085472 0.000000
vn 0.036278 -0.093188 -0.000000
vn 0.036278 -0.093188 -0.000000
vn 0.019545 -0.098071 -0.000000
vn 0.019545 -0.098071 -0.000000
vn 0.002218 -0.099975 -0.000000
vn 0.002218 -0.099975 -0.000000
vn -0.015176 -0.098842 -0.000000
vn -0.015176 -0.098842 -0.000000
vn -0.032109 -0.094705 -0.000000
vn -0.032109 -0.094705 -0.000000
vn -0.048067 -0.087690 -0.000000
vn -0.048067 -0.087690 -0.000000
vn -0.062564 -0.078011 -0.000000
vn -0.062564 -0.078011 -0.000000
vn -0.075160 -0.065962 -0.000000
vn -0.075160 -0.065962 -0.000000
vn -0.085472 -0.051909 -0.000000
vn -0.085472 -0.051909 -0.000000
vn -0.093188 -0.036278 -0.000000
vn -0.093188 -0.036278 -0.000000
vn -0.098071 -0.019545 -0.000000
vn -0.098071 -0.019545 -0.000000
vn -0.099975 -0.002218 -0.000000
vn -0.099975 -0.002218 -0.000000
vn -0.098842 0.015176 -0.000000
vn -0.098842 0.015176 -0.000000
vn -0.094705 0.032109 -0.000000
vn -0.094705 0.032109 -0.000000
vn -0.087690 0.048067 -0.000000
vn -0.087690 0.048067 -0.000000
vn -0.078011 0.062564 -0.000000
vn -0.036278 0.093188 0.000000
vn -0.036278 0.093188 0.000000
vn -0.051909 0.085472 -0.000000
vn -0.051909 0.085472 -0.000000
vn -0.065962 0.075160 -0.000000
vn -0.065962 0.075160 -0.000000
vn -0.078011 0.062564 -0.000000
vn -0.019545 0.098071 0.000000
vn -0.019545 0.098071 0.000000
vn -0.002218 0.099975 0.000000
vn -0.002218 0.099975 0.000000
vn 0.015176 0.098842 0.000000
vn 0.015176 0.098842 0.000000
vn 0.032109 0.094705 0.000000
vn 0.032109 0.094705 0.000000
vn 0.048067 0.087690 0.000000
vn 0.048067 0.087690 0.000000
vn 0.062564 0.078011 0.000000
vn 0.062564 0.078011 0.000000
vn 0.075160 0.065962 0.000000
vn 0.075160 0.065962 0.000000
vn 0.085472 0.051909 0.000000
vn 0.085472 0.051909 0.000000
vn 0.093188 0.036278 0.000000
vn 0.093188 0.036278 0.000000
vn 0.098071 0.019545 0.000000
vn 0.098071 0.019545 0.000000
vn 0.099975 0.002218 0.000000
vn 0.099975 0.002218 0.000000
vn 0.098842 -0.015176 0.000000
vn 0.098842 -0.015176 0.000000
vn 0.094705 -0.032109 0.000000
vn 0.094705 -0.032109 0.000000
vn 0.087690 -0.048067 0.000000
vn 0.087690 -0.048067 0.000000
vn 0.078011 -0.062564 0.000000
vn 0.078011 -0.062564 0.000000
vn 0.065962 -0.075160 0.000000
vn 0.065962 -0.075160 0.000000
vn 0.051909 -0.085472 0.000000
vn 0.051909 -0.085472 0.000000
vn 0.036278 -0.093188 -0.000000
vn 0.036278 -0.093188 -0.000000
vn 0.019545 -0.098071 -0.000000
vn 0.019545 -0.098071 -0.000000
vn 0.002218 -0.099975 -0.000000
vn 0.002218 -0.099975 -0.000000
vn -0.015176 -0.098842 -0.000000
vn -0.015176 -0.098842 -0.000000
vn -0.032109 -0.094705 -0.000000
vn -0.032109 -0.094705 -0.000000
vn -0.048067 -0.087690 -0.000000
vn -0.048067 -0.087690 -0.000000
vn -0.062564 -0.078011 -0.000000
vn -0.062564 -0.078011 -0.000000
vn -0.075160 -0.065962 -0.000000
vn -0.075160 -0.065962 -0.000000
vn -0.085472 -0.051909 -0.000000
vn -0.085472 -0.051909 -0.000000
vn -0.093188 -0.036278 -0.000000
vn -0.093188 -0.036278 -0.000000
vn -0.098071 -0.019545 -0.000000
vn -0.098071 -0.019545 -0.000000
vn -0.099975 -0.002218 -0.000000
vn -0.099975 -0.002218 -0.000000
vn -0.098842 0.015176 -0.000000
vn -0.098842 0.015176 -0.000000
vn -0.094705 0.032109 -0.000000
vn -0.094705 0.032109 -0.000000
vn -0.087690 0.048067 -0.000000
vn -0.087690 0.048067 -0.000000
vn -0.078011 0.062564 -0.000000
vn -0.036278 0.093188 0.000000
vn -0.036278 0.093188 0.000000
vn -0.051909 0.085472 -0.000000
vn -0.051909 0.085472 -0.000000
vn -0.065962 0.075160 -0.000000
vn -0.065962 0.075160 -0.000000
vn -0.078011 0.062564 -0.000000
vn -0.019545 0.098071 0.000000
vn -0.019545 0.098071 0.000000
vn -0.002218 0.099975 0.000000
vn -0.002218 0.099975 0.000000
vn 0.015176 0.098842 0.000000
vn 0.015176 0.098842 0.000000
vn 0.032109 0.094705 0.000000
vn 0.032109 0.094705 0.000000
vn 0.048067 0.087690 0.000000
vn 0.048067 0.087690 0.000000
vn 0.062564 0.078011 0.000000
vn 0.062564 0.078011 0.000000
vn 0.075160 0.065962 0.000000
vn 0.075160 0.065962 0.000000
vn 0.085472 0.051909 0.000000
vn 0.085472 0.051909 0.000000
vn 0.093188 0.036278 0.000000
vn 0.093188 0.036278 0.000000
vn 0.098071 0.019545 0.000000
vn 0.098071 0.019545 0.000000
vn 0.099975 0.002218 0.000000
vn 0.099975 0.002218 0.000000
vn 0.098842 -0.015176 0.000000
vn 0.098842 -0.015176 0.000000
vn 0.094705 -0.032109 0.000000
vn 0.094705 -0.032109 0.000000
vn 0.087690 -0.048067 0.000000
vn 0.087690 -0.048067 0.000000
vn 0.078011 -0.062564 0.000000
vn 0.078011 -0.062564 0.000000
vn 0.065962 -0.075160 0.000000
vn 0.065962 -0.075160 0.000000
vn 0.051909 -0.085472 0.000000
vn 0.051909 -0.085472 0.000000
vn 0.036278 -0.093188 -0.000000
vn 0.036278 -0.093188 -0.000000
vn 0.019545 -0.098071 -0.000000
vn 0.019545 -0.098071 -0.000000
vn 0.002218 -0.099975 -0.000000
vn 0.002218 -0.099975 -0.000000
vn -0.015176 -0.098842 -0.000000
vn -0.015176 -0.098842 -0.000000
vn -0.032109 -0.094705 -0.000000
vn -0.032109 -0.094705 -0.000000
vn -0.048067 -0.087690 -0.000000
vn -0.048067 -0.087690 -0.000000
vn -0.062564 -0.078011 -0.000000
vn -0.062564 -0.078011 -0.000000
vn -0.075160 -0.065962 -0.000000
vn -0.075160 -0.065962 -0.000000
vn -0.085472 -0.051909 -0.000000
vn -0.085472 -0.051909 -0.000000
vn -0.093188 -0.036278 -0.000000
vn -0.093188 -0.036278 -0.000000
vn -0.098071 -0.019545 -0.000000
vn -0.098071 -0.019545 -0.000000
vn -0.099975 -0.002218 -0.000000
vn -0.099975 -0.002218 -0.000000
vn -0.098842 0.015176 -0.000000
vn -0.098842 0.015176 -0.000000
vn -0.094705 0.032109 -0.000000
vn -0.094705 0.032109 -0.000000
vn -0.087690 0.048067 -0.000000
vn -0.087690 0.048067 -0.000000
vn -0.078011 0.062564 -0.000000
vn -0.036278 0.093188 0.000000
vn -0.036278 0.093188 0.000000
vn -0.051909 0.085472 -0.000000
vn -0.051909 0.085472 -0.000000
vn -0.065962 0.075160 -0.000000
vn -0.065962 0.075160 -0.000000
vn -0.078011 0.062564 -0.000000
vn -0.019545 0.098071 0.000000
vn -0.019545 0.098071 0.000000
vn -0.002218 0.099975 0.000000
vn -0.002218 0.099975 0.000000
vn 0.015176 0.098842 0.000000
vn 0.015176 0.098842 0.000000
vn 0.032109 0.094705 0.000000
vn 0.032109 0.094705 0.000000
vn 0.048067 0.087690 0.000000
vn 0.048067 0.087690 0.000000
vn 0.062564 0.078011 0.000000
vn 0.062564 0.078011 0.000000
vn 0.075160 0.065962 0.000000
vn 0.075160 0.065962 0.000000
vn 0.085472 0.051909 0.000000
vn 0.085472 0.051909 0.000000
vn 0.093188 0.036278 0.000000
vn 0.093188 0.036278 0.000000
vn 0.098071 0.019545 0.000000
vn 0.098071 0.019545 0.000000
vn 0.099975 0.002218 0.000000
vn 0.099975 0.002218 0.000000
vn 0.098842 -0.015176 0.000000
vn 0.098842 -0.015176 0.000000
vn 0.094705 -0.032109 0.000000
vn 0.094705 -0.032109 0.000000
vn 0.087690 -0.048067 0.000000
vn 0.087690 -0.048067 0.000000
vn 0.078011 -0.062564 0.000000
vn 0.078011 -0.062564 0.000000
vn 0.065962 -0.075160 0.000000
vn 0.065962 -0.075160 0.000000
vn 0.051909 -0.085472 0.000000
vn 0.051909 -0.085472 0.000000
vn 0.036278 -0.093188 -0.000000
vn 0.036278 -0.093188 -0.000000
vn 0.019545 -0.098071 -0.000000
vn 0.019545 -0.098071 -0.000000
vn 0.002218 -0.099975 -0.000000
vn 0.002218 -0.099975 -0.000000
vn -0.015176 -0.098842 -0.000000
vn -0.015176 -0.098842 -0.000000
vn -0.032109 -0.094705 -0.000000
vn -0.032109 -0.094705 -0.000000
vn -0.048067 -0.087690 -0.000000
vn -0.048067 -0.087690 -0.000000
vn -0.062564 -0.078011 -0.000000
vn -0.062564 -0.078011 -0.000000
vn -0.075160 -0.065962 -0.000000
vn -0.075160 -0.065962 -0.000000
vn -0.085472 -0.051909 -0.000000
vn -0.085472 -0.051909 -0.000000
vn -0.093188 -0.036278 -0.000000
vn -0.093188 -0.036278 -0.000000
vn -0.098071 -0.019545 -0.000000
vn -0.098071 -0.019545 -0.000000
vn -0.099975 -0.002218 -0.000000
vn -0.099975 -0.002218 -0.000000
vn -0.098842 0.015176 -0.000000
vn -0.098842 0.015176 -0.000000
vn -0.094705 0.032109 -0.000000
vn -0.094705 0.032109 -0.000000
vn -0.087690 0.048067 -0.000000
vn -0.087690 0.048067 -0.000000
vn -0.078011 0.062564 -0.000000
vn -0.036278 0.093188 0.000000
vn -0.036278 0.093188 0.000000
vn -0.051909 0.085472 -0.000000
vn -0.051909 0.085472 -0.000000
vn -0.065962 0.075160 -0.000000
vn -0.065962 0.075160 -0.000000
vn -0.078011 0.062564 -0.000000
vn -0.019545 0.098071 0.000000
vn -0.019545 0.098071 0.000000
vn -0.002218 0.099975 0.000000
vn -0.002218 0.099975 0.000000
vn 0.015176 0.098842 0.000000
vn 0.015176 0.098842 0.000000
vn 0.032109 0.094705 0.000000
vn 0.032109 0.094705 0.000000
vn 0.048067 0.087690 0.000000
vn 0.048067 0.087690 0.000000
vn 0.062564 0.078011 0.000000
vn 0.062564 0.078011 0.000000
vn 0.075160 0.065962 0.000000
vn 0.075160 0.065962 0.000000
vn 0.085472 0.051909 0.000000
vn 0.085472 0.051909 0.000000
vn 0.093188 0.036278 0.000000
vn 0.093188 0.036278 0.000000
vn 0.098071 0.019545 0.000000
vn 0.098071 0.019545 0.000000
vn 0.099975 0.002218 0.000000
vn 0.099975 0.002218 0.000000
vn 0.098842 -0.015176 0.000000
vn 0.098842 -0.015176 0.000000
vn 0.094705 -0.032109 0.000000
vn 0.094705 -0.032109 0.000000
vn 0.087690 -0.048067 0.000000
vn 0.087690 -0.048067 0.000000
vn 0.078011 -0.062564 0.000000
vn 0.078011 -0.062564 0.000000
vn 0.065962 -0.075160 0.000000
vn 0.065962 -0.075160 0.000000
vn 0.051909 -0.085472 0.000000
vn 0.051909 -0.085472 0.000000
vn 0.036278 -0.093188 -0.000000
vn 0.036278 -0.093188 -0.000000
vn 0.019545 -0.098071 -0.000000
vn 0.019545 -0.098071 -0.000000
vn 0.002218 -0.099975 -0.000000
vn 0.002218 -0.099975 -0.000000
vn -0.015176 -0.098842 -0.000000
vn -0.015176 -0.098842 -0.000000
vn -0.032109 -0.094705 -0.000000
vn -0.032109 -0.094705 -0.000000
vn -0.048067 -0.087690 -0.000000
vn -0.048067 -0.087690 -0.000000
vn -0.062564 -0.078011 -0.000000
vn -0.062564 -0.078011 -0.000000
vn -0.075160 -0.065962 -0.000000
vn -0.075160 -0.065962 -0.000000
vn -0.085472 -0.051909 -0.000000
vn -0.085472 -0.051909 -0.000000
vn -0.093188 -0.036278 -0.000000
vn -0.093188 -0.036278 -0.000000
vn -0.098071 -0.019545 -0.000000
vn -0.098071 -0.019545 -0.000000
vn -0.099975 -0.002218 -0.000000
vn -0.099975 -0.002218 -0.000000
vn -0.098842 0.015176 -0.000000
vn -0.098842 0.015176 -0.000000
vn -0.094705 0.032109 -0.000000
vn -0.094705 0.032109 -0.000000
vn -0.087690 0.048067 -0.000000
vn -0.087690 0.048067 -0.000000
vn -0.078011 0.062564 -0.000000
vn -0.036278 0.093188 0.000000
vn -0.036278 0.093188 0.000000
vn -0.051909 0.085472 -0.000000
vn -0.051909 0.085472 -0.000000
vn -0.065962 0.075160 -0.000000
vn -0.065962 0.075160 -0.000000
vn -0.078011 0.062564 -0.000000
vn -0.019545 0.098071 0.000000
vn -0.019545 0.098071 0.000000
vn -0.002218 0.099975 0.000000
vn -0.002218 0.099975 0.000000
vn 0.015176 0.098842 0.000000
vn 0.015176 0.098842 0.000000
vn 0.032109 0.094705 0.000000
vn 0.032109 0.094705 0.000000
vn 0.048067 0.087690 0.000000
vn 0.048067 0.087690 0.000000
vn 0.062564 0.078011 0.000000
vn 0.062564 0.078011 0.000000
vn 0.075160 0.065962 0.000000
vn 0.075160 0.065962 0.000000
vn 0.085472 0.051909 0.000000
vn 0.085472 0.051909 0.000000
vn 0.093188 0.036278 0.000000
vn 0.093188 0.036278 0.000000
vn 0.098071 0.019545 0.000000
vn 0.098071 0.019545 0.000000
vn 0.099975 0.002218 0.000000
vn 0.099975 0.002218 0.000000
vn 0.098842 -0.015176 0.000000
vn 0.098842 -0.015176 0.000000
vn 0.094705 -0.032109 0.000000
vn 0.094705 -0.032109 0.000000
vn 0.087690 -0.048067 0.000000
vn 0.087690 -0.048067 0.000000
vn 0.078011 -0.062564 0.000000
vn 0.078011 -0.062564 0.000000
vn 0.065962 -0.075160 0.000000
vn 0.065962 -0.075160 0.000000
vn 0.051909 -0.085472 0.000000
vn 0.051909 -0.085472 0.000000
vn 0.036278 -0.093188 -0.000000
vn 0.036278 -0.093188 -0.000000
vn 0.019545 -0.098071 -0.000000
vn 0.019545 -0.098071 -0.000000
vn 0.002218 -0.099975 -0.000000
vn 0.002218 -0.099975 -0.000000
vn -0.015176 -0.098842 -0.000000
vn -0.015176 -0.098842 -0.000000
vn -0.032109 -0.094705 -0.000000
vn -0.032109 -0.094705 -0.000000
vn -0.048067 -0.087690 -0.000000
vn -0.048067 -0.087690 -0.000000
vn -0.062564 -0.078011 -0.000000
vn -0.062564 -0.078011 -0.000000
vn -0.075160 -0.065962 -0.000000
vn -0.075160 -0.065962 -0.000000
vn -0.085472 -0.051909 -0.000000
vn -0.085472 -0.051909 -0.000000
vn -0.093188 -0.036278 -0.000000
vn -0.093188 -0.036278 -0.000000
vn -0.098071 -0.019545 -0.000000
vn -0.098071 -0.019545 -0.000000
vn -0.099975 -0.002218 -0.000000
vn -0.099975 -0.002218 -0.000000
vn -0.098842 0.015176 -0.000000
vn -0.098842 0.015176 -0.000000
vn -0.094705 0.032109 -0.000000
vn -0.094705 0.032109 -0.000000
vn -0.087690 0.048067 -0.000000
vn -0.087690 0.048067 -0.000000
vn -0.078011 0.062564 -0.000000
vn -0.036278 0.093188 0.000000
vn -0.036278 0.093188 0.000000
vn -0.051909 0.085472 -0.000000
vn -0.051909 0.085472 -0.000000
vn -0.065962 0.075160 -0.000000
vn -0.065962 0.075160 -0.000000
vn -0.078011 0.062564 -0.000000
vn -0.019545 0.098071 0.000000
vn -0.019545 0.098071 0.000000
vn -0.002218 0.099975 0.000000
vn -0.002218 0.099975 0.000000
vn 0.015176 0.098842 0.000000
vn 0.015176 0.098842 0.000000
vn 0.032109 0.094705 0.000000
vn 0.032109 0.094705 0.000000
vn 0.048067 0.087690 0.000000
vn 0.048067 0.087690 0.000000
vn 0.062564 0.078011 0.000000
vn 0.062564 0.078011 0.000000
vn 0.075160 0.065962 0.000000
vn 0.075160 0.065962 0.000000
vn 0.085472 0.051909 0.000000
vn 0.085472 0.051909 0.000000
vn 0.093188 0.036278 0.000000
vn 0.093188 0.036278 0.000000
vn 0.098071 0.019545 0.000000
vn 0.098071 0.019545 0.000000
vn 0.099975 0.002218 0.000000
vn 0.099975 0.002218 0.000000
vn 0.098842 -0.015176 0.000000
vn 0.098842 -0.015176 0.000000
vn 0.094705 -0.032109 0.000000
vn 0.094705 -0.032109 0.000000
vn 0.087690 -0.048067 0.000000
vn 0.087690 -0.048067 0.000000
vn 0.078011 -0.062564 0.000000
vn 0.078011 -0.062564 0.000000
vn 0.065962 -0.075160 0.000000
vn 0.065962 -0.075160 0.000000
vn 0.051909 -0.085472 0.000000
vn 0.051909 -0.085472 0.000000
vn 0.036278 -0.093188 -0.000000
vn 0.036278 -0.093188 -0.000000
vn 0.019545 -0.098071 -0.000000
vn 0.019545 -0.098071 -0.000000
vn 0.002218 -0.099975 -0.000000
vn 0.002218 -0.099975 -0.000000
vn -0.015176 -0.098842 -0.000000
vn -0.015176 -0.098842 -0.000000
vn -0.032109 -0.094705 -0.000000
vn -0.032109 -0.094705 -0.000000
vn -0.048067 -0.087690 -0.000000
vn -0.048067 -0.087690 -0.000000
vn -0.062564 -0.078011 -0.000000
vn -0.062564 -0.078011 -0.000000
vn -0.075160 -0.065962 -0.000000
vn -0.075160 -0.065962 -0.000000
vn -0.085472 -0.051909 -0.000000
vn -0.085472 -0.051909 -0.000000
vn -0.093188 -0.036278 -0.000000
vn -0.093188 -0.036278 -0.000000
vn -0.098071 -0.019545 -0.000000
vn -0.098071 -0.019545 -0.000000
vn -0.099975 -0.002218 -0.000000
vn -0.099975 -0.002218 -0.000000
vn -0.098842 0.015176 -0.000000
vn -0.098842 0.015176 -0.000000
vn -0.094705 0.032109 -0.000000
vn -0.094705 0.032109 -0.000000
vn -0.087690 0.048067 -0.000000
vn -0.087690 0.048067 -0.000000
vn -0.078011 0.062564 -0.000000
vn -0.036278 0.093188 0.000000
vn -0.036278 0.093188 0.000000
vn -0.051909 0.085472 -0.000000
vn -0.051909 0.085472 -0.000000
vn -0.065962 0.075160 -0.000000
vn -0.065962 0.075160 -0.000000
vn -0.078011 0.062564 -0.000000
vn -0.019545 0.098071 0.000000
vn -0.019545 0.098071 0.000000
vn -0.002218 0.099975 0.000000
vn -0.002218 0.099975 0.000000
vn 0.015176 0.098842 0.000000
vn 0.015176 0.098842 0.000000
vn 0.032109 0.094705 0.000000
vn 0.032109 0.094705 0.000000
vn 0.048067 0.087690 0.000000
vn 0.048067 0.087690 0.000000
vn 0.062564 0.078011 0.000000
vn 0.062564 0.078011 0.000000
vn 0.075160 0.065962 0.000000
vn 0.075160 0.065962 0.000000
vn 0.085472 0.051909 0.000000
vn 0.085472 0.051909 0.000000
vn 0.093188 0.036278 0.000000
vn 0.093188 0.036278 0.000000
vn 0.098071 0.019545 0.000000
vn 0.098071 0.019545 0.000000
vn 0.099975 0.002218 0.000000
vn 0.099975 0.002218 0.000000
vn 0.098842 -0.015176 0.000000
vn 0.098842 -0.015176 0.000000
vn 0.094705 -0.032109 0.000000
vn 0.094705 -0.032109 0.000000
vn 0.087690 -0.048067 0.000000
vn 0.087690 -0.048067 0.000000
vn 0.078011 -0.062564 0.000000
vn 0.078011 -0.062564 0.000000
vn 0.065962 -0.075160 0.000000
vn 0.065962 -0.075160 0.000000
vn 0.051909 -0.085472 0.000000
vn 0.051909 -0.085472 0.000000
vn 0.036278 -0.093188 -0.000000
vn 0.036278 -0.093188 -0.000000
vn 0.019545 -0.098071 -0.000000
vn 0.019545 -0.098071 -0.000000
vn 0.002218 -0.099975 -0.000000
vn 0.002218 -0.099975 -0.000000
vn -0.015176 -0.098842 -0.000000
vn -0.015176 -0.098842 -0.000000
vn -0.032109 -0.094705 -0.000000
vn -0.032109 -0.094705 -0.000000
vn -0.048067 -0.087690 -0.000000
vn -0.048067 -0.087690 -0.000000
vn -0.062564 -0.078011 -0.000000
vn -0.062564 -0.078011 -0.000000
vn -0.075160 -0.065962 -0.000000
vn -0.075160 -0.065962 -0.000000
vn -0.085472 -0.051909 -0.000000
vn -0.085472 -0.051909 -0.000000
vn -0.093188 -0.036278 -0.000000
vn -0.093188 -0.036278 -0.000000
vn -0.098071 -0.019545 -0.000000
vn -0.098071 -0.019545 -0.000000
vn -0.099975 -0.002218 -0.000000
vn -0.099975 -0.002218 -0.000000
vn -0.098842 0.015176 -0.000000
vn -0.098842 0.015176 -0.000000
vn -0.094705 0.032109 -0.000000
vn -0.094705 0.032109 -0.000000
vn -0.087690 0.048067 -0.000000
vn -0.087690 0.048067 -0.000000
vn -0.078011 0.062564 -0.000000
vn -0.040321 0.058088 -0.070711
vn -0.040254 0.058135 -0.070711
vn -0.036705 0.060438 -0.070711
vn -0.036705 0.060438 -0.070711
vn -0.033025 0.062525 -0.070711
vn -0.043658 0.055623 -0.070711
vn -0.043787 0.055522 -0.070711
vn -0.046907 0.052913 -0.070711
vn -0.047091 0.052749 -0.070711
vn -0.049987 0.050013 -0.070711
vn -0.050219 0.049780 -0.070711
vn -0.052889 0.046934 -0.070711
vn -0.053160 0.046626 -0.070711
vn -0.055601 0.043687 -0.070711
vn -0.055904 0.043298 -0.070711
vn -0.058114 0.040284 -0.070711
vn -0.058440 0.039810 -0.070711
vn -0.060419 0.036736 -0.070711
vn -0.060758 0.036173 -0.070711
vn -0.062508 0.033057 -0.070711
vn -0.062850 0.032402 -0.070711
vn -0.064373 0.029260 -0.070711
vn -0.064709 0.028510 -0.070711
vn -0.066008 0.025358 -0.070711
vn -0.066326 0.024512 -0.070711
vn -0.067406 0.021365 -0.070711
vn -0.067697 0.020423 -0.070711
vn -0.068563 0.017295 -0.070711
vn -0.068816 0.016258 -0.070711
vn -0.069475 0.013164 -0.070711
vn -0.069679 0.012032 -0.070711
vn -0.070137 0.008985 -0.070711
vn -0.070283 0.007762 -0.070711
vn -0.070549 0.004775 -0.070711
vn -0.070626 0.003463 -0.070711
vn -0.070709 0.000547 -0.070711
vn -0.070706 -0.000850 -0.070711
vn -0.070615 -0.003682 -0.070711
vn -0.070522 -0.005158 -0.070711
vn -0.070268 -0.007899 -0.070711
vn -0.070077 -0.009448 -0.070711
vn -0.069670 -0.012087 -0.070711
vn -0.069370 -0.013703 -0.070711
vn -0.068822 -0.016232 -0.070711
vn -0.068406 -0.017906 -0.070711
vn -0.067728 -0.020319 -0.070711
vn -0.067187 -0.022043 -0.070711
vn -0.066392 -0.024333 -0.070711
vn -0.065718 -0.026098 -0.070711
vn -0.064818 -0.028260 -0.070711
vn -0.064005 -0.030056 -0.070711
vn -0.063012 -0.032086 -0.070711
vn -0.062053 -0.033902 -0.070711
vn -0.060980 -0.035797 -0.070711
vn -0.059871 -0.037622 -0.070711
vn -0.058730 -0.039379 -0.070711
vn -0.057466 -0.041202 -0.070711
vn -0.056270 -0.042821 -0.070711
vn -0.054848 -0.044629 -0.070711
vn -0.053609 -0.046110 -0.070711
vn -0.052025 -0.047890 -0.070711
vn -0.050755 -0.049233 -0.070711
vn -0.049008 -0.050972 -0.070711
vn -0.047720 -0.052181 -0.070711
vn -0.045810 -0.053865 -0.070711
vn -0.044514 -0.054941 -0.070711
vn -0.042441 -0.056558 -0.070711
vn -0.041149 -0.057505 -0.070711
vn -0.038914 -0.059040 -0.070711
vn -0.037636 -0.059863 -0.070711
vn -0.035242 -0.061302 -0.070711
vn -0.033988 -0.062006 -0.070711
vn -0.031439 -0.063337 -0.070711
vn -0.030219 -0.063928 -0.070711
vn -0.027520 -0.065136 -0.070711
vn -0.026342 -0.065621 -0.070711
vn -0.023497 -0.066692 -0.070711
vn -0.022371 -0.067079 -0.070711
vn -0.019388 -0.068001 -0.070711
vn -0.018319 -0.068297 -0.070711
vn -0.015206 -0.069056 -0.070711
vn -0.014202 -0.069270 -0.070711
vn -0.010968 -0.069855 -0.070711
vn -0.010034 -0.069995 -0.070711
vn -0.006689 -0.070394 -0.070711
vn -0.005830 -0.070470 -0.070711
vn -0.002385 -0.070670 -0.070711
vn -0.001605 -0.070692 -0.070711
vn 0.001928 -0.070684 -0.070711
vn 0.002626 -0.070662 -0.070711
vn 0.006233 -0.070435 -0.070711
vn 0.006847 -0.070378 -0.070711
vn 0.010516 -0.069924 -0.070711
vn 0.011044 -0.069843 -0.070711
vn 0.014759 -0.069153 -0.070711
vn 0.015201 -0.069058 -0.070711
vn 0.018947 -0.068125 -0.070711
vn 0.019303 -0.068025 -0.070711
vn 0.023065 -0.066843 -0.070711
vn 0.023337 -0.066749 -0.070711
vn 0.027097 -0.065313 -0.070711
vn 0.027287 -0.065234 -0.070711
vn 0.031029 -0.063539 -0.070711
vn 0.031139 -0.063485 -0.070711
vn 0.034845 -0.061529 -0.070711
vn 0.034880 -0.061509 -0.070711
vn 0.038496 -0.059313 -0.070711
vn 0.038531 -0.059291 -0.070711
vn 0.041975 -0.056905 -0.070711
vn 0.042074 -0.056831 -0.070711
vn 0.045303 -0.054292 -0.070711
vn 0.045460 -0.054161 -0.070711
vn 0.048469 -0.051486 -0.070711
vn 0.048678 -0.051288 -0.070711
vn 0.051461 -0.048495 -0.070711
vn 0.051714 -0.048225 -0.070711
vn 0.054269 -0.045331 -0.070711
vn 0.054558 -0.044983 -0.070711
vn 0.056883 -0.042004 -0.070711
vn 0.057198 -0.041573 -0.070711
vn 0.059293 -0.038527 -0.070711
vn 0.059626 -0.038009 -0.070711
vn 0.061491 -0.034912 -0.070711
vn 0.061833 -0.034303 -0.070711
vn 0.063469 -0.031172 -0.070711
vn 0.063809 -0.030470 -0.070711
vn 0.065219 -0.027321 -0.070711
vn 0.065548 -0.026523 -0.070711
vn 0.066737 -0.023372 -0.070711
vn 0.067043 -0.022478 -0.070711
vn 0.068015 -0.019339 -0.070711
vn 0.068289 -0.018349 -0.070711
vn 0.069050 -0.015236 -0.070711
vn 0.069280 -0.014151 -0.070711
vn 0.069837 -0.011080 -0.070711
vn 0.070014 -0.009901 -0.070711
vn 0.070375 -0.006883 -0.070711
vn 0.070487 -0.005615 -0.070711
vn 0.070661 -0.002662 -0.070711
vn 0.070699 -0.001307 -0.070711
vn 0.070693 0.001568 -0.070711
vn 0.070647 0.003005 -0.070711
vn 0.070473 0.005793 -0.070711
vn 0.070332 0.007307 -0.070711
vn 0.070000 0.009997 -0.070711
vn 0.069756 0.011581 -0.070711
vn 0.069277 0.014166 -0.070711
vn 0.068920 0.015812 -0.070711
vn 0.068306 0.018284 -0.070711
vn 0.067828 0.019984 -0.070711
vn 0.067090 0.022336 -0.070711
vn 0.066484 0.024082 -0.070711
vn 0.065634 0.026308 -0.070711
vn 0.064892 0.028090 -0.070711
vn 0.063944 0.030186 -0.070711
vn 0.063059 0.031994 -0.070711
vn 0.062024 0.033956 -0.070711
vn 0.060991 0.035779 -0.070711
vn 0.059882 0.037605 -0.070711
vn 0.058696 0.039431 -0.070711
vn 0.057526 0.041119 -0.070711
vn 0.056183 0.042936 -0.070711
vn 0.054964 0.044485 -0.070711
vn 0.053461 0.046281 -0.070711
vn 0.052205 0.047693 -0.070711
vn 0.050540 0.049454 -0.070711
vn 0.049260 0.050730 -0.070711
vn 0.047431 0.052443 -0.070711
vn 0.046138 0.053585 -0.070711
vn 0.044146 0.055237 -0.070711
vn 0.042850 0.056248 -0.070711
vn 0.040696 0.057826 -0.070711
vn 0.039410 0.058710 -0.070711
vn 0.037095 0.060199 -0.070711
vn 0.035828 0.060962 -0.070711
vn 0.033356 0.062349 -0.070711
vn 0.032118 0.062995 -0.070711
vn 0.029493 0.064266 -0.070711
vn 0.028293 0.064803 -0.070711
vn 0.025520 0.065945 -0.070711
vn 0.024367 0.066379 -0.070711
vn 0.021453 0.067378 -0.070711
vn 0.020354 0.067718 -0.070711
vn 0.017305 0.068560 -0.070711
vn 0.016268 0.068814 -0.070711
vn 0.013093 0.069488 -0.070711
vn 0.012123 0.069664 -0.070711
vn 0.008833 0.070157 -0.070711
vn 0.007935 0.070264 -0.070711
vn 0.004539 0.070565 -0.070711
vn 0.003719 0.070613 -0.070711
vn 0.000229 0.070710 -0.070711
vn -0.000511 0.070709 -0.070711
vn -0.004082 0.070593 -0.070711
vn -0.004738 0.070552 -0.070711
vn -0.008378 0.070213 -0.070711
vn -0.008949 0.070142 -0.070711
vn -0.012643 0.069571 -0.070711
vn -0.013128 0.069481 -0.070711
vn -0.016861 0.068671 -0.070711
vn -0.017260 0.068572 -0.070711
vn -0.021016 0.067515 -0.070711
vn -0.021330 0.067417 -0.070711
vn -0.025093 0.066109 -0.070711
vn -0.025323 0.066021 -0.070711
vn -0.029077 0.064456 -0.070711
vn -0.029226 0.064388 -0.070711
vn -0.032952 0.062563 -0.070711
vn 0.058455 -0.081136 0.000000
vn 0.058455 -0.081136 0.000000
vn 0.051909 -0.085472 0.000000
vn 0.051909 -0.085472 0.000000
vn 0.045042 -0.089281 0.000000
vn 0.045042 -0.089281 0.000000
vn 0.037899 -0.092540 -0.000000
vn 0.037899 -0.092540 -0.000000
vn 0.030521 -0.095228 -0.000000
vn 0.030521 -0.095228 -0.000000
vn 0.022956 -0.097330 -0.000000
vn 0.022956 -0.097330 -0.000000
vn 0.015248 -0.098831 -0.000000
vn 0.015248 -0.098831 -0.000000
vn 0.007447 -0.099722 -0.000000
vn 0.007447 -0.099722 -0.000000
vn -0.000400 -0.099999 -0.000000
vn -0.000400 -0.099999 -0.000000
vn -0.008244 -0.099660 -0.000000
vn -0.008244 -0.099660 -0.000000
vn -0.016038 -0.098705 -0.000000
vn -0.016038 -0.098705 -0.000000
vn -0.023733 -0.097143 -0.000000
vn -0.023733 -0.097143 -0.000000
vn -0.031282 -0.094981 -0.000000
vn -0.031282 -0.094981 -0.000000
vn -0.038637 -0.092234 -0.000000
vn -0.038637 -0.092234 -0.000000
vn -0.045755 -0.088918 -0.000000
vn -0.045755 -0.088918 -0.000000
vn -0.052590 -0.085054 -0.000000
vn -0.052590 -0.085054 -0.000000
vn -0.059102 -0.080666 -0.000000
vn -0.059102 -0.080666 -0.000000
vn -0.065248 -0.075780 -0.000000
vn -0.065248 -0.075780 -0.000000
vn -0.070993 -0.070427 -0.000000
vn -0.070993 -0.070427 -0.000000
vn -0.076300 -0.064640 -0.000000
vn -0.076300 -0.064640 -0.000000
vn -0.081136 -0.058455 -0.000000
vn -0.081136 -0.058455 -0.000000
vn -0.085472 -0.051909 -0.000000
vn -0.085472 -0.051909 -0.000000
vn -0.089281 -0.045042 -0.000000
vn -0.089281 -0.045042 -0.000000
vn -0.092540 -0.037899 -0.000000
vn -0.092540 -0.037899 -0.000000
vn -0.095228 -0.030521 -0.000000
vn -0.095228 -0.030521 -0.000000
vn -0.097330 -0.022956 -0.000000
vn -0.097330 -0.022956 -0.000000
vn -0.098831 -0.015248 -0.000000
vn -0.098831 -0.015248 -0.000000
vn -0.099722 -0.007447 -0.000000
vn -0.099722 -0.007447 -0.000000
vn -0.099999 0.000400 -0.000000
vn -0.099999 0.000400 -0.000000
vn -0.099660 0.008244 -0.000000
vn -0.099660 0.008244 -0.000000
vn -0.098705 0.016038 -0.000000
vn -0.098705 0.016038 -0.000000
vn -0.097143 0.023733 -0.000000
vn -0.097143 0.023733 -0.000000
vn -0.094981 0.031282 -0.000000
vn -0.094981 0.031282 -0.000000
vn -0.092234 0.038637 -0.000000
vn -0.092234 0.038637 -0.000000
vn -0.088918 0.045755 -0.000000
vn -0.088918 0.045755 -0.000000
vn -0.085054 0.052590 -0.000000
vn -0.085054 0.052590 -0.000000
vn -0.080666 0.059102 -0.000000
vn -0.080666 0.059102 -0.000000
vn -0.075780 0.065248 -0.000000
vn -0.075780 0.065248 -0.000000
vn -0.070427 0.070993 -0.000000
vn -0.070427 0.070993 -0.000000
vn -0.064640 0.076300 -0.000000
vn -0.064640 0.076300 -0.000000
vn -0.058455 0.081136 -0.000000
vn -0.058455 0.081136 -0.000000
vn -0.051909 0.085472 -0.000000
vn -0.051909 0.085472 -0.000000
vn -0.045042 0.089281 -0.000000
vn -0.045042 0.089281 -0.000000
vn -0.037899 0.092540 0.000000
vn -0.037899 0.092540 0.000000
vn -0.030521 0.095228 0.000000
vn -0.030521 0.095228 0.000000
vn -0.022956 0.097330 0.000000
vn -0.022956 0.097330 0.000000
vn -0.015248 0.098831 0.000000
vn -0.015248 0.098831 0.000000
vn -0.007447 0.099722 0.000000
vn -0.007447 0.099722 0.000000
vn 0.000400 0.099999 0.000000
vn 0.000400 0.099999 0.000000
vn 0.008244 0.099660 0.000000
vn 0.008244 0.099660 0.000000
vn 0.016038 0.098705 0.000000
vn 0.016038 0.098705 0.000000
vn 0.023733 0.097143 0.000000
vn 0.023733 0.097143 0.000000
vn 0.031282 0.094981 0.000000
vn 0.031282 0.094981 0.000000
vn 0.038637 0.092234 0.000000
vn 0.038637 0.092234 0.000000
vn 0.045755 0.088918 0.000000
vn 0.045755 0.088918 0.000000
vn 0.052590 0.085054 0.000000
vn 0.052590 0.085054 0.000000
vn 0.059102 0.080666 0.000000
vn 0.059102 0.080666 0.000000
vn 0.065248 0.075780 0.000000
vn 0.065248 0.075780 0.000000
vn 0.070993 0.070427 0.000000
vn 0.070993 0.070427 0.000000
vn 0.076300 0.064640 0.000000
vn 0.076300 0.064640 0.000000
vn 0.081136 0.058455 0.000000
vn 0.081136 0.058455 0.000000
vn 0.085472 0.051909 0.000000
vn 0.085472 0.051909 0.000000
vn 0.089281 0.045042 0.000000
vn 0.089281 0.045042 0.000000
vn 0.092540 0.037899 0.000000
vn 0.092540 0.037899 0.000000
vn 0.095228 0.030521 0.000000
vn 0.095228 0.030521 0.000000
vn 0.097330 0.022956 0.000000
vn 0.097330 0.022956 0.000000
vn 0.098831 0.015248 0.000000
vn 0.098831 0.015248 0.000000
vn 0.099722 0.007447 0.000000
vn 0.099722 0.007447 0.000000
vn 0.099999 -0.000400 0.000000
vn 0.099999 -0.000400 0.000000
vn 0.099660 -0.008244 0.000000
vn 0.099660 -0.008244 0.000000
vn 0.098705 -0.016038 0.000000
vn 0.098705 -0.016038 0.000000
vn 0.097143 -0.023733 0.000000
vn 0.097143 -0.023733 0.000000
vn 0.094981 -0.031282 0.000000
vn 0.094981 -0.031282 0.000000
vn 0.092234 -0.038637 0.000000
vn 0.092234 -0.038637 0.000000
vn 0.088918 -0.045755 0.000000
vn 0.088918 -0.045755 0.000000
vn 0.085054 -0.052590 0.000000
vn 0.085054 -0.052590 0.000000
vn 0.080666 -0.059102 0.000000
vn 0.080666 -0.059102 0.000000
vn 0.075780 -0.065248 0.000000
vn 0.075780 -0.065248 0.000000
vn 0.070427 -0.070993 0.000000
vn 0.070427 -0.070993 0.000000
vn 0.064640 -0.076300 0.000000
vn 0.064640 -0.076300 0.000000
usemtl Opaque(160,160,160)
f 80/1/1 1/2/2 81/3/3
f 81/3/3 1/2/2 2/4/4
f 81/3/3 2/4/4 140/5/5
f 140/5/5 2/4/4 3/6/6
f 140/5/5 3/6/6 193/7/7
f 193/7/7 3/6/6 192/8/8
f 192/8/8 3/6/6 4/9/9
f 192/8/8 4/9/9 191/10/10
f 191/10/10 4/9/9 5/11/11
f 191/10/10 5/11/11 190/12/12
f 190/12/12 5/11/11 6/13/13
f 190/12/12 6/13/13 189/14/14
f 189/14/14 6/13/13 7/15/15
f 189/14/14 7/15/15 212/16/16
f 212/16/16 7/15/15 211/17/17
f 211/17/17 7/15/15 8/18/18
f 211/17/17 8/18/18 210/19/19
f 210/19/19 8/18/18 9/20/20
f 210/19/19 9/20/20 209/21/21
f 209/21/21 9/20/20 208/22/22
f 208/22/22 9/20/20 10/23/23
f 208/22/22 10/23/23 207/24/24
f 207/24/24 10/23/23 11/25/25
f 207/24/24 11/25/25 206/26/26
f 206/26/26 11/25/25 12/27/27
f 206/26/26 12/27/27 205/28/28
f 205/28/28 12/27/27 13/29/29
f 205/28/28 13/29/29 132/30/30
f 132/30/30 13/29/29 14/31/31
f 132/30/30 14/31/31 131/32/32
f 131/32/32 14/31/31 15/33/33
f 131/32/32 15/33/33 130/34/34
f 130/34/34 15/33/33 16/35/35
f 130/34/34 16/35/35 226/36/36
f 226/36/36 16/35/35 225/37/37
f 225/37/37 16/35/35 17/38/38
f 225/37/37 17/38/38 224/39/39
f 224/39/39 17/38/38 18/40/40
f 224/39/39 18/40/40 223/41/41
f 223/41/41 18/40/40 19/42/42
f 223/41/41 19/42/42 222/43/43
f 222/43/43 19/42/42 20/44/44
f 222/43/43 20/44/44 221/45/45
f 221/45/45 20/44/44 220/46/46
f 220/46/46 20/44/44 21/47/47
f 220/46/46 21/47/47 219/48/48
f 219/48/48 21/47/47 218/49/49
f 218/49/49 21/47/47 22/50/50
f 218/49/49 22/50/50 217/51/51
f 217/51/51 22/50/50 23/52/52
f 217/51/51 23/52/52 216/53/53
f 216/53/53 23/52/52 24/54/54
f 216/53/53 24/54/54 215/55/55
f 215/55/55 24/54/54 214/56/56
f 214/56/56 24/54/54 25/57/57
f 214/56/56 25/57/57 213/58/58
f 213/58/58 25/57/57 26/59/59
f 213/58/58 26/59/59 122/60/60
f 122/60/60 26/59/59 27/61/61
f 122/60/60 27/61/61 121/62/62
f 121/62/62 27/61/61 28/63/63
f 121/62/62 28/63/63 120/64/64
f 120/64/64 28/63/63 29/65/65
f 120/64/64 29/65/65 185/66/66
f 185/66/66 29/65/65 30/67/67
f 185/66/66 30/67/67 184/68/68
f 184/68/68 30/67/67 31/69/69
f 184/68/68 31/69/69 183/70/70
f 183/70/70 31/69/69 32/71/71
f 183/70/70 32/71/71 182/72/72
f 182/72/72 32/71/71 33/73/73
f 182/72/72 33/73/73 181/74/74
f 181/74/74 33/73/73 180/75/75
f 180/75/75 33/73/73 34/76/76
f 180/75/75 34/76/76 179/77/77
f 179/77/77 34/76/76 35/78/78
f 179/77/77 35/78/78 178/79/79
f 178/79/79 35/78/78 177/80/80
f 177/80/80 35/78/78 36/81/81
f 177/80/80 36/81/81 176/82/82
f 176/82/82 36/81/81 37/83/83
f 176/82/82 37/83/83 175/84/84
f 175/84/84 37/83/83 38/85/85
f 175/84/84 38/85/85 174/86/86
f 174/86/86 38/85/85 39/87/87
f 174/86/86 39/87/87 173/88/88
f 173/88/88 39/87/87 112/89/89
f 173/88/88 112/89/89 172/90/90
f 172/90/90 112/89/89 113/91/91
f 172/90/90 113/91/91 171/92/92
f 171/92/92 113/91/91 114/93/93
f 171/92/92 114/93/93 170/94/94
f 170/94/94 114/93/93 169/95/95
f 169/95/95 114/93/93 115/96/96
f 169/95/95 115/96/96 168/97/97
f 168/97/97 115/96/96 116/98/98
f 168/97/97 116/98/98 167/99/99
f 167/99/99 116/98/98 166/100/100
f 166/100/100 116/98/98 117/101/101
f 166/100/100 117/101/101 165/102/102
f 165/102/102 117/101/101 118/103/103
f 165/102/102 118/103/103 188/104/104
f 188/104/104 118/103/103 187/105/105
f 187/105/105 118/103/103 119/106/106
f 187/105/105 119/106/106 186/107/107
f 186/107/107 119/106/106 120/64/64
f 186/107/107 120/64/64 185/66/66
f 39/87/87 40/108/108 112/89/89
f 112/89/89 40/108/108 111/109/109
f 111/109/109 40/108/108 41/110/110
f 111/109/109 41/110/110 42/111/111
f 43/112/112 267/113/113 42/111/111
f 42/111/111 267/113/113 268/114/114
f 42/111/111 268/114/114 110/115/115
f 110/115/115 268/114/114 109/116/116
f 109/116/116 268/114/114 269/117/117
f 109/116/116 269/117/117 108/118/118
f 108/118/118 269/117/117 270/119/119
f 108/118/118 270/119/119 271/120/120
f 43/112/112 44/121/121 267/113/113
f 267/113/113 44/121/121 266/122/122
f 266/122/122 44/121/121 265/123/123
f 265/123/123 44/121/121 45/124/124
f 265/123/123 45/124/124 264/125/125
f 264/125/125 45/124/124 46/126/126
f 264/125/125 46/126/126 263/127/127
f 263/127/127 46/126/126 47/128/128
f 263/127/127 47/128/128 287/129/129
f 287/129/129 47/128/128 286/130/130
f 286/130/130 47/128/128 48/131/131
f 286/130/130 48/131/131 285/132/132
f 285/132/132 48/131/131 49/133/133
f 285/132/132 49/133/133 284/134/134
f 284/134/134 49/133/133 283/135/135
f 283/135/135 49/133/133 50/136/136
f 283/135/135 50/136/136 282/137/137
f 282/137/137 50/136/136 51/138/138
f 282/137/137 51/138/138 281/139/139
f 281/139/139 51/138/138 52/140/140
f 281/139/139 52/140/140 280/141/141
f 280/141/141 52/140/140 53/142/142
f 280/141/141 53/142/142 279/143/143
f 279/143/143 53/142/142 102/144/144
f 279/143/143 102/144/144 103/145/145
f 53/142/142 54/146/146 102/144/144
f 102/144/144 54/146/146 101/147/147
f 101/147/147 54/146/146 55/148/148
f 101/147/147 55/148/148 100/149/149
f 100/149/149 55/148/148 56/150/150
f 100/149/149 56/150/150 153/151/151
f 153/151/151 56/150/150 57/152/152
f 153/151/151 57/152/152 152/153/153
f 152/153/153 57/152/152 58/154/154
f 152/153/153 58/154/154 151/155/155
f 151/155/155 58/154/154 59/156/156
f 151/155/155 59/156/156 150/157/157
f 150/157/157 59/156/156 149/158/158
f 149/158/158 59/156/156 60/159/159
f 149/158/158 60/159/159 148/160/160
f 148/160/160 60/159/159 61/161/161
f 148/160/160 61/161/161 147/162/162
f 147/162/162 61/161/161 146/163/163
f 146/163/163 61/161/161 62/164/164
f 146/163/163 62/164/164 145/165/165
f 145/165/165 62/164/164 63/166/166
f 145/165/165 63/166/166 144/167/167
f 144/167/167 63/166/166 143/168/168
f 143/168/168 63/166/166 64/169/169
f 143/168/168 64/169/169 142/170/170
f 142/170/170 64/169/169 65/171/171
f 142/170/170 65/171/171 141/172/172
f 141/172/172 65/171/171 66/173/173
f 141/172/172 66/173/173 92/174/174
f 92/174/174 66/173/173 67/175/175
f 92/174/174 67/175/175 91/176/176
f 91/176/176 67/175/175 68/177/177
f 91/176/176 68/177/177 90/178/178
f 90/178/178 68/177/177 69/179/179
f 90/178/178 69/179/179 259/180/180
f 259/180/180 69/179/179 70/181/181
f 259/180/180 70/181/181 258/182/182
f 258/182/182 70/181/181 71/183/183
f 258/182/182 71/183/183 257/184/184
f 257/184/184 71/183/183 72/185/185
f 257/184/184 72/185/185 256/186/186
f 256/186/186 72/185/185 255/187/187
f 255/187/187 72/185/185 73/188/188
f 255/187/187 73/188/188 254/189/189
f 254/189/189 73/188/188 74/190/190
f 254/189/189 74/190/190 253/191/191
f 253/191/191 74/190/190 252/192/192
f 252/192/192 74/190/190 75/193/193
f 252/192/192 75/193/193 251/194/194
f 251/194/194 75/193/193 76/195/195
f 251/194/194 76/195/195 250/196/196
f 250/196/196 76/195/195 249/197/197
f 249/197/197 76/195/195 77/198/198
f 249/197/197 77/198/198 248/199/199
f 248/199/199 77/198/198 78/200/200
f 248/199/199 78/200/200 247/201/201
f 247/201/201 78/200/200 79/202/202
f 247/201/201 79/202/202 246/203/203
f 246/203/203 79/202/202 80/1/1
f 246/203/203 80/1/1 82/204/204
f 82/204/204 80/1/1 81/3/3
f 246/203/203 82/204/204 245/205/205
f 245/205/205 82/204/204 83/206/206
f 245/205/205 83/206/206 244/207/207
f 244/207/207 83/206/206 84/208/208
f 244/207/207 84/208/208 243/209/209
f 243/209/209 84/208/208 85/210/210
f 243/209/209 85/210/210 242/211/211
f 242/211/211 85/210/210 241/212/212
f 241/212/212 85/210/210 86/213/213
f 241/212/212 86/213/213 240/214/214
f 240/214/214 86/213/213 239/215/215
f 239/215/215 86/213/213 87/216/216
f 239/215/215 87/216/216 238/217/217
f 238/217/217 87/216/216 88/218/218
f 238/217/217 88/218/218 262/219/219
f 262/219/219 88/218/218 261/220/220
f 261/220/220 88/218/218 89/221/221
f 261/220/220 89/221/221 260/222/222
f 260/222/222 89/221/221 90/178/178
f 260/222/222 90/178/178 259/180/180
f 141/172/172 92/174/174 164/223/223
f 164/223/223 92/174/174 93/224/224
f 164/223/223 93/224/224 163/225/225
f 163/225/225 93/224/224 94/226/226
f 163/225/225 94/226/226 162/227/227
f 162/227/227 94/226/226 161/228/228
f 161/228/228 94/226/226 95/229/229
f 161/228/228 95/229/229 160/230/230
f 160/230/230 95/229/229 96/231/231
f 160/230/230 96/231/231 159/232/232
f 159/232/232 96/231/231 158/233/233
f 158/233/233 96/231/231 97/234/234
f 158/233/233 97/234/234 157/235/235
f 157/235/235 97/234/234 98/236/236
f 157/235/235 98/236/236 156/237/237
f 156/237/237 98/236/236 155/238/238
f 155/238/238 98/236/236 99/239/239
f 155/238/238 99/239/239 154/240/240
f 154/240/240 99/239/239 100/149/149
f 154/240/240 100/149/149 153/151/151
f 104/241/241 277/242/242 103/145/145
f 103/145/145 277/242/242 278/243/243
f 103/145/145 278/243/243 279/143/143
f 277/242/242 104/241/241 276/244/244
f 276/244/244 104/241/241 105/245/245
f 276/244/244 105/245/245 275/246/246
f 275/246/246 105/245/245 274/247/247
f 274/247/247 105/245/245 106/248/248
f 274/247/247 106/248/248 273/249/249
f 273/249/249 106/248/248 107/250/250
f 273/249/249 107/250/250 272/251/251
f 272/251/251 107/250/250 271/120/120
f 271/120/120 107/250/250 108/118/118
f 110/115/115 111/109/109 42/111/111
f 213/58/58 122/60/60 237/252/252
f 237/252/252 122/60/60 123/253/253
f 237/252/252 123/253/253 236/254/254
f 236/254/254 123/253/253 124/255/255
f 236/254/254 124/255/255 235/256/256
f 235/256/256 124/255/255 234/257/257
f 234/257/257 124/255/255 125/258/258
f 234/257/257 125/258/258 233/259/259
f 233/259/259 125/258/258 126/260/260
f 233/259/259 126/260/260 232/261/261
f 232/261/261 126/260/260 231/262/262
f 231/262/262 126/260/260 127/263/263
f 231/262/262 127/263/263 230/264/264
f 230/264/264 127/263/263 229/265/265
f 229/265/265 127/263/263 128/266/266
f 229/265/265 128/266/266 228/267/267
f 228/267/267 128/266/266 129/268/268
f 228/267/267 129/268/268 227/269/269
f 227/269/269 129/268/268 130/34/34
f 227/269/269 130/34/34 226/36/36
f 205/28/28 132/30/30 204/270/270
f 204/270/270 132/30/30 133/271/271
f 204/270/270 133/271/271 203/272/272
f 203/272/272 133/271/271 134/273/273
f 203/272/272 134/273/273 202/274/274
f 202/274/274 134/273/273 201/275/275
f 201/275/275 134/273/273 135/276/276
f 201/275/275 135/276/276 200/277/277
f 200/277/277 135/276/276 136/278/278
f 200/277/277 136/278/278 199/279/279
f 199/279/279 136/278/278 198/280/280
f 198/280/280 136/278/278 137/281/281
f 198/280/280 137/281/281 197/282/282
f 197/282/282 137/281/281 138/283/283
f 197/282/282 138/283/283 196/284/284
f 196/284/284 138/283/283 195/285/285
f 195/285/285 138/283/283 139/286/286
f 195/285/285 139/286/286 194/287/287
f 194/287/287 139/286/286 140/5/5
f 194/287/287 140/5/5 193/7/7
f 289/288/288 660/289/289 288/290/290
f 288/290/290 660/289/289 661/291/291
f 288/290/290 661/291/291 662/292/292
f 290/293/293 657/294/294 289/288/288
f 289/288/288 657/294/294 658/295/295
f 289/288/288 658/295/295 659/296/296
f 291/297/297 655/298/298 290/293/293
f 290/293/293 655/298/298 656/299/299
f 290/293/293 656/299/299 657/294/294
f 292/300/300 653/301/301 291/297/297
f 291/297/297 653/301/301 654/302/302
f 291/297/297 654/302/302 655/298/298
f 293/303/303 703/304/304 292/300/300
f 292/300/300 703/304/304 652/305/305
f 292/300/300 652/305/305 653/301/301
f 294/306/306 701/307/307 293/303/303
f 293/303/303 701/307/307 702/308/308
f 293/303/303 702/308/308 703/304/304
f 295/309/309 699/310/310 294/306/306
f 294/306/306 699/310/310 700/311/311
f 294/306/306 700/311/311 701/307/307
f 296/312/312 697/313/313 295/309/309
f 295/309/309 697/313/313 698/314/314
f 295/309/309 698/314/314 699/310/310
f 297/315/315 694/316/316 296/312/312
f 296/312/312 694/316/316 695/317/317
f 296/312/312 695/317/317 696/318/318
f 298/319/319 692/320/320 297/315/315
f 297/315/315 692/320/320 693/321/321
f 297/315/315 693/321/321 694/316/316
f 299/322/322 689/323/323 298/319/319
f 298/319/319 689/323/323 690/324/324
f 298/319/319 690/324/324 691/325/325
f 300/326/326 687/327/327 299/322/322
f 299/322/322 687/327/327 688/328/328
f 299/322/322 688/328/328 689/323/323
f 301/329/329 685/330/330 300/326/326
f 300/326/326 685/330/330 686/331/331
f 300/326/326 686/331/331 687/327/327
f 302/332/332 735/333/333 301/329/329
f 301/329/329 735/333/333 736/334/334
f 301/329/329 736/334/334 685/330/330
f 685/330/330 736/334/334 684/335/335
f 684/335/335 736/334/334 737/336/336
f 684/335/335 737/336/336 683/337/337
f 683/337/337 737/336/336 738/338/338
f 683/337/337 738/338/338 682/339/339
f 682/339/339 738/338/338 739/340/340
f 682/339/339 739/340/340 681/341/341
f 681/341/341 739/340/340 740/342/342
f 681/341/341 740/342/342 853/343/343
f 853/343/343 740/342/342 741/344/344
f 853/343/343 741/344/344 852/345/345
f 852/345/345 741/344/344 742/346/346
f 852/345/345 742/346/346 851/347/347
f 851/347/347 742/346/346 743/348/348
f 851/347/347 743/348/348 744/349/349
f 303/350/350 733/351/351 302/332/332
f 302/332/332 733/351/351 734/352/352
f 302/332/332 734/352/352 735/333/333
f 304/353/353 731/354/354 303/350/350
f 303/350/350 731/354/354 732/355/355
f 303/350/350 732/355/355 733/351/351
f 305/356/356 729/357/357 304/353/353
f 304/353/353 729/357/357 730/358/358
f 304/353/353 730/358/358 731/354/354
f 306/359/359 726/360/360 305/356/356
f 305/356/356 726/360/360 727/361/361
f 305/356/356 727/361/361 728/362/362
f 307/363/363 724/364/364 306/359/359
f 306/359/359 724/364/364 725/365/365
f 306/359/359 725/365/365 726/360/360
f 308/366/366 721/367/367 307/363/363
f 307/363/363 721/367/367 722/368/368
f 307/363/363 722/368/368 723/369/369
f 309/370/370 719/371/371 308/366/366
f 308/366/366 719/371/371 720/372/372
f 308/366/366 720/372/372 721/367/367
f 310/373/373 805/374/374 309/370/370
f 309/370/370 805/374/374 718/375/375
f 309/370/370 718/375/375 719/371/371
f 805/374/374 310/373/373 804/376/376
f 804/376/376 310/373/373 311/377/377
f 804/376/376 311/377/377 803/378/378
f 803/378/378 311/377/377 802/379/379
f 802/379/379 311/377/377 801/380/380
f 801/380/380 311/377/377 312/381/381
f 801/380/380 312/381/381 800/382/382
f 800/382/382 312/381/381 799/383/383
f 799/383/383 312/381/381 313/384/384
f 799/383/383 313/384/384 798/385/385
f 798/385/385 313/384/384 797/386/386
f 797/386/386 313/384/384 314/387/387
f 797/386/386 314/387/387 796/388/388
f 796/388/388 314/387/387 795/389/389
f 795/389/389 314/387/387 794/390/390
f 794/390/390 314/387/387 315/391/391
f 794/390/390 315/391/391 793/392/392
f 793/392/392 315/391/391 792/393/393
f 792/393/393 315/391/391 316/394/394
f 792/393/393 316/394/394 791/395/395
f 791/395/395 316/394/394 790/396/396
f 790/396/396 316/394/394 789/397/397
f 789/397/397 316/394/394 317/398/398
f 789/397/397 317/398/398 788/399/399
f 788/399/399 317/398/398 318/400/400
f 788/399/399 318/400/400 787/401/401
f 787/401/401 318/400/400 766/402/402
f 787/401/401 766/402/402 767/403/403
f 318/400/400 319/404/404 766/402/402
f 766/402/402 319/404/404 765/405/405
f 765/405/405 319/404/404 764/406/406
f 764/406/406 319/404/404 320/407/407
f 764/406/406 320/407/407 763/408/408
f 763/408/408 320/407/407 762/409/409
f 762/409/409 320/407/407 321/410/410
f 762/409/409 321/410/410 761/411/411
f 761/411/411 321/410/410 760/412/412
f 760/412/412 321/410/410 759/413/413
f 759/413/413 321/410/410 322/414/414
f 759/413/413 322/414/414 758/415/415
f 758/415/415 322/414/414 757/416/416
f 757/416/416 322/414/414 323/417/417
f 757/416/416 323/417/417 756/418/418
f 756/418/418 323/417/417 755/419/419
f 755/419/419 323/417/417 754/420/420
f 754/420/420 323/417/417 324/421/421
f 754/420/420 324/421/421 753/422/422
f 753/422/422 324/421/421 752/423/423
f 752/423/423 324/421/421 325/424/424
f 752/423/423 325/424/424 751/425/425
f 751/425/425 325/424/424 786/426/426
f 786/426/426 325/424/424 326/427/427
f 786/426/426 326/427/427 785/428/428
f 785/428/428 326/427/427 784/429/429
f 784/429/429 326/427/427 327/430/430
f 784/429/429 327/430/430 403/431/431
f 403/431/431 327/430/430 402/432/432
f 402/432/432 327/430/430 328/433/433
f 402/432/432 328/433/433 401/434/434
f 401/434/434 328/433/433 400/435/435
f 400/435/435 328/433/433 329/436/436
f 400/435/435 329/436/436 399/437/437
f 399/437/437 329/436/436 398/438/438
f 398/438/438 329/436/436 397/439/439
f 397/439/439 329/436/436 330/440/440
f 397/439/439 330/440/440 396/441/441
f 396/441/441 330/440/440 395/442/442
f 395/442/442 330/440/440 331/443/443
f 395/442/442 331/443/443 394/444/444
f 394/444/444 331/443/443 393/445/445
f 393/445/445 331/443/443 332/446/446
f 393/445/445 332/446/446 392/447/447
f 392/447/447 332/446/446 391/448/448
f 391/448/448 332/446/446 426/449/449
f 426/449/449 332/446/446 333/450/450
f 426/449/449 333/450/450 425/451/451
f 425/451/451 333/450/450 424/452/452
f 424/452/452 333/450/450 334/453/453
f 424/452/452 334/453/453 423/454/454
f 423/454/454 334/453/453 422/455/455
f 422/455/455 334/453/453 335/456/456
f 422/455/455 335/456/456 421/457/457
f 421/457/457 335/456/456 436/458/458
f 421/457/457 436/458/458 437/459/459
f 335/456/456 336/460/460 436/458/458
f 436/458/458 336/460/460 435/461/461
f 435/461/461 336/460/460 434/462/462
f 434/462/462 336/460/460 337/463/463
f 434/462/462 337/463/463 433/464/464
f 433/464/464 337/463/463 432/465/465
f 432/465/465 337/463/463 338/466/466
f 432/465/465 338/466/466 431/467/467
f 431/467/467 338/466/466 430/468/468
f 430/468/468 338/466/466 429/469/469
f 429/469/469 338/466/466 339/470/470
f 429/469/469 339/470/470 428/471/471
f 428/471/471 339/470/470 427/472/472
f 427/472/472 339/470/470 340/473/473
f 427/472/472 340/473/473 462/474/474
f 462/474/474 340/473/473 461/475/475
f 461/475/475 340/473/473 341/476/476
f 461/475/475 341/476/476 460/477/477
f 460/477/477 341/476/476 459/478/478
f 459/478/478 341/476/476 458/479/479
f 458/479/479 341/476/476 342/480/480
f 458/479/479 342/480/480 457/481/481
f 457/481/481 342/480/480 456/482/482
f 456/482/482 342/480/480 343/483/483
f 456/482/482 343/483/483 455/484/484
f 455/484/484 343/483/483 454/485/485
f 454/485/485 343/483/483 344/486/486
f 454/485/485 344/486/486 469/487/487
f 469/487/487 344/486/486 468/488/488
f 468/488/488 344/486/486 345/489/489
f 468/488/488 345/489/489 467/490/490
f 467/490/490 345/489/489 466/491/491
f 466/491/491 345/489/489 346/492/492
f 466/491/491 346/492/492 465/493/493
f 465/493/493 346/492/492 464/494/494
f 464/494/494 346/492/492 347/495/495
f 464/494/494 347/495/495 463/496/496
f 463/496/496 347/495/495 498/497/497
f 498/497/497 347/495/495 497/498/498
f 497/498/498 347/495/495 348/499/499
f 497/498/498 348/499/499 496/500/500
f 496/500/500 348/499/499 495/501/501
f 495/501/501 348/499/499 349/502/502
f 495/501/501 349/502/502 494/503/503
f 494/503/503 349/502/502 493/504/504
f 493/504/504 349/502/502 350/505/505
f 493/504/504 350/505/505 492/506/506
f 492/506/506 350/505/505 491/507/507
f 491/507/507 350/505/505 490/508/508
f 490/508/508 350/505/505 351/509/509
f 490/508/508 351/509/509 489/510/510
f 489/510/510 351/509/509 488/511/511
f 488/511/511 351/509/509 352/512/512
f 488/511/511 352/512/512 487/513/513
f 487/513/513 352/512/512 502/514/514
f 487/513/513 502/514/514 486/515/515
f 486/515/515 502/514/514 503/516/516
f 486/515/515 503/516/516 485/517/517
f 485/517/517 503/516/516 504/518/518
f 485/517/517 504/518/518 484/519/519
f 484/519/519 504/518/518 505/520/520
f 484/519/519 505/520/520 483/521/521
f 483/521/521 505/520/520 506/522/522
f 483/521/521 506/522/522 893/523/523
f 893/523/523 506/522/522 507/524/524
f 893/523/523 507/524/524 892/525/525
f 892/525/525 507/524/524 508/526/526
f 892/525/525 508/526/526 891/527/527
f 891/527/527 508/526/526 509/528/528
f 891/527/527 509/528/528 510/529/529
f 352/512/512 353/530/530 502/514/514
f 502/514/514 353/530/530 501/531/531
f 501/531/531 353/530/530 500/532/532
f 500/532/532 353/530/530 354/533/533
f 500/532/532 354/533/533 499/534/534
f 499/534/534 354/533/533 534/535/535
f 534/535/535 354/533/533 355/536/536
f 534/535/535 355/536/536 533/537/537
f 533/537/537 355/536/536 532/538/538
f 532/538/538 355/536/536 356/539/539
f 532/538/538 356/539/539 531/540/540
f 531/540/540 356/539/539 530/541/541
f 530/541/541 356/539/539 529/542/542
f 529/542/542 356/539/539 357/543/543
f 529/542/542 357/543/543 528/544/544
f 528/544/544 357/543/543 527/545/545
f 527/545/545 357/543/543 358/546/546
f 527/545/545 358/546/546 526/547/547
f 526/547/547 358/546/546 525/548/548
f 525/548/548 358/546/546 524/549/549
f 524/549/549 358/546/546 359/550/550
f 524/549/549 359/550/550 523/551/551
f 523/551/551 359/550/550 522/552/552
f 522/552/552 359/550/550 360/553/553
f 522/552/552 360/553/553 521/554/554
f 521/554/554 360/553/553 520/555/555
f 520/555/555 360/553/553 361/556/556
f 520/555/555 361/556/556 535/557/557
f 535/557/557 361/556/556 570/558/558
f 570/558/558 361/556/556 362/559/559
f 570/558/558 362/559/559 569/560/560
f 569/560/560 362/559/559 363/561/561
f 569/560/560 363/561/561 568/562/562
f 568/562/562 363/561/561 567/563/563
f 567/563/563 363/561/561 566/564/564
f 566/564/564 363/561/561 364/565/565
f 566/564/564 364/565/565 565/566/566
f 565/566/566 364/565/565 564/567/567
f 564/567/567 364/565/565 365/568/568
f 564/567/567 365/568/568 563/569/569
f 563/569/569 365/568/568 562/570/570
f 562/570/570 365/568/568 561/571/571
f 561/571/571 365/568/568 366/572/572
f 561/571/571 366/572/572 560/573/573
f 560/573/573 366/572/572 559/574/574
f 559/574/574 366/572/572 367/575/575
f 559/574/574 367/575/575 558/576/576
f 558/576/576 367/575/575 557/577/577
f 557/577/577 367/575/575 368/578/578
f 557/577/577 368/578/578 556/579/579
f 556/579/579 368/578/578 555/580/580
f 555/580/580 368/578/578 554/581/581
f 554/581/581 368/578/578 369/582/582
f 554/581/581 369/582/582 553/583/583
f 553/583/583 369/582/582 370/584/584
f 553/583/583 370/584/584 604/585/585
f 604/585/585 370/584/584 603/586/586
f 603/586/586 370/584/584 371/587/587
f 603/586/586 371/587/587 602/588/588
f 602/588/588 371/587/587 601/589/589
f 601/589/589 371/587/587 372/590/590
f 601/589/589 372/590/590 600/591/591
f 600/591/591 372/590/590 599/592/592
f 599/592/592 372/590/590 598/593/593
f 598/593/593 372/590/590 373/594/594
f 598/593/593 373/594/594 597/595/595
f 597/595/595 373/594/594 596/596/596
f 596/596/596 373/594/594 374/597/597
f 596/596/596 374/597/597 595/598/598
f 595/598/598 374/597/597 594/599/599
f 594/599/599 374/597/597 593/600/600
f 593/600/600 374/597/597 375/601/601
f 593/600/600 375/601/601 592/602/602
f 592/602/602 375/601/601 591/603/603
f 591/603/603 375/601/601 376/604/604
f 591/603/603 376/604/604 590/605/605
f 590/605/605 376/604/604 589/606/606
f 589/606/606 376/604/604 377/607/607
f 589/606/606 377/607/607 588/608/608
f 588/608/608 377/607/607 587/609/609
f 587/609/609 377/607/607 378/610/610
f 587/609/609 378/610/610 586/611/611
f 586/611/611 378/610/610 637/612/612
f 586/611/611 637/612/612 638/613/613
f 378/610/610 379/614/614 637/612/612
f 637/612/612 379/614/614 636/615/615
f 636/615/615 379/614/614 635/616/616
f 635/616/616 379/614/614 380/617/617
f 635/616/616 380/617/617 634/618/618
f 634/618/618 380/617/617 633/619/619
f 633/619/619 380/617/617 381/620/620
f 633/619/619 381/620/620 632/621/621
f 632/621/621 381/620/620 631/622/622
f 631/622/622 381/620/620 630/623/623
f 630/623/623 381/620/620 382/624/624
f 630/623/623 382/624/624 629/625/625
f 629/625/625 382/624/624 628/626/626
f 628/626/626 382/624/624 383/627/627
f 628/626/626 383/627/627 627/628/628
f 627/628/628 383/627/627 626/629/629
f 626/629/629 383/627/627 625/630/630
f 625/630/630 383/627/627 384/631/631
f 625/630/630 384/631/631 624/632/632
f 624/632/632 384/631/631 623/633/633
f 623/633/633 384/631/631 385/634/634
f 623/633/633 385/634/634 622/635/635
f 622/635/635 385/634/634 621/636/636
f 621/636/636 385/634/634 386/637/637
f 621/636/636 386/637/637 620/638/638
f 620/638/638 386/637/637 619/639/639
f 619/639/639 386/637/637 387/640/640
f 619/639/639 387/640/640 670/641/641
f 670/641/641 387/640/640 669/642/642
f 669/642/642 387/640/640 388/643/643
f 669/642/642 388/643/643 668/644/644
f 668/644/644 388/643/643 667/645/645
f 667/645/645 388/643/643 389/646/646
f 667/645/645 389/646/646 666/647/647
f 666/647/647 389/646/646 665/648/648
f 665/648/648 389/646/646 390/649/649
f 665/648/648 390/649/649 664/650/650
f 664/650/650 390/649/649 663/651/651
f 663/651/651 390/649/649 662/292/292
f 662/292/292 390/649/649 288/290/290
f 403/431/431 404/652/652 784/429/429
f 784/429/429 404/652/652 783/653/653
f 783/653/653 404/652/652 405/654/654
f 783/653/653 405/654/654 782/655/655
f 782/655/655 405/654/654 406/656/656
f 782/655/655 406/656/656 781/657/657
f 781/657/657 406/656/656 407/658/658
f 781/657/657 407/658/658 780/659/659
f 780/659/659 407/658/658 833/660/660
f 780/659/659 833/660/660 779/661/661
f 779/661/661 833/660/660 834/662/662
f 779/661/661 834/662/662 778/663/663
f 778/663/663 834/662/662 835/664/664
f 778/663/663 835/664/664 777/665/665
f 777/665/665 835/664/664 776/666/666
f 776/666/666 835/664/664 836/667/667
f 776/666/666 836/667/667 775/668/668
f 775/668/668 836/667/667 837/669/669
f 775/668/668 837/669/669 774/670/670
f 774/670/670 837/669/669 773/671/671
f 773/671/671 837/669/669 838/672/672
f 773/671/671 838/672/672 772/673/673
f 772/673/673 838/672/672 839/674/674
f 772/673/673 839/674/674 771/675/675
f 771/675/675 839/674/674 770/676/676
f 770/676/676 839/674/674 840/677/677
f 770/676/676 840/677/677 819/678/678
f 819/678/678 840/677/677 818/679/679
f 818/679/679 840/677/677 841/680/680
f 818/679/679 841/680/680 817/681/681
f 817/681/681 841/680/680 816/682/682
f 816/682/682 841/680/680 842/683/683
f 816/682/682 842/683/683 815/684/684
f 815/684/684 842/683/683 843/685/685
f 815/684/684 843/685/685 814/686/686
f 814/686/686 843/685/685 813/687/687
f 813/687/687 843/685/685 844/688/688
f 813/687/687 844/688/688 812/689/689
f 812/689/689 844/688/688 845/690/690
f 812/689/689 845/690/690 811/691/691
f 811/691/691 845/690/690 810/692/692
f 810/692/692 845/690/690 846/693/693
f 810/692/692 846/693/693 809/694/694
f 809/694/694 846/693/693 750/695/695
f 809/694/694 750/695/695 808/696/696
f 808/696/696 750/695/695 715/697/697
f 808/696/696 715/697/697 807/698/698
f 807/698/698 715/697/697 716/699/699
f 807/698/698 716/699/699 806/700/700
f 806/700/700 716/699/699 717/701/701
f 806/700/700 717/701/701 805/374/374
f 805/374/374 717/701/701 718/375/375
f 407/658/658 408/702/702 833/660/660
f 833/660/660 408/702/702 832/703/703
f 832/703/703 408/702/702 409/704/704
f 832/703/703 409/704/704 831/705/705
f 831/705/705 409/704/704 410/706/706
f 831/705/705 410/706/706 411/707/707
f 831/705/705 411/707/707 830/708/708
f 830/708/708 411/707/707 412/709/709
f 830/708/708 412/709/709 829/710/710
f 829/710/710 412/709/709 413/711/711
f 829/710/710 413/711/711 414/712/712
f 829/710/710 414/712/712 828/713/713
f 828/713/713 414/712/712 415/714/714
f 828/713/713 415/714/714 827/715/715
f 827/715/715 415/714/714 416/716/716
f 827/715/715 416/716/716 417/717/717
f 418/718/718 440/719/719 417/717/717
f 417/717/717 440/719/719 826/720/720
f 417/717/717 826/720/720 827/715/715
f 440/719/719 418/718/718 439/721/721
f 439/721/721 418/718/718 419/722/722
f 439/721/721 419/722/722 438/723/723
f 438/723/723 419/722/722 420/724/724
f 438/723/723 420/724/724 437/459/459
f 437/459/459 420/724/724 421/457/457
f 440/719/719 441/725/725 826/720/720
f 826/720/720 441/725/725 825/726/726
f 825/726/726 441/725/725 442/727/727
f 825/726/726 442/727/727 443/728/728
f 825/726/726 443/728/728 824/729/729
f 824/729/729 443/728/728 444/730/730
f 824/729/729 444/730/730 823/731/731
f 823/731/731 444/730/730 445/732/732
f 823/731/731 445/732/732 446/733/733
f 823/731/731 446/733/733 902/734/734
f 902/734/734 446/733/733 447/735/735
f 902/734/734 447/735/735 901/736/736
f 901/736/736 447/735/735 448/737/737
f 901/736/736 448/737/737 449/738/738
f 901/736/736 449/738/738 900/739/739
f 900/739/739 449/738/738 450/740/740
f 900/739/739 450/740/740 473/741/741
f 473/741/741 450/740/740 472/742/742
f 472/742/742 450/740/740 451/743/743
f 472/742/742 451/743/743 471/744/744
f 471/744/744 451/743/743 452/745/745
f 471/744/744 452/745/745 470/746/746
f 470/746/746 452/745/745 453/747/747
f 470/746/746 453/747/747 469/487/487
f 469/487/487 453/747/747 454/485/485
f 900/739/739 473/741/741 899/748/748
f 899/748/748 473/741/741 474/749/749
f 899/748/748 474/749/749 475/750/750
f 899/748/748 475/750/750 898/751/751
f 898/751/751 475/750/750 476/752/752
f 898/751/751 476/752/752 897/753/753
f 897/753/753 476/752/752 477/754/754
f 897/753/753 477/754/754 478/755/755
f 897/753/753 478/755/755 896/756/756
f 896/756/756 478/755/755 479/757/757
f 896/756/756 479/757/757 895/758/758
f 895/758/758 479/757/757 480/759/759
f 895/758/758 480/759/759 481/760/760
f 895/758/758 481/760/760 894/761/761
f 894/761/761 481/760/760 482/762/762
f 894/761/761 482/762/762 893/523/523
f 893/523/523 482/762/762 483/521/521
f 891/527/527 510/529/529 890/763/763
f 890/763/763 510/529/529 511/764/764
f 890/763/763 511/764/764 889/765/765
f 889/765/765 511/764/764 512/766/766
f 889/765/765 512/766/766 513/767/767
f 889/765/765 513/767/767 888/768/768
f 888/768/768 513/767/767 514/769/769
f 888/768/768 514/769/769 887/770/770
f 887/770/770 514/769/769 515/771/771
f 887/770/770 515/771/771 516/772/772
f 517/773/773 538/774/774 516/772/772
f 516/772/772 538/774/774 539/775/775
f 516/772/772 539/775/775 886/776/776
f 886/776/776 539/775/775 540/777/777
f 886/776/776 540/777/777 885/778/778
f 885/778/778 540/777/777 541/779/779
f 885/778/778 541/779/779 542/780/780
f 538/774/774 517/773/773 537/781/781
f 537/781/781 517/773/773 518/782/782
f 537/781/781 518/782/782 536/783/783
f 536/783/783 518/782/782 519/784/784
f 536/783/783 519/784/784 535/557/557
f 535/557/557 519/784/784 520/555/555
f 885/778/778 542/780/780 884/785/785
f 884/785/785 542/780/780 543/786/786
f 884/785/785 543/786/786 883/787/787
f 883/787/787 543/786/786 544/788/788
f 883/787/787 544/788/788 545/789/789
f 883/787/787 545/789/789 882/790/790
f 882/790/790 545/789/789 546/791/791
f 882/790/790 546/791/791 881/792/792
f 881/792/792 546/791/791 547/793/793
f 881/792/792 547/793/793 548/794/794
f 881/792/792 548/794/794 880/795/795
f 880/795/795 548/794/794 549/796/796
f 880/795/795 549/796/796 572/797/797
f 572/797/797 549/796/796 550/798/798
f 572/797/797 550/798/798 571/799/799
f 571/799/799 550/798/798 551/800/800
f 571/799/799 551/800/800 606/801/801
f 606/801/801 551/800/800 552/802/802
f 606/801/801 552/802/802 605/803/803
f 605/803/803 552/802/802 553/583/583
f 605/803/803 553/583/583 604/585/585
f 880/795/795 572/797/797 879/804/804
f 879/804/804 572/797/797 573/805/805
f 879/804/804 573/805/805 574/806/806
f 879/804/804 574/806/806 878/807/807
f 878/807/807 574/806/806 575/808/808
f 878/807/807 575/808/808 877/809/809
f 877/809/809 575/808/808 576/810/810
f 877/809/809 576/810/810 577/811/811
f 877/809/809 577/811/811 876/812/812
f 876/812/812 577/811/811 578/813/813
f 876/812/812 578/813/813 875/814/814
f 875/814/814 578/813/813 579/815/815
f 875/814/814 579/815/815 580/816/816
f 875/814/814 580/816/816 874/817/817
f 874/817/817 580/816/816 581/818/818
f 874/817/817 581/818/818 873/819/819
f 873/819/819 581/818/818 582/820/820
f 873/819/819 582/820/820 641/821/821
f 641/821/821 582/820/820 583/822/822
f 641/821/821 583/822/822 640/823/823
f 640/823/823 583/822/822 584/824/824
f 640/823/823 584/824/824 639/825/825
f 639/825/825 584/824/824 585/826/826
f 639/825/825 585/826/826 638/613/613
f 638/613/613 585/826/826 586/611/611
f 608/827/827 871/828/828 607/829/829
f 607/829/829 871/828/828 872/830/830
f 607/829/829 872/830/830 642/831/831
f 642/831/831 872/830/830 873/819/819
f 642/831/831 873/819/819 641/821/821
f 608/827/827 609/832/832 871/828/828
f 871/828/828 609/832/832 870/833/833
f 870/833/833 609/832/832 610/834/834
f 870/833/833 610/834/834 869/835/835
f 869/835/835 610/834/834 611/836/836
f 869/835/835 611/836/836 612/837/837
f 869/835/835 612/837/837 868/838/838
f 868/838/838 612/837/837 613/839/839
f 868/838/838 613/839/839 867/840/840
f 867/840/840 613/839/839 614/841/841
f 867/840/840 614/841/841 615/842/842
f 616/843/843 674/844/844 615/842/842
f 615/842/842 674/844/844 866/845/845
f 615/842/842 866/845/845 867/840/840
f 674/844/844 616/843/843 673/846/846
f 673/846/846 616/843/843 617/847/847
f 673/846/846 617/847/847 672/848/848
f 672/848/848 617/847/847 618/849/849
f 672/848/848 618/849/849 671/850/850
f 671/850/850 618/849/849 619/639/639
f 671/850/850 619/639/639 670/641/641
f 678/851/851 643/852/852 863/853/853
f 863/853/853 643/852/852 644/854/854
f 863/853/853 644/854/854 862/855/855
f 862/855/855 644/854/854 645/856/856
f 862/855/855 645/856/856 861/857/857
f 861/857/857 645/856/856 646/858/858
f 861/857/857 646/858/858 647/859/859
f 861/857/857 647/859/859 860/860/860
f 860/860/860 647/859/859 648/861/861
f 860/860/860 648/861/861 707/862/862
f 707/862/862 648/861/861 706/863/863
f 706/863/863 648/861/861 649/864/864
f 706/863/863 649/864/864 705/865/865
f 705/865/865 649/864/864 650/866/866
f 705/865/865 650/866/866 704/867/867
f 704/867/867 650/866/866 651/868/868
f 704/867/867 651/868/868 703/304/304
f 703/304/304 651/868/868 652/305/305
f 659/296/296 660/289/289 289/288/288
f 674/844/844 675/869/869 866/845/845
f 866/845/845 675/869/869 865/870/870
f 865/870/870 675/869/869 676/871/871
f 865/870/870 676/871/871 677/872/872
f 865/870/870 677/872/872 864/873/873
f 864/873/873 677/872/872 678/851/851
f 864/873/873 678/851/851 863/853/853
f 680/874/874 854/875/875 679/876/876
f 679/876/876 854/875/875 855/877/877
f 679/876/876 855/877/877 714/878/878
f 714/878/878 855/877/877 713/879/879
f 713/879/879 855/877/877 856/880/880
f 713/879/879 856/880/880 712/881/881
f 712/881/881 856/880/880 857/882/882
f 712/881/881 857/882/882 711/883/883
f 711/883/883 857/882/882 710/884/884
f 710/884/884 857/882/882 858/885/885
f 710/884/884 858/885/885 709/886/886
f 709/886/886 858/885/885 859/887/887
f 709/886/886 859/887/887 708/888/888
f 708/888/888 859/887/887 707/862/862
f 707/862/862 859/887/887 860/860/860
f 854/875/875 680/874/874 853/343/343
f 853/343/343 680/874/874 681/341/341
f 691/325/325 692/320/320 298/319/319
f 696/318/318 697/313/313 296/312/312
f 723/369/369 724/364/364 307/363/363
f 728/362/362 729/357/357 305/356/356
f 851/347/347 744/349/349 850/889/889
f 850/889/889 744/349/349 745/890/890
f 850/889/889 745/890/890 849/891/891
f 849/891/891 745/890/890 746/892/892
f 849/891/891 746/892/892 747/893/893
f 849/891/891 747/893/893 848/894/894
f 848/894/894 747/893/893 748/895/895
f 848/894/894 748/895/895 847/896/896
f 847/896/896 748/895/895 749/897/897
f 847/896/896 749/897/897 750/695/695
f 787/401/401 767/403/403 822/898/898
f 822/898/898 767/403/403 768/899/899
f 822/898/898 768/899/899 821/900/900
f 821/900/900 768/899/899 769/901/901
f 821/900/900 769/901/901 820/902/902
f 820/902/902 769/901/901 770/676/676
f 820/902/902 770/676/676 819/678/678
f 846/693/693 847/896/896 750/695/695
f 886/776/776 887/770/770 516/772/772
f 904/903/903 932/904/904 903/905/905
f 903/905/905 932/904/904 933/906/906
f 903/905/905 933/906/906 938/907/907
f 938/907/907 933/906/906 934/908/908
f 938/907/907 934/908/908 937/909/909
f 937/909/909 934/908/908 935/910/910
f 937/909/909 935/910/910 936/911/911
f 932/904/904 904/903/903 931/912/912
f 931/912/912 904/903/903 905/913/913
f 931/912/912 905/913/913 930/914/914
f 930/914/914 905/913/913 906/915/915
f 930/914/914 906/915/915 929/916/916
f 929/916/916 906/915/915 907/917/917
f 929/916/916 907/917/917 928/918/918
f 928/918/918 907/917/917 908/919/919
f 928/918/918 908/919/919 927/920/920
f 927/920/920 908/919/919 909/921/921
f 927/920/920 909/921/921 926/922/922
f 926/922/922 909/921/921 910/923/923
f 926/922/922 910/923/923 925/924/924
f 925/924/924 910/923/923 911/925/925
f 925/924/924 911/925/925 924/926/926
f 924/926/926 911/925/925 912/927/927
f 924/926/926 912/927/927 923/928/928
f 923/928/928 912/927/927 913/929/929
f 923/928/928 913/929/929 922/930/930
f 922/930/930 913/929/929 914/931/931
f 922/930/930 914/931/931 921/932/932
f 921/932/932 914/931/931 915/933/933
f 921/932/932 915/933/933 920/934/934
f 920/934/934 915/933/933 916/935/935
f 920/934/934 916/935/935 919/936/936
f 919/936/936 916/935/935 917/937/937
f 919/936/936 917/937/937 918/938/938
f 939/939/939 940/940/940 974/941/941
f 974/941/941 940/940/940 973/942/942
f 973/942/942 940/940/940 941/943/943
f 973/942/942 941/943/943 972/944/944
f 972/944/944 941/943/943 942/945/945
f 972/944/944 942/945/945 971/946/946
f 971/946/946 942/945/945 943/947/947
f 971/946/946 943/947/947 970/948/948
f 970/948/948 943/947/947 944/949/949
f 970/948/948 944/949/949 969/950/950
f 969/950/950 944/949/949 945/951/951
f 969/950/950 945/951/951 968/952/952
f 968/952/952 945/951/951 946/953/953
f 968/952/952 946/953/953 967/954/954
f 967/954/954 946/953/953 947/955/955
f 967/954/954 947/955/955 966/956/956
f 966/956/956 947/955/955 948/957/957
f 966/956/956 948/957/957 965/958/958
f 965/958/958 948/957/957 949/959/959
f 965/958/958 949/959/959 964/960/960
f 964/960/960 949/959/959 950/961/961
f 964/960/960 950/961/961 963/962/962
f 963/962/962 950/961/961 951/963/963
f 963/962/962 951/963/963 962/964/964
f 962/964/964 951/963/963 952/965/965
f 962/964/964 952/965/965 961/966/966
f 961/966/966 952/965/965 953/967/967
f 961/966/966 953/967/967 960/968/968
f 960/968/968 953/967/967 954/969/969
f 960/968/968 954/969/969 959/970/970
f 959/970/970 954/969/969 955/971/971
f 959/970/970 955/971/971 958/972/972
f 958/972/972 955/971/971 956/973/973
f 958/972/972 956/973/973 957/974/974
f 976/975/975 980/976/976 975/977/977
f 975/977/977 980/976/976 981/978/978
f 975/977/977 981/978/978 1010/979/979
f 1010/979/979 981/978/978 982/980/980
f 1010/979/979 982/980/980 1009/981/981
f 1009/981/981 982/980/980 983/982/982
f 1009/981/981 983/982/982 1008/983/983
f 1008/983/983 983/982/982 984/984/984
f 1008/983/983 984/984/984 1007/985/985
f 1007/985/985 984/984/984 985/986/986
f 1007/985/985 985/986/986 1006/987/987
f 1006/987/987 985/986/986 986/988/988
f 1006/987/987 986/988/988 1005/989/989
f 1005/989/989 986/988/988 987/990/990
f 1005/989/989 987/990/990 1004/991/991
f 1004/991/991 987/990/990 988/992/992
f 1004/991/991 988/992/992 1003/993/993
f 1003/993/993 988/992/992 989/994/994
f 1003/993/993 989/994/994 1002/995/995
f 1002/995/995 989/994/994 990/996/996
f 1002/995/995 990/996/996 1001/997/997
f 1001/997/997 990/996/996 991/998/998
f 1001/997/997 991/998/998 1000/999/999
f 1000/999/999 991/998/998 992/1000/1000
f 1000/999/999 992/1000/1000 999/1001/1001
f 999/1001/1001 992/1000/1000 993/1002/1002
f 999/1001/1001 993/1002/1002 998/1003/1003
f 998/1003/1003 993/1002/1002 994/1004/1004
f 998/1003/1003 994/1004/1004 997/1005/1005
f 997/1005/1005 994/1004/1004 995/1006/1006
f 997/1005/1005 995/1006/1006 996/1007/1007
f 980/976/976 976/975/975 979/1008/1008
f 979/1008/1008 976/975/975 977/1009/1009
f 979/1008/1008 977/1009/1009 978/1010/1010
f 1012/1011/1011 1022/1012/1012 1011/1013/1013
f 1011/1013/1013 1022/1012/1012 1023/1014/1014
f 1011/1013/1013 1023/1014/1014 1046/1015/1015
f 1046/1015/1015 1023/1014/1014 1024/1016/1016
f 1046/1015/1015 1024/1016/1016 1045/1017/1017
f 1045/1017/1017 1024/1016/1016 1025/1018/1018
f 1045/1017/1017 1025/1018/1018 1044/1019/1019
f 1044/1019/1019 1025/1018/1018 1026/1020/1020
f 1044/1019/1019 1026/1020/1020 1043/1021/1021
f 1043/1021/1021 1026/1020/1020 1027/1022/1022
f 1043/1021/1021 1027/1022/1022 1042/1023/1023
f 1042/1023/1023 1027/1022/1022 1028/1024/1024
f 1042/1023/1023 1028/1024/1024 1041/1025/1025
f 1041/1025/1025 1028/1024/1024 1029/1026/1026
f 1041/1025/1025 1029/1026/1026 1040/1027/1027
f 1040/1027/1027 1029/1026/1026 1030/1028/1028
f 1040/1027/1027 1030/1028/1028 1039/1029/1029
f 1039/1029/1029 1030/1028/1028 1031/1030/1030
f 1039/1029/1029 1031/1030/1030 1038/1031/1031
f 1038/1031/1031 1031/1030/1030 1032/1032/1032
f 1038/1031/1031 1032/1032/1032 1037/1033/1033
f 1037/1033/1033 1032/1032/1032 1033/1034/1034
f 1037/1033/1033 1033/1034/1034 1036/1035/1035
f 1036/1035/1035 1033/1034/1034 1034/1036/1036
f 1036/1035/1035 1034/1036/1036 1035/1037/1037
f 1022/1012/1012 1012/1011/1011 1021/1038/1038
f 1021/1038/1038 1012/1011/1011 1013/1039/1039
f 1021/1038/1038 1013/1039/1039 1020/1040/1040
f 1020/1040/1040 1013/1039/1039 1014/1041/1041
f 1020/1040/1040 1014/1041/1041 1019/1042/1042
f 1019/1042/1042 1014/1041/1041 1015/1043/1043
f 1019/1042/1042 1015/1043/1043 1018/1044/1044
f 1018/1044/1044 1015/1043/1043 1016/1045/1045
f 1018/1044/1044 1016/1045/1045 1017/1046/1046
f 1048/1047/1047 1064/1048/1048 1047/1049/1049
f 1047/1049/1049 1064/1048/1048 1065/1050/1050
f 1047/1049/1049 1065/1050/1050 1082/1051/1051
f 1082/1051/1051 1065/1050/1050 1066/1052/1052
f 1082/1051/1051 1066/1052/1052 1081/1053/1053
f 1081/1053/1053 1066/1052/1052 1067/1054/1054
f 1081/1053/1053 1067/1054/1054 1080/1055/1055
f 1080/1055/1055 1067/1054/1054 1068/1056/1056
f 1080/1055/1055 1068/1056/1056 1079/1057/1057
f 1079/1057/1057 1068/1056/1056 1069/1058/1058
f 1079/1057/1057 1069/1058/1058 1078/1059/1059
f 1078/1059/1059 1069/1058/1058 1070/1060/1060
f 1078/1059/1059 1070/1060/1060 1077/1061/1061
f 1077/1061/1061 1070/1060/1060 1071/1062/1062
f 1077/1061/1061 1071/1062/1062 1076/1063/1063
f 1076/1063/1063 1071/1062/1062 1072/1064/1064
f 1076/1063/1063 1072/1064/1064 1075/1065/1065
f 1075/1065/1065 1072/1064/1064 1073/1066/1066
f 1075/1065/1065 1073/1066/1066 1074/1067/1067
f 1064/1048/1048 1048/1047/1047 1063/1068/1068
f 1063/1068/1068 1048/1047/1047 1049/1069/1069
f 1063/1068/1068 1049/1069/1069 1062/1070/1070
f 1062/1070/1070 1049/1069/1069 1050/1071/1071
f 1062/1070/1070 1050/1071/1071 1061/1072/1072
f 1061/1072/1072 1050/1071/1071 1051/1073/1073
f 1061/1072/1072 1051/1073/1073 1060/1074/1074
f 1060/1074/1074 1051/1073/1073 1052/1075/1075
f 1060/1074/1074 1052/1075/1075 1059/1076/1076
f 1059/1076/1076 1052/1075/1075 1053/1077/1077
f 1059/1076/1076 1053/1077/1077 1058/1078/1078
f 1058/1078/1078 1053/1077/1077 1054/1079/1079
f 1058/1078/1078 1054/1079/1079 1057/1080/1080
f 1057/1080/1080 1054/1079/1079 1055/1081/1081
f 1057/1080/1080 1055/1081/1081 1056/1082/1082
f 1084/1083/1083 1106/1084/1084 1083/1085/1085
f 1083/1085/1085 1106/1084/1084 1107/1086/1086
f 1083/1085/1085 1107/1086/1086 1118/1087/1087
f 1118/1087/1087 1107/1086/1086 1108/1088/1088
f 1118/1087/1087 1108/1088/1088 1117/1089/1089
f 1117/1089/1089 1108/1088/1088 1109/1090/1090
f 1117/1089/1089 1109/1090/1090 1116/1091/1091
f 1116/1091/1091 1109/1090/1090 1110/1092/1092
f 1116/1091/1091 1110/1092/1092 1115/1093/1093
f 1115/1093/1093 1110/1092/1092 1111/1094/1094
f 1115/1093/1093 1111/1094/1094 1114/1095/1095
f 1114/1095/1095 1111/1094/1094 1112/1096/1096
f 1114/1095/1095 1112/1096/1096 1113/1097/1097
f 1106/1084/1084 1084/1083/1083 1105/1098/1098
f 1105/1098/1098 1084/1083/1083 1085/1099/1099
f 1105/1098/1098 1085/1099/1099 1104/1100/1100
f 1104/1100/1100 1085/1099/1099 1086/1101/1101
f 1104/1100/1100 1086/1101/1101 1103/1102/1102
f 1103/1102/1102 1086/1101/1101 1087/1103/1103
f 1103/1102/1102 1087/1103/1103 1102/1104/1104
f 1102/1104/1104 1087/1103/1103 1088/1105/1105
f 1102/1104/1104 1088/1105/1105 1101/1106/1106
f 1101/1106/1106 1088/1105/1105 1089/1107/1107
f 1101/1106/1106 1089/1107/1107 1100/1108/1108
f 1100/1108/1108 1089/1107/1107 1090/1109/1109
f 1100/1108/1108 1090/1109/1109 1099/1110/1110
f 1099/1110/1110 1090/1109/1109 1091/1111/1111
f 1099/1110/1110 1091/1111/1111 1098/1112/1112
f 1098/1112/1112 1091/1111/1111 1092/1113/1113
f 1098/1112/1112 1092/1113/1113 1097/1114/1114
f 1097/1114/1114 1092/1113/1113 1093/1115/1115
f 1097/1114/1114 1093/1115/1115 1096/1116/1116
f 1096/1116/1116 1093/1115/1115 1094/1117/1117
f 1096/1116/1116 1094/1117/1117 1095/1118/1118
f 1120/1119/1119 1148/1120/1120 1119/1121/1121
f 1119/1121/1121 1148/1120/1120 1149/1122/1122
f 1119/1121/1121 1149/1122/1122 1154/1123/1123
f 1154/1123/1123 1149/1122/1122 1150/1124/1124
f 1154/1123/1123 1150/1124/1124 1153/1125/1125
f 1153/1125/1125 1150/1124/1124 1151/1126/1126
f 1153/1125/1125 1151/1126/1126 1152/1127/1127
f 1148/1120/1120 1120/1119/1119 1147/1128/1128
f 1147/1128/1128 1120/1119/1119 1121/1129/1129
f 1147/1128/1128 1121/1129/1129 1146/1130/1130
f 1146/1130/1130 1121/1129/1129 1122/1131/1131
f 1146/1130/1130 1122/1131/1131 1145/1132/1132
f 1145/1132/1132 1122/1131/1131 1123/1133/1133
f 1145/1132/1132 1123/1133/1133 1144/1134/1134
f 1144/1134/1134 1123/1133/1133 1124/1135/1135
f 1144/1134/1134 1124/1135/1135 1143/1136/1136
f 1143/1136/1136 1124/1135/1135 1125/1137/1137
f 1143/1136/1136 1125/1137/1137 1142/1138/1138
f 1142/1138/1138 1125/1137/1137 1126/1139/1139
f 1142/1138/1138 1126/1139/1139 1141/1140/1140
f 1141/1140/1140 1126/1139/1139 1127/1141/1141
f 1141/1140/1140 1127/1141/1141 1140/1142/1142
f 1140/1142/1142 1127/1141/1141 1128/1143/1143
f 1140/1142/1142 1128/1143/1143 1139/1144/1144
f 1139/1144/1144 1128/1143/1143 1129/1145/1145
f 1139/1144/1144 1129/1145/1145 1138/1146/1146
f 1138/1146/1146 1129/1145/1145 1130/1147/1147
f 1138/1146/1146 1130/1147/1147 1137/1148/1148
f 1137/1148/1148 1130/1147/1147 1131/1149/1149
f 1137/1148/1148 1131/1149/1149 1136/1150/1150
f 1136/1150/1150 1131/1149/1149 1132/1151/1151
f 1136/1150/1150 1132/1151/1151 1135/1152/1152
f 1135/1152/1152 1132/1151/1151 1133/1153/1153
f 1135/1152/1152 1133/1153/1153 1134/1154/1154
f 1155/1155/1155 1156/1156/1156 1190/1157/1157
f 1190/1157/1157 1156/1156/1156 1189/1158/1158
f 1189/1158/1158 1156/1156/1156 1157/1159/1159
f 1189/1158/1158 1157/1159/1159 1188/1160/1160
f 1188/1160/1160 1157/1159/1159 1158/1161/1161
f 1188/1160/1160 1158/1161/1161 1187/1162/1162
f 1187/1162/1162 1158/1161/1161 1159/1163/1163
f 1187/1162/1162 1159/1163/1163 1186/1164/1164
f 1186/1164/1164 1159/1163/1163 1160/1165/1165
f 1186/1164/1164 1160/1165/1165 1185/1166/1166
f 1185/1166/1166 1160/1165/1165 1161/1167/1167
f 1185/1166/1166 1161/1167/1167 1184/1168/1168
f 1184/1168/1168 1161/1167/1167 1162/1169/1169
f 1184/1168/1168 1162/1169/1169 1183/1170/1170
f 1183/1170/1170 1162/1169/1169 1163/1171/1171
f 1183/1170/1170 1163/1171/1171 1182/1172/1172
f 1182/1172/1172 1163/1171/1171 1164/1173/1173
f 1182/1172/1172 1164/1173/1173 1181/1174/1174
f 1181/1174/1174 1164/1173/1173 1165/1175/1175
f 1181/1174/1174 1165/1175/1175 1180/1176/1176
f 1180/1176/1176 1165/1175/1175 1166/1177/1177
f 1180/1176/1176 1166/1177/1177 1179/1178/1178
f 1179/1178/1178 1166/1177/1177 1167/1179/1179
f 1179/1178/1178 1167/1179/1179 1178/1180/1180
f 1178/1180/1180 1167/1179/1179 1168/1181/1181
f 1178/1180/1180 1168/1181/1181 1177/1182/1182
f 1177/1182/1182 1168/1181/1181 1169/1183/1183
f 1177/1182/1182 1169/1183/1183 1176/1184/1184
f 1176/1184/1184 1169/1183/1183 1170/1185/1185
f 1176/1184/1184 1170/1185/1185 1175/1186/1186
f 1175/1186/1186 1170/1185/1185 1171/1187/1187
f 1175/1186/1186 1171/1187/1187 1174/1188/1188
f 1174/1188/1188 1171/1187/1187 1172/1189/1189
f 1174/1188/1188 1172/1189/1189 1173/1190/1190
f 1192/1191/1191 1196/1192/1192 1191/1193/1193
f 1191/1193/1193 1196/1192/1192 1197/1194/1194
f 1191/1193/1193 1197/1194/1194 1226/1195/1195
f 1226/1195/1195 1197/1194/1194 1198/1196/1196
f 1226/1195/1195 1198/1196/1196 1225/1197/1197
f 1225/1197/1197 1198/1196/1196 1199/1198/1198
f 1225/1197/1197 1199/1198/1198 1224/1199/1199
f 1224/1199/1199 1199/1198/1198 1200/1200/1200
f 1224/1199/1199 1200/1200/1200 1223/1201/1201
f 1223/1201/1201 1200/1200/1200 1201/1202/1202
f 1223/1201/1201 1201/1202/1202 1222/1203/1203
f 1222/1203/1203 1201/1202/1202 1202/1204/1204
f 1222/1203/1203 1202/1204/1204 1221/1205/1205
f 1221/1205/1205 1202/1204/1204 1203/1206/1206
f 1221/1205/1205 1203/1206/1206 1220/1207/1207
f 1220/1207/1207 1203/1206/1206 1204/1208/1208
f 1220/1207/1207 1204/1208/1208 1219/1209/1209
f 1219/1209/1209 1204/1208/1208 1205/1210/1210
f 1219/1209/1209 1205/1210/1210 1218/1211/1211
f 1218/1211/1211 1205/1210/1210 1206/1212/1212
f 1218/1211/1211 1206/1212/1212 1217/1213/1213
f 1217/1213/1213 1206/1212/1212 1207/1214/1214
f 1217/1213/1213 1207/1214/1214 1216/1215/1215
f 1216/1215/1215 1207/1214/1214 1208/1216/1216
f 1216/1215/1215 1208/1216/1216 1215/1217/1217
f 1215/1217/1217 1208/1216/1216 1209/1218/1218
f 1215/1217/1217 1209/1218/1218 1214/1219/1219
f 1214/1219/1219 1209/1218/1218 1210/1220/1220
f 1214/1219/1219 1210/1220/1220 1213/1221/1221
f 1213/1221/1221 1210/1220/1220 1211/1222/1222
f 1213/1221/1221 1211/1222/1222 1212/1223/1223
f 1196/1192/1192 1192/1191/1191 1195/1224/1224
f 1195/1224/1224 1192/1191/1191 1193/1225/1225
f 1195/1224/1224 1193/1225/1225 1194/1226/1226
f 1228/1227/1227 1238/1228/1228 1227/1229/1229
f 1227/1229/1229 1238/1228/1228 1239/1230/1230
f 1227/1229/1229 1239/1230/1230 1262/1231/1231
f 1262/1231/1231 1239/1230/1230 1240/1232/1232
f 1262/1231/1231 1240/1232/1232 1261/1233/1233
f 1261/1233/1233 1240/1232/1232 1241/1234/1234
f 1261/1233/1233 1241/1234/1234 1260/1235/1235
f 1260/1235/1235 1241/1234/1234 1242/1236/1236
f 1260/1235/1235 1242/1236/1236 1259/1237/1237
f 1259/1237/1237 1242/1236/1236 1243/1238/1238
f 1259/1237/1237 1243/1238/1238 1258/1239/1239
f 1258/1239/1239 1243/1238/1238 1244/1240/1240
f 1258/1239/1239 1244/1240/1240 1257/1241/1241
f 1257/1241/1241 1244/1240/1240 1245/1242/1242
f 1257/1241/1241 1245/1242/1242 1256/1243/1243
f 1256/1243/1243 1245/1242/1242 1246/1244/1244
f 1256/1243/1243 1246/1244/1244 1255/1245/1245
f 1255/1245/1245 1246/1244/1244 1247/1246/1246
f 1255/1245/1245 1247/1246/1246 1254/1247/1247
f 1254/1247/1247 1247/1246/1246 1248/1248/1248
f 1254/1247/1247 1248/1248/1248 1253/1249/1249
f 1253/1249/1249 1248/1248/1248 1249/1250/1250
f 1253/1249/1249 1249/1250/1250 1252/1251/1251
f 1252/1251/1251 1249/1250/1250 1250/1252/1252
f 1252/1251/1251 1250/1252/1252 1251/1253/1253
f 1238/1228/1228 1228/1227/1227 1237/1254/1254
f 1237/1254/1254 1228/1227/1227 1229/1255/1255
f 1237/1254/1254 1229/1255/1255 1236/1256/1256
f 1236/1256/1256 1229/1255/1255 1230/1257/1257
f 1236/1256/1256 1230/1257/1257 1235/1258/1258
f 1235/1258/1258 1230/1257/1257 1231/1259/1259
f 1235/1258/1258 1231/1259/1259 1234/1260/1260
f 1234/1260/1260 1231/1259/1259 1232/1261/1261
f 1234/1260/1260 1232/1261/1261 1233/1262/1262
f 1264/1263/1263 1286/1264/1264 1263/1265/1265
f 1263/1265/1265 1286/1264/1264 1287/1266/1266
f 1263/1265/1265 1287/1266/1266 1298/1267/1267
f 1298/1267/1267 1287/1266/1266 1288/1268/1268
f 1298/1267/1267 1288/1268/1268 1297/1269/1269
f 1297/1269/1269 1288/1268/1268 1289/1270/1270
f 1297/1269/1269 1289/1270/1270 1296/1271/1271
f 1296/1271/1271 1289/1270/1270 1290/1272/1272
f 1296/1271/1271 1290/1272/1272 1295/1273/1273
f 1295/1273/1273 1290/1272/1272 1291/1274/1274
f 1295/1273/1273 1291/1274/1274 1294/1275/1275
f 1294/1275/1275 1291/1274/1274 1292/1276/1276
f 1294/1275/1275 1292/1276/1276 1293/1277/1277
f 1286/1264/1264 1264/1263/1263 1285/1278/1278
f 1285/1278/1278 1264/1263/1263 1265/1279/1279
f 1285/1278/1278 1265/1279/1279 1284/1280/1280
f 1284/1280/1280 1265/1279/1279 1266/1281/1281
f 1284/1280/1280 1266/1281/1281 1283/1282/1282
f 1283/1282/1282 1266/1281/1281 1267/1283/1283
f 1283/1282/1282 1267/1283/1283 1282/1284/1284
f 1282/1284/1284 1267/1283/1283 1268/1285/1285
f 1282/1284/1284 1268/1285/1285 1281/1286/1286
f 1281/1286/1286 1268/1285/1285 1269/1287/1287
f 1281/1286/1286 1269/1287/1287 1280/1288/1288
f 1280/1288/1288 1269/1287/1287 1270/1289/1289
f 1280/1288/1288 1270/1289/1289 1279/1290/1290
f 1279/1290/1290 1270/1289/1289 1271/1291/1291
f 1279/1290/1290 1271/1291/1291 1278/1292/1292
f 1278/1292/1292 1271/1291/1291 1272/1293/1293
f 1278/1292/1292 1272/1293/1293 1277/1294/1294
f 1277/1294/1294 1272/1293/1293 1273/1295/1295
f 1277/1294/1294 1273/1295/1295 1276/1296/1296
f 1276/1296/1296 1273/1295/1295 1274/1297/1297
f 1276/1296/1296 1274/1297/1297 1275/1298/1298
f 1300/1299/1299 1316/1300/1300 1299/1301/1301
f 1299/1301/1301 1316/1300/1300 1317/1302/1302
f 1299/1301/1301 1317/1302/1302 1334/1303/1303
f 1334/1303/1303 1317/1302/1302 1318/1304/1304
f 1334/1303/1303 1318/1304/1304 1333/1305/1305
f 1333/1305/1305 1318/1304/1304 1319/1306/1306
f 1333/1305/1305 1319/1306/1306 1332/1307/1307
f 1332/1307/1307 1319/1306/1306 1320/1308/1308
f 1332/1307/1307 1320/1308/1308 1331/1309/1309
f 1331/1309/1309 1320/1308/1308 1321/1310/1310
f 1331/1309/1309 1321/1310/1310 1330/1311/1311
f 1330/1311/1311 1321/1310/1310 1322/1312/1312
f 1330/1311/1311 1322/1312/1312 1329/1313/1313
f 1329/1313/1313 1322/1312/1312 1323/1314/1314
f 1329/1313/1313 1323/1314/1314 1328/1315/1315
f 1328/1315/1315 1323/1314/1314 1324/1316/1316
f 1328/1315/1315 1324/1316/1316 1327/1317/1317
f 1327/1317/1317 1324/1316/1316 1325/1318/1318
f 1327/1317/1317 1325/1318/1318 1326/1319/1319
f 1316/1300/1300 1300/1299/1299 1315/1320/1320
f 1315/1320/1320 1300/1299/1299 1301/1321/1321
f 1315/1320/1320 1301/1321/1321 1314/1322/1322
f 1314/1322/1322 1301/1321/1321 1302/1323/1323
f 1314/1322/1322 1302/1323/1323 1313/1324/1324
f 1313/1324/1324 1302/1323/1323 1303/1325/1325
f 1313/1324/1324 1303/1325/1325 1312/1326/1326
f 1312/1326/1326 1303/1325/1325 1304/1327/1327
f 1312/1326/1326 1304/1327/1327 1311/1328/1328
f 1311/1328/1328 1304/1327/1327 1305/1329/1329
f 1311/1328/1328 1305/1329/1329 1310/1330/1330
f 1310/1330/1330 1305/1329/1329 1306/1331/1331
f 1310/1330/1330 1306/1331/1331 1309/1332/1332
f 1309/1332/1332 1306/1331/1331 1307/1333/1333
f 1309/1332/1332 1307/1333/1333 1308/1334/1334
f 1437/1335/1335 1335/1336/1336 1482/1337/1337
f 1482/1337/1337 1335/1336/1336 1336/1338/1338
f 1482/1337/1337 1336/1338/1338 1481/1339/1339
f 1481/1339/1339 1336/1338/1338 1337/1340/1340
f 1481/1339/1339 1337/1340/1340 1480/1341/1341
f 1480/1341/1341 1337/1340/1340 1338/1342/1342
f 1480/1341/1341 1338/1342/1342 1479/1343/1343
f 1479/1343/1343 1338/1342/1342 1339/1344/1344
f 1479/1343/1343 1339/1344/1344 1478/1345/1345
f 1478/1345/1345 1339/1344/1344 1340/1346/1346
f 1478/1345/1345 1340/1346/1346 1477/1347/1347
f 1477/1347/1347 1340/1346/1346 1341/1348/1348
f 1477/1347/1347 1341/1348/1348 1476/1349/1349
f 1476/1349/1349 1341/1348/1348 1342/1350/1350
f 1476/1349/1349 1342/1350/1350 1343/1351/1351
f 1476/1349/1349 1343/1351/1351 1475/1352/1352
f 1475/1352/1352 1343/1351/1351 1344/1353/1353
f 1475/1352/1352 1344/1353/1353 1474/1354/1354
f 1474/1354/1354 1344/1353/1353 1345/1355/1355
f 1474/1354/1354 1345/1355/1355 1473/1356/1356
f 1473/1356/1356 1345/1355/1355 1346/1357/1357
f 1473/1356/1356 1346/1357/1357 1472/1358/1358
f 1472/1358/1358 1346/1357/1357 1347/1359/1359
f 1472/1358/1358 1347/1359/1359 1471/1360/1360
f 1471/1360/1360 1347/1359/1359 1348/1361/1361
f 1471/1360/1360 1348/1361/1361 1470/1362/1362
f 1470/1362/1362 1348/1361/1361 1349/1363/1363
f 1470/1362/1362 1349/1363/1363 1350/1364/1364
f 1470/1362/1362 1350/1364/1364 1469/1365/1365
f 1469/1365/1365 1350/1364/1364 1351/1366/1366
f 1469/1365/1365 1351/1366/1366 1468/1367/1367
f 1468/1367/1367 1351/1366/1366 1352/1368/1368
f 1468/1367/1367 1352/1368/1368 1467/1369/1369
f 1467/1369/1369 1352/1368/1368 1353/1370/1370
f 1467/1369/1369 1353/1370/1370 1466/1371/1371
f 1466/1371/1371 1353/1370/1370 1354/1372/1372
f 1466/1371/1371 1354/1372/1372 1465/1373/1373
f 1465/1373/1373 1354/1372/1372 1355/1374/1374
f 1465/1373/1373 1355/1374/1374 1464/1375/1375
f 1464/1375/1375 1355/1374/1374 1356/1376/1376
f 1464/1375/1375 1356/1376/1376 1357/1377/1377
f 1464/1375/1375 1357/1377/1377 1463/1378/1378
f 1463/1378/1378 1357/1377/1377 1358/1379/1379
f 1463/1378/1378 1358/1379/1379 1462/1380/1380
f 1462/1380/1380 1358/1379/1379 1359/1381/1381
f 1462/1380/1380 1359/1381/1381 1461/1382/1382
f 1461/1382/1382 1359/1381/1381 1360/1383/1383
f 1461/1382/1382 1360/1383/1383 1460/1384/1384
f 1460/1384/1384 1360/1383/1383 1361/1385/1385
f 1460/1384/1384 1361/1385/1385 1459/1386/1386
f 1459/1386/1386 1361/1385/1385 1362/1387/1387
f 1459/1386/1386 1362/1387/1387 1363/1388/1388
f 1459/1386/1386 1363/1388/1388 1458/1389/1389
f 1458/1389/1389 1363/1388/1388 1364/1390/1390
f 1458/1389/1389 1364/1390/1390 1457/1391/1391
f 1457/1391/1391 1364/1390/1390 1365/1392/1392
f 1457/1391/1391 1365/1392/1392 1456/1393/1393
f 1456/1393/1393 1365/1392/1392 1366/1394/1394
f 1456/1393/1393 1366/1394/1394 1455/1395/1395
f 1455/1395/1395 1366/1394/1394 1367/1396/1396
f 1455/1395/1395 1367/1396/1396 1454/1397/1397
f 1454/1397/1397 1367/1396/1396 1368/1398/1398
f 1454/1397/1397 1368/1398/1398 1453/1399/1399
f 1453/1399/1399 1368/1398/1398 1369/1400/1400
f 1453/1399/1399 1369/1400/1400 1370/1401/1401
f 1453/1399/1399 1370/1401/1401 1452/1402/1402
f 1452/1402/1402 1370/1401/1401 1371/1403/1403
f 1452/1402/1402 1371/1403/1403 1451/1404/1404
f 1451/1404/1404 1371/1403/1403 1372/1405/1405
f 1451/1404/1404 1372/1405/1405 1450/1406/1406
f 1450/1406/1406 1372/1405/1405 1373/1407/1407
f 1450/1406/1406 1373/1407/1407 1449/1408/1408
f 1449/1408/1408 1373/1407/1407 1374/1409/1409
f 1449/1408/1408 1374/1409/1409 1448/1410/1410
f 1448/1410/1410 1374/1409/1409 1375/1411/1411
f 1448/1410/1410 1375/1411/1411 1447/1412/1412
f 1447/1412/1412 1375/1411/1411 1376/1413/1413
f 1447/1412/1412 1376/1413/1413 1377/1414/1414
f 1447/1412/1412 1377/1414/1414 1446/1415/1415
f 1446/1415/1415 1377/1414/1414 1378/1416/1416
f 1446/1415/1415 1378/1416/1416 1445/1417/1417
f 1445/1417/1417 1378/1416/1416 1379/1418/1418
f 1445/1417/1417 1379/1418/1418 1444/1419/1419
f 1444/1419/1419 1379/1418/1418 1380/1420/1420
f 1444/1419/1419 1380/1420/1420 1443/1421/1421
f 1443/1421/1421 1380/1420/1420 1381/1422/1422
f 1443/1421/1421 1381/1422/1422 1442/1423/1423
f 1442/1423/1423 1381/1422/1422 1382/1424/1424
f 1442/1423/1423 1382/1424/1424 1441/1425/1425
f 1441/1425/1425 1382/1424/1424 1383/1426/1426
f 1441/1425/1425 1383/1426/1426 1384/1427/1427
f 1441/1425/1425 1384/1427/1427 1440/1428/1428
f 1440/1428/1428 1384/1427/1427 1385/1429/1429
f 1440/1428/1428 1385/1429/1429 1439/1430/1430
f 1439/1430/1430 1385/1429/1429 1386/1431/1431
f 1439/1430/1430 1386/1431/1431 1438/1432/1432
f 1438/1432/1432 1386/1431/1431 1387/1433/1433
f 1438/1432/1432 1387/1433/1433 1525/1434/1434
f 1525/1434/1434 1387/1433/1433 1388/1435/1435
f 1525/1434/1434 1388/1435/1435 1524/1436/1436
f 1524/1436/1436 1388/1435/1435 1389/1437/1437
f 1524/1436/1436 1389/1437/1437 1523/1438/1438
f 1523/1438/1438 1389/1437/1437 1390/1439/1439
f 1523/1438/1438 1390/1439/1439 1391/1440/1440
f 1523/1438/1438 1391/1440/1440 1522/1441/1441
f 1522/1441/1441 1391/1440/1440 1392/1442/1442
f 1522/1441/1441 1392/1442/1442 1521/1443/1443
f 1521/1443/1443 1392/1442/1442 1393/1444/1444
f 1521/1443/1443 1393/1444/1444 1520/1445/1445
f 1520/1445/1445 1393/1444/1444 1394/1446/1446
f 1520/1445/1445 1394/1446/1446 1519/1447/1447
f 1519/1447/1447 1394/1446/1446 1395/1448/1448
f 1519/1447/1447 1395/1448/1448 1518/1449/1449
f 1518/1449/1449 1395/1448/1448 1396/1450/1450
f 1518/1449/1449 1396/1450/1450 1517/1451/1451
f 1517/1451/1451 1396/1450/1450 1397/1452/1452
f 1517/1451/1451 1397/1452/1452 1398/1453/1453
f 1517/1451/1451 1398/1453/1453 1516/1454/1454
f 1516/1454/1454 1398/1453/1453 1399/1455/1455
f 1516/1454/1454 1399/1455/1455 1515/1456/1456
f 1515/1456/1456 1399/1455/1455 1400/1457/1457
f 1515/1456/1456 1400/1457/1457 1514/1458/1458
f 1514/1458/1458 1400/1457/1457 1401/1459/1459
f 1514/1458/1458 1401/1459/1459 1513/1460/1460
f 1513/1460/1460 1401/1459/1459 1402/1461/1461
f 1513/1460/1460 1402/1461/1461 1512/1462/1462
f 1512/1462/1462 1402/1461/1461 1403/1463/1463
f 1512/1462/1462 1403/1463/1463 1511/1464/1464
f 1511/1464/1464 1403/1463/1463 1404/1465/1465
f 1511/1464/1464 1404/1465/1465 1405/1466/1466
f 1511/1464/1464 1405/1466/1466 1510/1467/1467
f 1510/1467/1467 1405/1466/1466 1406/1468/1468
f 1510/1467/1467 1406/1468/1468 1509/1469/1469
f 1509/1469/1469 1406/1468/1468 1407/1470/1470
f 1509/1469/1469 1407/1470/1470 1508/1471/1471
f 1508/1471/1471 1407/1470/1470 1408/1472/1472
f 1508/1471/1471 1408/1472/1472 1507/1473/1473
f 1507/1473/1473 1408/1472/1472 1409/1474/1474
f 1507/1473/1473 1409/1474/1474 1506/1475/1475
f 1506/1475/1475 1409/1474/1474 1410/1476/1476
f 1506/1475/1475 1410/1476/1476 1505/1477/1477
f 1505/1477/1477 1410/1476/1476 1411/1478/1478
f 1505/1477/1477 1411/1478/1478 1412/1479/1479
f 1505/1477/1477 1412/1479/1479 1504/1480/1480
f 1504/1480/1480 1412/1479/1479 1413/1481/1481
f 1504/1480/1480 1413/1481/1481 1503/1482/1482
f 1503/1482/1482 1413/1481/1481 1414/1483/1483
f 1503/1482/1482 1414/1483/1483 1502/1484/1484
f 1502/1484/1484 1414/1483/1483 1415/1485/1485
f 1502/1484/1484 1415/1485/1485 1501/1486/1486
f 1501/1486/1486 1415/1485/1485 1416/1487/1487
f 1501/1486/1486 1416/1487/1487 1500/1488/1488
f 1500/1488/1488 1416/1487/1487 1417/1489/1489
f 1500/1488/1488 1417/1489/1489 1418/1490/1490
f 1500/1488/1488 1418/1490/1490 1499/1491/1491
f 1499/1491/1491 1418/1490/1490 1419/1492/1492
f 1499/1491/1491 1419/1492/1492 1498/1493/1493
f 1498/1493/1493 1419/1492/1492 1420/1494/1494
f 1498/1493/1493 1420/1494/1494 1497/1495/1495
f 1497/1495/1495 1420/1494/1494 1421/1496/1496
f 1497/1495/1495 1421/1496/1496 1496/1497/1497
f 1496/1497/1497 1421/1496/1496 1422/1498/1498
f 1496/1497/1497 1422/1498/1498 1495/1499/1499
f 1495/1499/1499 1422/1498/1498 1423/1500/1500
f 1495/1499/1499 1423/1500/1500 1494/1501/1501
f 1494/1501/1501 1423/1500/1500 1424/1502/1502
f 1494/1501/1501 1424/1502/1502 1425/1503/1503
f 1494/1501/1501 1425/1503/1503 1493/1504/1504
f 1493/1504/1504 1425/1503/1503 1426/1505/1505
f 1493/1504/1504 1426/1505/1505 1492/1506/1506
f 1492/1506/1506 1426/1505/1505 1427/1507/1507
f 1492/1506/1506 1427/1507/1507 1491/1508/1508
f 1491/1508/1508 1427/1507/1507 1428/1509/1509
f 1491/1508/1508 1428/1509/1509 1490/1510/1510
f 1490/1510/1510 1428/1509/1509 1429/1511/1511
f 1490/1510/1510 1429/1511/1511 1489/1512/1512
f 1489/1512/1512 1429/1511/1511 1430/1513/1513
f 1489/1512/1512 1430/1513/1513 1488/1514/1514
f 1488/1514/1514 1430/1513/1513 1431/1515/1515
f 1488/1514/1514 1431/1515/1515 1432/1516/1516
f 1488/1514/1514 1432/1516/1516 1487/1517/1517
f 1487/1517/1517 1432/1516/1516 1433/1518/1518
f 1487/1517/1517 1433/1518/1518 1486/1519/1519
f 1486/1519/1519 1433/1518/1518 1434/1520/1520
f 1486/1519/1519 1434/1520/1520 1485/1521/1521
f 1485/1521/1521 1434/1520/1520 1435/1522/1522
f 1485/1521/1521 1435/1522/1522 1484/1523/1523
f 1484/1523/1523 1435/1522/1522 1436/1524/1524
f 1484/1523/1523 1436/1524/1524 1483/1525/1525
f 1483/1525/1525 1436/1524/1524 1437/1335/1335
f 1483/1525/1525 1437/1335/1335 1482/1337/1337
f 1527/1526/1526 1832/1527/1527 1526/1528/1528
f 1526/1528/1528 1832/1527/1527 1833/1529/1529
f 1526/1528/1528 1833/1529/1529 1611/1530/1530
f 1611/1530/1530 1833/1529/1529 1748/1531/1531
f 1611/1530/1530 1748/1531/1531 1749/1532/1532
f 1832/1527/1527 1527/1526/1526 1831/1533/1533
f 1831/1533/1533 1527/1526/1526 1528/1534/1534
f 1831/1533/1533 1528/1534/1534 1830/1535/1535
f 1830/1535/1535 1528/1534/1534 1529/1536/1536
f 1830/1535/1535 1529/1536/1536 1829/1537/1537
f 1829/1537/1537 1529/1536/1536 1530/1538/1538
f 1829/1537/1537 1530/1538/1538 1828/1539/1539
f 1828/1539/1539 1530/1538/1538 1531/1540/1540
f 1828/1539/1539 1531/1540/1540 1827/1541/1541
f 1827/1541/1541 1531/1540/1540 1532/1542/1542
f 1827/1541/1541 1532/1542/1542 1826/1543/1543
f 1826/1543/1543 1532/1542/1542 1533/1544/1544
f 1826/1543/1543 1533/1544/1544 1825/1545/1545
f 1825/1545/1545 1533/1544/1544 1824/1546/1546
f 1824/1546/1546 1533/1544/1544 1534/1547/1547
f 1824/1546/1546 1534/1547/1547 1823/1548/1548
f 1823/1548/1548 1534/1547/1547 1535/1549/1549
f 1823/1548/1548 1535/1549/1549 1822/1550/1550
f 1822/1550/1550 1535/1549/1549 1536/1551/1551
f 1822/1550/1550 1536/1551/1551 1821/1552/1552
f 1821/1552/1552 1536/1551/1551 1820/1553/1553
f 1820/1553/1553 1536/1551/1551 1537/1554/1554
f 1820/1553/1553 1537/1554/1554 1819/1555/1555
f 1819/1555/1555 1537/1554/1554 1538/1556/1556
f 1819/1555/1555 1538/1556/1556 1818/1557/1557
f 1818/1557/1557 1538/1556/1556 1539/1558/1558
f 1818/1557/1557 1539/1558/1558 1817/1559/1559
f 1817/1559/1559 1539/1558/1558 1540/1560/1560
f 1817/1559/1559 1540/1560/1560 1541/1561/1561
f 1542/1562/1562 1737/1563/1563 1541/1561/1561
f 1541/1561/1561 1737/1563/1563 1816/1564/1564
f 1541/1561/1561 1816/1564/1564 1817/1559/1559
f 1543/1565/1565 1668/1566/1566 1542/1562/1562
f 1542/1562/1562 1668/1566/1566 1736/1567/1567
f 1542/1562/1562 1736/1567/1567 1737/1563/1563
f 1668/1566/1566 1543/1565/1565 1667/1568/1568
f 1667/1568/1568 1543/1565/1565 1544/1569/1569
f 1667/1568/1568 1544/1569/1569 1666/1570/1570
f 1666/1570/1570 1544/1569/1569 1545/1571/1571
f 1666/1570/1570 1545/1571/1571 1665/1572/1572
f 1665/1572/1572 1545/1571/1571 1546/1573/1573
f 1665/1572/1572 1546/1573/1573 1664/1574/1574
f 1664/1574/1574 1546/1573/1573 1547/1575/1575
f 1664/1574/1574 1547/1575/1575 1663/1576/1576
f 1663/1576/1576 1547/1575/1575 1548/1577/1577
f 1663/1576/1576 1548/1577/1577 1662/1578/1578
f 1662/1578/1578 1548/1577/1577 1549/1579/1579
f 1662/1578/1578 1549/1579/1579 1661/1580/1580
f 1661/1580/1580 1549/1579/1579 1550/1581/1581
f 1661/1580/1580 1550/1581/1581 1660/1582/1582
f 1660/1582/1582 1550/1581/1581 1551/1583/1583
f 1660/1582/1582 1551/1583/1583 1659/1584/1584
f 1659/1584/1584 1551/1583/1583 1552/1585/1585
f 1659/1584/1584 1552/1585/1585 1658/1586/1586
f 1658/1586/1586 1552/1585/1585 1553/1587/1587
f 1658/1586/1586 1553/1587/1587 1728/1588/1588
f 1728/1588/1588 1553/1587/1587 1554/1589/1589
f 1728/1588/1588 1554/1589/1589 1623/1590/1590
f 1623/1590/1590 1554/1589/1589 1555/1591/1591
f 1623/1590/1590 1555/1591/1591 1622/1592/1592
f 1622/1592/1592 1555/1591/1591 1556/1593/1593
f 1622/1592/1592 1556/1593/1593 1621/1594/1594
f 1621/1594/1594 1556/1593/1593 1557/1595/1595
f 1621/1594/1594 1557/1595/1595 1620/1596/1596
f 1620/1596/1596 1557/1595/1595 1558/1597/1597
f 1620/1596/1596 1558/1597/1597 1619/1598/1598
f 1619/1598/1598 1558/1597/1597 1559/1599/1599
f 1619/1598/1598 1559/1599/1599 1618/1600/1600
f 1618/1600/1600 1559/1599/1599 1560/1601/1601
f 1618/1600/1600 1560/1601/1601 1617/1602/1602
f 1617/1602/1602 1560/1601/1601 1561/1603/1603
f 1617/1602/1602 1561/1603/1603 1616/1604/1604
f 1616/1604/1604 1561/1603/1603 1615/1605/1605
f 1615/1605/1605 1561/1603/1603 1562/1606/1606
f 1615/1605/1605 1562/1606/1606 1614/1607/1607
f 1614/1607/1607 1562/1606/1606 1563/1608/1608
f 1614/1607/1607 1563/1608/1608 1613/1609/1609
f 1613/1609/1609 1563/1608/1608 1564/1610/1610
f 1613/1609/1609 1564/1610/1610 1612/1611/1611
f 1612/1611/1611 1564/1610/1610 1644/1612/1612
f 1644/1612/1612 1564/1610/1610 1565/1613/1613
f 1644/1612/1612 1565/1613/1613 1643/1614/1614
f 1643/1614/1614 1565/1613/1613 1566/1615/1615
f 1643/1614/1614 1566/1615/1615 1642/1616/1616
f 1642/1616/1616 1566/1615/1615 1567/1617/1617
f 1642/1616/1616 1567/1617/1617 1641/1618/1618
f 1641/1618/1618 1567/1617/1617 1568/1619/1619
f 1641/1618/1618 1568/1619/1619 1640/1620/1620
f 1640/1620/1620 1568/1619/1619 1569/1621/1621
f 1640/1620/1620 1569/1621/1621 1639/1622/1622
f 1639/1622/1622 1569/1621/1621 1570/1623/1623
f 1639/1622/1622 1570/1623/1623 1717/1624/1624
f 1717/1624/1624 1570/1623/1623 1777/1625/1625
f 1777/1625/1625 1570/1623/1623 1571/1626/1626
f 1777/1625/1625 1571/1626/1626 1684/1627/1627
f 1684/1627/1627 1571/1626/1626 1572/1628/1628
f 1684/1627/1627 1572/1628/1628 1683/1629/1629
f 1683/1629/1629 1572/1628/1628 1573/1630/1630
f 1683/1629/1629 1573/1630/1630 1682/1631/1631
f 1682/1631/1631 1573/1630/1630 1574/1632/1632
f 1682/1631/1631 1574/1632/1632 1681/1633/1633
f 1681/1633/1633 1574/1632/1632 1575/1634/1634
f 1681/1633/1633 1575/1634/1634 1680/1635/1635
f 1680/1635/1635 1575/1634/1634 1576/1636/1636
f 1680/1635/1635 1576/1636/1636 1679/1637/1637
f 1679/1637/1637 1576/1636/1636 1577/1638/1638
f 1679/1637/1637 1577/1638/1638 1678/1639/1639
f 1678/1639/1639 1577/1638/1638 1677/1640/1640
f 1677/1640/1640 1577/1638/1638 1578/1641/1641
f 1677/1640/1640 1578/1641/1641 1676/1642/1642
f 1676/1642/1642 1578/1641/1641 1579/1643/1643
f 1676/1642/1642 1579/1643/1643 1675/1644/1644
f 1675/1644/1644 1579/1643/1643 1580/1645/1645
f 1675/1644/1644 1580/1645/1645 1674/1646/1646
f 1674/1646/1646 1580/1645/1645 1581/1647/1647
f 1674/1646/1646 1581/1647/1647 1582/1648/1648
f 1583/1649/1649 1768/1650/1650 1582/1648/1648
f 1582/1648/1648 1768/1650/1650 1769/1651/1651
f 1582/1648/1648 1769/1651/1651 1674/1646/1646
f 1674/1646/1646 1769/1651/1651 1673/1652/1652
f 1673/1652/1652 1769/1651/1651 1770/1653/1653
f 1673/1652/1652 1770/1653/1653 1672/1654/1654
f 1672/1654/1654 1770/1653/1653 1771/1655/1655
f 1672/1654/1654 1771/1655/1655 1671/1656/1656
f 1671/1656/1656 1771/1655/1655 1670/1657/1657
f 1670/1657/1657 1771/1655/1655 1772/1658/1658
f 1670/1657/1657 1772/1658/1658 1669/1659/1659
f 1669/1659/1659 1772/1658/1658 1692/1660/1660
f 1692/1660/1660 1772/1658/1658 1773/1661/1661
f 1692/1660/1660 1773/1661/1661 1691/1662/1662
f 1691/1662/1662 1773/1661/1661 1690/1663/1663
f 1690/1663/1663 1773/1661/1661 1774/1664/1664
f 1690/1663/1663 1774/1664/1664 1689/1665/1665
f 1689/1665/1665 1774/1664/1664 1688/1666/1666
f 1688/1666/1666 1774/1664/1664 1775/1667/1667
f 1688/1666/1666 1775/1667/1667 1687/1668/1668
f 1687/1668/1668 1775/1667/1667 1686/1669/1669
f 1686/1669/1669 1775/1667/1667 1776/1670/1670
f 1686/1669/1669 1776/1670/1670 1685/1671/1671
f 1685/1671/1671 1776/1670/1670 1777/1625/1625
f 1685/1671/1671 1777/1625/1625 1684/1627/1627
f 1768/1650/1650 1583/1649/1649 1778/1672/1672
f 1778/1672/1672 1583/1649/1649 1584/1673/1673
f 1778/1672/1672 1584/1673/1673 1810/1674/1674
f 1810/1674/1674 1584/1673/1673 1585/1675/1675
f 1810/1674/1674 1585/1675/1675 1809/1676/1676
f 1809/1676/1676 1585/1675/1675 1586/1677/1677
f 1809/1676/1676 1586/1677/1677 1808/1678/1678
f 1808/1678/1678 1586/1677/1677 1587/1679/1679
f 1808/1678/1678 1587/1679/1679 1807/1680/1680
f 1807/1680/1680 1587/1679/1679 1588/1681/1681
f 1807/1680/1680 1588/1681/1681 1806/1682/1682
f 1806/1682/1682 1588/1681/1681 1805/1683/1683
f 1805/1683/1683 1588/1681/1681 1589/1684/1684
f 1805/1683/1683 1589/1684/1684 1804/1685/1685
f 1804/1685/1685 1589/1684/1684 1590/1686/1686
f 1804/1685/1685 1590/1686/1686 1803/1687/1687
f 1803/1687/1687 1590/1686/1686 1591/1688/1688
f 1803/1687/1687 1591/1688/1688 1802/1689/1689
f 1802/1689/1689 1591/1688/1688 1801/1690/1690
f 1801/1690/1690 1591/1688/1688 1592/1691/1691
f 1801/1690/1690 1592/1691/1691 1800/1692/1692
f 1800/1692/1692 1592/1691/1691 1593/1693/1693
f 1800/1692/1692 1593/1693/1693 1799/1694/1694
f 1799/1694/1694 1593/1693/1693 1594/1695/1695
f 1799/1694/1694 1594/1695/1695 1798/1696/1696
f 1798/1696/1696 1594/1695/1695 1595/1697/1697
f 1798/1696/1696 1595/1697/1697 1797/1698/1698
f 1797/1698/1698 1595/1697/1697 1596/1699/1699
f 1797/1698/1698 1596/1699/1699 1796/1700/1700
f 1796/1700/1700 1596/1699/1699 1597/1701/1701
f 1796/1700/1700 1597/1701/1701 1795/1702/1702
f 1795/1702/1702 1597/1701/1701 1598/1703/1703
f 1795/1702/1702 1598/1703/1703 1794/1704/1704
f 1794/1704/1704 1598/1703/1703 1757/1705/1705
f 1794/1704/1704 1757/1705/1705 1758/1706/1706
f 1598/1703/1703 1599/1707/1707 1757/1705/1705
f 1757/1705/1705 1599/1707/1707 1756/1708/1708
f 1756/1708/1708 1599/1707/1707 1700/1709/1709
f 1756/1708/1708 1700/1709/1709 1701/1710/1710
f 1599/1707/1707 1600/1711/1711 1700/1709/1709
f 1700/1709/1709 1600/1711/1711 1601/1712/1712
f 1700/1709/1709 1601/1712/1712 1699/1713/1713
f 1699/1713/1713 1601/1712/1712 1602/1714/1714
f 1699/1713/1713 1602/1714/1714 1698/1715/1715
f 1698/1715/1715 1602/1714/1714 1603/1716/1716
f 1698/1715/1715 1603/1716/1716 1697/1717/1717
f 1697/1717/1717 1603/1716/1716 1604/1718/1718
f 1697/1717/1717 1604/1718/1718 1696/1719/1719
f 1696/1719/1719 1604/1718/1718 1695/1720/1720
f 1695/1720/1720 1604/1718/1718 1605/1721/1721
f 1695/1720/1720 1605/1721/1721 1694/1722/1722
f 1694/1722/1722 1605/1721/1721 1606/1723/1723
f 1694/1722/1722 1606/1723/1723 1693/1724/1724
f 1693/1724/1724 1606/1723/1723 1607/1725/1725
f 1693/1724/1724 1607/1725/1725 1716/1726/1726
f 1716/1726/1726 1607/1725/1725 1608/1727/1727
f 1716/1726/1726 1608/1727/1727 1715/1728/1728
f 1715/1728/1728 1608/1727/1727 1609/1729/1729
f 1715/1728/1728 1609/1729/1729 1714/1730/1730
f 1714/1730/1730 1609/1729/1729 1610/1731/1731
f 1714/1730/1730 1610/1731/1731 1749/1532/1532
f 1749/1532/1532 1610/1731/1731 1611/1530/1530
f 1728/1588/1588 1623/1590/1590 1727/1732/1732
f 1727/1732/1732 1623/1590/1590 1624/1733/1733
f 1727/1732/1732 1624/1733/1733 1726/1734/1734
f 1726/1734/1734 1624/1733/1733 1625/1735/1735
f 1726/1734/1734 1625/1735/1735 1626/1736/1736
f 1726/1734/1734 1626/1736/1736 1725/1737/1737
f 1725/1737/1737 1626/1736/1736 1627/1738/1738
f 1725/1737/1737 1627/1738/1738 1724/1739/1739
f 1724/1739/1739 1627/1738/1738 1628/1740/1740
f 1724/1739/1739 1628/1740/1740 1629/1741/1741
f 1724/1739/1739 1629/1741/1741 1723/1742/1742
f 1723/1742/1742 1629/1741/1741 1630/1743/1743
f 1723/1742/1742 1630/1743/1743 1631/1744/1744
f 1723/1742/1742 1631/1744/1744 1722/1745/1745
f 1722/1745/1745 1631/1744/1744 1632/1746/1746
f 1722/1745/1745 1632/1746/1746 1721/1747/1747
f 1721/1747/1747 1632/1746/1746 1633/1748/1748
f 1721/1747/1747 1633/1748/1748 1634/1749/1749
f 1721/1747/1747 1634/1749/1749 1720/1750/1750
f 1720/1750/1750 1634/1749/1749 1635/1751/1751
f 1720/1750/1750 1635/1751/1751 1719/1752/1752
f 1719/1752/1752 1635/1751/1751 1636/1753/1753
f 1719/1752/1752 1636/1753/1753 1637/1754/1754
f 1719/1752/1752 1637/1754/1754 1718/1755/1755
f 1718/1755/1755 1637/1754/1754 1638/1756/1756
f 1718/1755/1755 1638/1756/1756 1717/1624/1624
f 1717/1624/1624 1638/1756/1756 1639/1622/1622
f 1646/1757/1757 1735/1758/1758 1645/1759/1759
f 1645/1759/1759 1735/1758/1758 1736/1567/1567
f 1645/1759/1759 1736/1567/1567 1668/1566/1566
f 1646/1757/1757 1647/1760/1760 1735/1758/1758
f 1735/1758/1758 1647/1760/1760 1734/1761/1761
f 1734/1761/1761 1647/1760/1760 1648/1762/1762
f 1734/1761/1761 1648/1762/1762 1733/1763/1763
f 1733/1763/1763 1648/1762/1762 1649/1764/1764
f 1733/1763/1763 1649/1764/1764 1650/1765/1765
f 1733/1763/1763 1650/1765/1765 1732/1766/1766
f 1732/1766/1766 1650/1765/1765 1651/1767/1767
f 1732/1766/1766 1651/1767/1767 1652/1768/1768
f 1652/1768/1768 1653/1769/1769 1732/1766/1766
f 1732/1766/1766 1653/1769/1769 1731/1770/1770
f 1731/1770/1770 1653/1769/1769 1654/1771/1771
f 1731/1770/1770 1654/1771/1771 1655/1772/1772
f 1731/1770/1770 1655/1772/1772 1730/1773/1773
f 1730/1773/1773 1655/1772/1772 1656/1774/1774
f 1730/1773/1773 1656/1774/1774 1729/1775/1775
f 1729/1775/1775 1656/1774/1774 1657/1776/1776
f 1729/1775/1775 1657/1776/1776 1728/1588/1588
f 1728/1588/1588 1657/1776/1776 1658/1586/1586
f 1701/1710/1710 1702/1777/1777 1756/1708/1708
f 1756/1708/1708 1702/1777/1777 1755/1778/1778
f 1755/1778/1778 1702/1777/1777 1703/1779/1779
f 1755/1778/1778 1703/1779/1779 1754/1780/1780
f 1754/1780/1780 1703/1779/1779 1704/1781/1781
f 1754/1780/1780 1704/1781/1781 1705/1782/1782
f 1754/1780/1780 1705/1782/1782 1753/1783/1783
f 1753/1783/1783 1705/1782/1782 1706/1784/1784
f 1753/1783/1783 1706/1784/1784 1707/1785/1785
f 1753/1783/1783 1707/1785/1785 1752/1786/1786
f 1752/1786/1786 1707/1785/1785 1708/1787/1787
f 1752/1786/1786 1708/1787/1787 1709/1788/1788
f 1752/1786/1786 1709/1788/1788 1751/1789/1789
f 1751/1789/1789 1709/1788/1788 1710/1790/1790
f 1751/1789/1789 1710/1790/1790 1711/1791/1791
f 1751/1789/1789 1711/1791/1791 1750/1792/1792
f 1750/1792/1792 1711/1791/1791 1712/1793/1793
f 1750/1792/1792 1712/1793/1793 1713/1794/1794
f 1750/1792/1792 1713/1794/1794 1749/1532/1532
f 1749/1532/1532 1713/1794/1794 1714/1730/1730
f 1737/1563/1563 1738/1795/1795 1816/1564/1564
f 1816/1564/1564 1738/1795/1795 1815/1796/1796
f 1815/1796/1796 1738/1795/1795 1814/1797/1797
f 1814/1797/1797 1738/1795/1795 1739/1798/1798
f 1814/1797/1797 1739/1798/1798 1813/1799/1799
f 1813/1799/1799 1739/1798/1798 1740/1800/1800
f 1813/1799/1799 1740/1800/1800 1812/1801/1801
f 1812/1801/1801 1740/1800/1800 1811/1802/1802
f 1811/1802/1802 1740/1800/1800 1741/1803/1803
f 1811/1802/1802 1741/1803/1803 1843/1804/1804
f 1843/1804/1804 1741/1803/1803 1742/1805/1805
f 1843/1804/1804 1742/1805/1805 1842/1806/1806
f 1842/1806/1806 1742/1805/1805 1841/1807/1807
f 1841/1807/1807 1742/1805/1805 1743/1808/1808
f 1841/1807/1807 1743/1808/1808 1840/1809/1809
f 1840/1809/1809 1743/1808/1808 1744/1810/1810
f 1840/1809/1809 1744/1810/1810 1839/1811/1811
f 1839/1811/1811 1744/1810/1810 1838/1812/1812
f 1838/1812/1812 1744/1810/1810 1745/1813/1813
f 1838/1812/1812 1745/1813/1813 1837/1814/1814
f 1837/1814/1814 1745/1813/1813 1836/1815/1815
f 1836/1815/1815 1745/1813/1813 1746/1816/1816
f 1836/1815/1815 1746/1816/1816 1835/1817/1817
f 1835/1817/1817 1746/1816/1816 1747/1818/1818
f 1835/1817/1817 1747/1818/1818 1834/1819/1819
f 1834/1819/1819 1747/1818/1818 1748/1531/1531
f 1834/1819/1819 1748/1531/1531 1833/1529/1529
f 1794/1704/1704 1758/1706/1706 1793/1820/1820
f 1793/1820/1820 1758/1706/1706 1759/1821/1821
f 1793/1820/1820 1759/1821/1821 1792/1822/1822
f 1792/1822/1822 1759/1821/1821 1760/1823/1823
f 1792/1822/1822 1760/1823/1823 1791/1824/1824
f 1791/1824/1824 1760/1823/1823 1790/1825/1825
f 1790/1825/1825 1760/1823/1823 1761/1826/1826
f 1790/1825/1825 1761/1826/1826 1789/1827/1827
f 1789/1827/1827 1761/1826/1826 1788/1828/1828
f 1788/1828/1828 1761/1826/1826 1762/1829/1829
f 1788/1828/1828 1762/1829/1829 1787/1830/1830
f 1787/1830/1830 1762/1829/1829 1763/1831/1831
f 1787/1830/1830 1763/1831/1831 1786/1832/1832
f 1786/1832/1832 1763/1831/1831 1785/1833/1833
f 1785/1833/1833 1763/1831/1831 1764/1834/1834
f 1785/1833/1833 1764/1834/1834 1784/1835/1835
f 1784/1835/1835 1764/1834/1834 1783/1836/1836
f 1783/1836/1836 1764/1834/1834 1765/1837/1837
f 1783/1836/1836 1765/1837/1837 1782/1838/1838
f 1782/1838/1838 1765/1837/1837 1766/1839/1839
f 1782/1838/1838 1766/1839/1839 1781/1840/1840
f 1781/1840/1840 1766/1839/1839 1780/1841/1841
f 1780/1841/1841 1766/1839/1839 1767/1842/1842
f 1780/1841/1841 1767/1842/1842 1779/1843/1843
f 1779/1843/1843 1767/1842/1842 1768/1650/1650
f 1779/1843/1843 1768/1650/1650 1778/1672/1672
f 1845/1844/1844 1891/1845/1845 1844/1846/1846
f 1844/1846/1846 1891/1845/1845 1868/1847/1847
f 1844/1846/1846 1868/1847/1847 1869/1848/1848
f 1891/1845/1845 1845/1844/1844 1890/1849/1849
f 1890/1849/1849 1845/1844/1844 1846/1850/1850
f 1890/1849/1849 1846/1850/1850 1889/1851/1851
f 1889/1851/1851 1846/1850/1850 1847/1852/1852
f 1889/1851/1851 1847/1852/1852 1888/1853/1853
f 1888/1853/1853 1847/1852/1852 1848/1854/1854
f 1888/1853/1853 1848/1854/1854 1887/1855/1855
f 1887/1855/1855 1848/1854/1854 1849/1856/1856
f 1887/1855/1855 1849/1856/1856 1886/1857/1857
f 1886/1857/1857 1849/1856/1856 1850/1858/1858
f 1886/1857/1857 1850/1858/1858 1851/1859/1859
f 1886/1857/1857 1851/1859/1859 1885/1860/1860
f 1885/1860/1860 1851/1859/1859 1852/1861/1861
f 1885/1860/1860 1852/1861/1861 1884/1862/1862
f 1884/1862/1862 1852/1861/1861 1853/1863/1863
f 1884/1862/1862 1853/1863/1863 1883/1864/1864
f 1883/1864/1864 1853/1863/1863 1854/1865/1865
f 1883/1864/1864 1854/1865/1865 1882/1866/1866
f 1882/1866/1866 1854/1865/1865 1855/1867/1867
f 1882/1866/1866 1855/1867/1867 1881/1868/1868
f 1881/1868/1868 1855/1867/1867 1880/1869/1869
f 1880/1869/1869 1855/1867/1867 1856/1870/1870
f 1880/1869/1869 1856/1870/1870 1879/1871/1871
f 1879/1871/1871 1856/1870/1870 1857/1872/1872
f 1879/1871/1871 1857/1872/1872 1878/1873/1873
f 1878/1873/1873 1857/1872/1872 1858/1874/1874
f 1878/1873/1873 1858/1874/1874 1877/1875/1875
f 1877/1875/1875 1858/1874/1874 1859/1876/1876
f 1877/1875/1875 1859/1876/1876 1876/1877/1877
f 1876/1877/1877 1859/1876/1876 1860/1878/1878
f 1876/1877/1877 1860/1878/1878 1875/1879/1879
f 1875/1879/1879 1860/1878/1878 1861/1880/1880
f 1875/1879/1879 1861/1880/1880 1874/1881/1881
f 1874/1881/1881 1861/1880/1880 1862/1882/1882
f 1874/1881/1881 1862/1882/1882 1863/1883/1883
f 1874/1881/1881 1863/1883/1883 1873/1884/1884
f 1873/1884/1884 1863/1883/1883 1864/1885/1885
f 1873/1884/1884 1864/1885/1885 1872/1886/1886
f 1872/1886/1886 1864/1885/1885 1865/1887/1887
f 1872/1886/1886 1865/1887/1887 1871/1888/1888
f 1871/1888/1888 1865/1887/1887 1866/1889/1889
f 1871/1888/1888 1866/1889/1889 1870/1890/1890
f 1870/1890/1890 1866/1889/1889 1867/1891/1891
f 1870/1890/1890 1867/1891/1891 1869/1848/1848
f 1869/1848/1848 1867/1891/1891 1844/1846/1846
f 1893/1892/1892 1916/1893/1893 1892/1894/1894
f 1892/1894/1894 1916/1893/1893 1917/1895/1895
f 1892/1894/1894 1917/1895/1895 1915/1896/1896
f 1915/1896/1896 1917/1895/1895 1918/1897/1897
f 1915/1896/1896 1918/1897/1897 1914/1898/1898
f 1914/1898/1898 1918/1897/1897 1913/1899/1899
f 1913/1899/1899 1918/1897/1897 1919/1900/1900
f 1913/1899/1899 1919/1900/1900 1912/1901/1901
f 1912/1901/1901 1919/1900/1900 1920/1902/1902
f 1912/1901/1901 1920/1902/1902 1911/1903/1903
f 1911/1903/1903 1920/1902/1902 1921/1904/1904
f 1911/1903/1903 1921/1904/1904 1910/1905/1905
f 1910/1905/1905 1921/1904/1904 1922/1906/1906
f 1910/1905/1905 1922/1906/1906 1909/1907/1907
f 1909/1907/1907 1922/1906/1906 1923/1908/1908
f 1909/1907/1907 1923/1908/1908 1908/1909/1909
f 1908/1909/1909 1923/1908/1908 1924/1910/1910
f 1908/1909/1909 1924/1910/1910 1925/1911/1911
f 1916/1893/1893 1893/1892/1892 1939/1912/1912
f 1939/1912/1912 1893/1892/1892 1894/1913/1913
f 1939/1912/1912 1894/1913/1913 1938/1914/1914
f 1938/1914/1914 1894/1913/1913 1895/1915/1915
f 1938/1914/1914 1895/1915/1915 1937/1916/1916
f 1937/1916/1916 1895/1915/1915 1936/1917/1917
f 1936/1917/1917 1895/1915/1915 1896/1918/1918
f 1936/1917/1917 1896/1918/1918 1935/1919/1919
f 1935/1919/1919 1896/1918/1918 1897/1920/1920
f 1935/1919/1919 1897/1920/1920 1934/1921/1921
f 1934/1921/1921 1897/1920/1920 1898/1922/1922
f 1934/1921/1921 1898/1922/1922 1933/1923/1923
f 1933/1923/1923 1898/1922/1922 1899/1924/1924
f 1933/1923/1923 1899/1924/1924 1932/1925/1925
f 1932/1925/1925 1899/1924/1924 1900/1926/1926
f 1932/1925/1925 1900/1926/1926 1931/1927/1927
f 1931/1927/1927 1900/1926/1926 1901/1928/1928
f 1931/1927/1927 1901/1928/1928 1930/1929/1929
f 1930/1929/1929 1901/1928/1928 1902/1930/1930
f 1930/1929/1929 1902/1930/1930 1903/1931/1931
f 1930/1929/1929 1903/1931/1931 1929/1932/1932
f 1929/1932/1932 1903/1931/1931 1904/1933/1933
f 1929/1932/1932 1904/1933/1933 1928/1934/1934
f 1928/1934/1934 1904/1933/1933 1905/1935/1935
f 1928/1934/1934 1905/1935/1935 1927/1936/1936
f 1927/1936/1936 1905/1935/1935 1906/1937/1937
f 1927/1936/1936 1906/1937/1937 1926/1938/1938
f 1926/1938/1938 1906/1937/1937 1907/1939/1939
f 1926/1938/1938 1907/1939/1939 1925/1911/1911
f 1925/1911/1911 1907/1939/1939 1908/1909/1909
f 1941/1940/1940 1987/1941/1941 1940/1942/1942
f 1940/1942/1942 1987/1941/1941 1964/1943/1943
f 1940/1942/1942 1964/1943/1943 1963/1944/1944
f 1963/1944/1944 1964/1943/1943 1965/1945/1945
f 1963/1944/1944 1965/1945/1945 1962/1946/1946
f 1962/1946/1946 1965/1945/1945 1966/1947/1947
f 1962/1946/1946 1966/1947/1947 1961/1948/1948
f 1961/1948/1948 1966/1947/1947 1967/1949/1949
f 1961/1948/1948 1967/1949/1949 1960/1950/1950
f 1960/1950/1950 1967/1949/1949 1968/1951/1951
f 1960/1950/1950 1968/1951/1951 1959/1952/1952
f 1959/1952/1952 1968/1951/1951 1969/1953/1953
f 1959/1952/1952 1969/1953/1953 1970/1954/1954
f 1987/1941/1941 1941/1940/1940 1986/1955/1955
f 1986/1955/1955 1941/1940/1940 1942/1956/1956
f 1986/1955/1955 1942/1956/1956 1943/1957/1957
f 1986/1955/1955 1943/1957/1957 1985/1958/1958
f 1985/1958/1958 1943/1957/1957 1944/1959/1959
f 1985/1958/1958 1944/1959/1959 1984/1960/1960
f 1984/1960/1960 1944/1959/1959 1945/1961/1961
f 1984/1960/1960 1945/1961/1961 1983/1962/1962
f 1983/1962/1962 1945/1961/1961 1946/1963/1963
f 1983/1962/1962 1946/1963/1963 1982/1964/1964
f 1982/1964/1964 1946/1963/1963 1947/1965/1965
f 1982/1964/1964 1947/1965/1965 1981/1966/1966
f 1981/1966/1966 1947/1965/1965 1948/1967/1967
f 1981/1966/1966 1948/1967/1967 1980/1968/1968
f 1980/1968/1968 1948/1967/1967 1979/1969/1969
f 1979/1969/1969 1948/1967/1967 1949/1970/1970
f 1979/1969/1969 1949/1970/1970 1978/1971/1971
f 1978/1971/1971 1949/1970/1970 1950/1972/1972
f 1978/1971/1971 1950/1972/1972 1977/1973/1973
f 1977/1973/1973 1950/1972/1972 1951/1974/1974
f 1977/1973/1973 1951/1974/1974 1976/1975/1975
f 1976/1975/1975 1951/1974/1974 1952/1976/1976
f 1976/1975/1975 1952/1976/1976 1975/1977/1977
f 1975/1977/1977 1952/1976/1976 1953/1978/1978
f 1975/1977/1977 1953/1978/1978 1974/1979/1979
f 1974/1979/1979 1953/1978/1978 1954/1980/1980
f 1974/1979/1979 1954/1980/1980 1955/1981/1981
f 1974/1979/1979 1955/1981/1981 1973/1982/1982
f 1973/1982/1982 1955/1981/1981 1956/1983/1983
f 1973/1982/1982 1956/1983/1983 1972/1984/1984
f 1972/1984/1984 1956/1983/1983 1957/1985/1985
f 1972/1984/1984 1957/1985/1985 1971/1986/1986
f 1971/1986/1986 1957/1985/1985 1958/1987/1987
f 1971/1986/1986 1958/1987/1987 1970/1954/1954
f 1970/1954/1954 1958/1987/1987 1959/1952/1952
f 2020/1988/1988 1988/1989/1989 2021/1990/1990
f 2021/1990/1990 1988/1989/1989 1989/1991/1991
f 2021/1990/1990 1989/1991/1991 2045/1992/1992
f 2045/1992/1992 1989/1991/1991 1990/1993/1993
f 2045/1992/1992 1990/1993/1993 2044/1994/1994
f 2044/1994/1994 1990/1993/1993 1991/1995/1995
f 2044/1994/1994 1991/1995/1995 2043/1996/1996
f 2043/1996/1996 1991/1995/1995 1992/1997/1997
f 2043/1996/1996 1992/1997/1997 1993/1998/1998
f 2043/1996/1996 1993/1998/1998 2042/1999/1999
f 2042/1999/1999 1993/1998/1998 1994/2000/2000
f 2042/1999/1999 1994/2000/2000 2041/2001/2001
f 2041/2001/2001 1994/2000/2000 1995/2002/2002
f 2041/2001/2001 1995/2002/2002 2040/2003/2003
f 2040/2003/2003 1995/2002/2002 1996/2004/2004
f 2040/2003/2003 1996/2004/2004 1997/2005/2005
f 2040/2003/2003 1997/2005/2005 2039/2006/2006
f 2039/2006/2006 1997/2005/2005 1998/2007/2007
f 2039/2006/2006 1998/2007/2007 2038/2008/2008
f 2038/2008/2008 1998/2007/2007 1999/2009/2009
f 2038/2008/2008 1999/2009/2009 2037/2010/2010
f 2037/2010/2010 1999/2009/2009 2000/2011/2011
f 2037/2010/2010 2000/2011/2011 2001/2012/2012
f 2037/2010/2010 2001/2012/2012 2036/2013/2013
f 2036/2013/2013 2001/2012/2012 2002/2014/2014
f 2036/2013/2013 2002/2014/2014 2035/2015/2015
f 2035/2015/2015 2002/2014/2014 2003/2016/2016
f 2035/2015/2015 2003/2016/2016 2034/2017/2017
f 2034/2017/2017 2003/2016/2016 2004/2018/2018
f 2034/2017/2017 2004/2018/2018 2033/2019/2019
f 2033/2019/2019 2004/2018/2018 2005/2020/2020
f 2033/2019/2019 2005/2020/2020 2006/2021/2021
f 2033/2019/2019 2006/2021/2021 2032/2022/2022
f 2032/2022/2022 2006/2021/2021 2007/2023/2023
f 2032/2022/2022 2007/2023/2023 2031/2024/2024
f 2031/2024/2024 2007/2023/2023 2008/2025/2025
f 2031/2024/2024 2008/2025/2025 2030/2026/2026
f 2030/2026/2026 2008/2025/2025 2009/2027/2027
f 2030/2026/2026 2009/2027/2027 2010/2028/2028
f 2030/2026/2026 2010/2028/2028 2029/2029/2029
f 2029/2029/2029 2010/2028/2028 2011/2030/2030
f 2029/2029/2029 2011/2030/2030 2028/2031/2031
f 2028/2031/2031 2011/2030/2030 2012/2032/2032
f 2028/2031/2031 2012/2032/2032 2027/2033/2033
f 2027/2033/2033 2012/2032/2032 2013/2034/2034
f 2027/2033/2033 2013/2034/2034 2014/2035/2035
f 2027/2033/2033 2014/2035/2035 2026/2036/2036
f 2026/2036/2036 2014/2035/2035 2015/2037/2037
f 2026/2036/2036 2015/2037/2037 2025/2038/2038
f 2025/2038/2038 2015/2037/2037 2016/2039/2039
f 2025/2038/2038 2016/2039/2039 2024/2040/2040
f 2024/2040/2040 2016/2039/2039 2017/2041/2041
f 2024/2040/2040 2017/2041/2041 2018/2042/2042
f 2024/2040/2040 2018/2042/2042 2023/2043/2043
f 2023/2043/2043 2018/2042/2042 2019/2044/2044
f 2023/2043/2043 2019/2044/2044 2022/2045/2045
f 2022/2045/2045 2019/2044/2044 2020/1988/1988
f 2022/2045/2045 2020/1988/1988 2021/1990/1990
f 2078/2046/2046 2046/2047/2047 2079/2048/2048
f 2079/2048/2048 2046/2047/2047 2047/2049/2049
f 2079/2048/2048 2047/2049/2049 2103/2050/2050
f 2103/2050/2050 2047/2049/2049 2048/2051/2051
f 2103/2050/2050 2048/2051/2051 2102/2052/2052
f 2102/2052/2052 2048/2051/2051 2049/2053/2053
f 2102/2052/2052 2049/2053/2053 2101/2054/2054
f 2101/2054/2054 2049/2053/2053 2050/2055/2055
f 2101/2054/2054 2050/2055/2055 2051/2056/2056
f 2101/2054/2054 2051/2056/2056 2100/2057/2057
f 2100/2057/2057 2051/2056/2056 2052/2058/2058
f 2100/2057/2057 2052/2058/2058 2099/2059/2059
f 2099/2059/2059 2052/2058/2058 2053/2060/2060
f 2099/2059/2059 2053/2060/2060 2098/2061/2061
f 2098/2061/2061 2053/2060/2060 2054/2062/2062
f 2098/2061/2061 2054/2062/2062 2055/2063/2063
f 2098/2061/2061 2055/2063/2063 2097/2064/2064
f 2097/2064/2064 2055/2063/2063 2056/2065/2065
f 2097/2064/2064 2056/2065/2065 2096/2066/2066
f 2096/2066/2066 2056/2065/2065 2057/2067/2067
f 2096/2066/2066 2057/2067/2067 2095/2068/2068
f 2095/2068/2068 2057/2067/2067 2058/2069/2069
f 2095/2068/2068 2058/2069/2069 2059/2070/2070
f 2095/2068/2068 2059/2070/2070 2094/2071/2071
f 2094/2071/2071 2059/2070/2070 2060/2072/2072
f 2094/2071/2071 2060/2072/2072 2093/2073/2073
f 2093/2073/2073 2060/2072/2072 2061/2074/2074
f 2093/2073/2073 2061/2074/2074 2092/2075/2075
f 2092/2075/2075 2061/2074/2074 2062/2076/2076
f 2092/2075/2075 2062/2076/2076 2091/2077/2077
f 2091/2077/2077 2062/2076/2076 2063/2078/2078
f 2091/2077/2077 2063/2078/2078 2064/2079/2079
f 2091/2077/2077 2064/2079/2079 2090/2080/2080
f 2090/2080/2080 2064/2079/2079 2065/2081/2081
f 2090/2080/2080 2065/2081/2081 2089/2082/2082
f 2089/2082/2082 2065/2081/2081 2066/2083/2083
f 2089/2082/2082 2066/2083/2083 2088/2084/2084
f 2088/2084/2084 2066/2083/2083 2067/2085/2085
f 2088/2084/2084 2067/2085/2085 2068/2086/2086
f 2088/2084/2084 2068/2086/2086 2087/2087/2087
f 2087/2087/2087 2068/2086/2086 2069/2088/2088
f 2087/2087/2087 2069/2088/2088 2086/2089/2089
f 2086/2089/2089 2069/2088/2088 2070/2090/2090
f 2086/2089/2089 2070/2090/2090 2085/2091/2091
f 2085/2091/2091 2070/2090/2090 2071/2092/2092
f 2085/2091/2091 2071/2092/2092 2072/2093/2093
f 2085/2091/2091 2072/2093/2093 2084/2094/2094
f 2084/2094/2094 2072/2093/2093 2073/2095/2095
f 2084/2094/2094 2073/2095/2095 2083/2096/2096
f 2083/2096/2096 2073/2095/2095 2074/2097/2097
f 2083/2096/2096 2074/2097/2097 2082/2098/2098
f 2082/2098/2098 2074/2097/2097 2075/2099/2099
f 2082/2098/2098 2075/2099/2099 2076/2100/2100
f 2082/2098/2098 2076/2100/2100 2081/2101/2101
f 2081/2101/2101 2076/2100/2100 2077/2102/2102
f 2081/2101/2101 2077/2102/2102 2080/2103/2103
f 2080/2103/2103 2077/2102/2102 2078/2046/2046
f 2080/2103/2103 2078/2046/2046 2079/2048/2048
f 2136/2104/2104 2104/2105/2105 2137/2106/2106
f 2137/2106/2106 2104/2105/2105 2105/2107/2107
f 2137/2106/2106 2105/2107/2107 2161/2108/2108
f 2161/2108/2108 2105/2107/2107 2106/2109/2109
f 2161/2108/2108 2106/2109/2109 2160/2110/2110
f 2160/2110/2110 2106/2109/2109 2107/2111/2111
f 2160/2110/2110 2107/2111/2111 2159/2112/2112
f 2159/2112/2112 2107/2111/2111 2108/2113/2113
f 2159/2112/2112 2108/2113/2113 2109/2114/2114
f 2159/2112/2112 2109/2114/2114 2158/2115/2115
f 2158/2115/2115 2109/2114/2114 2110/2116/2116
f 2158/2115/2115 2110/2116/2116 2157/2117/2117
f 2157/2117/2117 2110/2116/2116 2111/2118/2118
f 2157/2117/2117 2111/2118/2118 2156/2119/2119
f 2156/2119/2119 2111/2118/2118 2112/2120/2120
f 2156/2119/2119 2112/2120/2120 2113/2121/2121
f 2156/2119/2119 2113/2121/2121 2155/2122/2122
f 2155/2122/2122 2113/2121/2121 2114/2123/2123
f 2155/2122/2122 2114/2123/2123 2154/2124/2124
f 2154/2124/2124 2114/2123/2123 2115/2125/2125
f 2154/2124/2124 2115/2125/2125 2153/2126/2126
f 2153/2126/2126 2115/2125/2125 2116/2127/2127
f 2153/2126/2126 2116/2127/2127 2117/2128/2128
f 2153/2126/2126 2117/2128/2128 2152/2129/2129
f 2152/2129/2129 2117/2128/2128 2118/2130/2130
f 2152/2129/2129 2118/2130/2130 2151/2131/2131
f 2151/2131/2131 2118/2130/2130 2119/2132/2132
f 2151/2131/2131 2119/2132/2132 2150/2133/2133
f 2150/2133/2133 2119/2132/2132 2120/2134/2134
f 2150/2133/2133 2120/2134/2134 2149/2135/2135
f 2149/2135/2135 2120/2134/2134 2121/2136/2136
f 2149/2135/2135 2121/2136/2136 2122/2137/2137
f 2149/2135/2135 2122/2137/2137 2148/2138/2138
f 2148/2138/2138 2122/2137/2137 2123/2139/2139
f 2148/2138/2138 2123/2139/2139 2147/2140/2140
f 2147/2140/2140 2123/2139/2139 2124/2141/2141
f 2147/2140/2140 2124/2141/2141 2146/2142/2142
f 2146/2142/2142 2124/2141/2141 2125/2143/2143
f 2146/2142/2142 2125/2143/2143 2126/2144/2144
f 2146/2142/2142 2126/2144/2144 2145/2145/2145
f 2145/2145/2145 2126/2144/2144 2127/2146/2146
f 2145/2145/2145 2127/2146/2146 2144/2147/2147
f 2144/2147/2147 2127/2146/2146 2128/2148/2148
f 2144/2147/2147 2128/2148/2148 2143/2149/2149
f 2143/2149/2149 2128/2148/2148 2129/2150/2150
f 2143/2149/2149 2129/2150/2150 2130/2151/2151
f 2143/2149/2149 2130/2151/2151 2142/2152/2152
f 2142/2152/2152 2130/2151/2151 2131/2153/2153
f 2142/2152/2152 2131/2153/2153 2141/2154/2154
f 2141/2154/2154 2131/2153/2153 2132/2155/2155
f 2141/2154/2154 2132/2155/2155 2140/2156/2156
f 2140/2156/2156 2132/2155/2155 2133/2157/2157
f 2140/2156/2156 2133/2157/2157 2134/2158/2158
f 2140/2156/2156 2134/2158/2158 2139/2159/2159
f 2139/2159/2159 2134/2158/2158 2135/2160/2160
f 2139/2159/2159 2135/2160/2160 2138/2161/2161
f 2138/2161/2161 2135/2160/2160 2136/2104/2104
f 2138/2161/2161 2136/2104/2104 2137/2106/2106
f 287/2162/2162 2138/2163/2163 263/2164/2164
f 263/2164/2164 2138/2163/2163 2137/2165/2165
f 263/2166/2164 2137/2167/2165 264/2168/2166
f 264/2168/2166 2137/2167/2165 2161/2169/2167
f 264/2168/2166 2161/2169/2167 265/2170/2168
f 265/2170/2168 2161/2169/2167 2160/2171/2169
f 265/2170/2168 2160/2171/2169 266/2172/2170
f 266/2172/2170 2160/2171/2169 2159/2173/2171
f 266/2172/2170 2159/2173/2171 267/2174/2172
f 267/2174/2172 2159/2173/2171 2158/2175/2173
f 267/2174/2172 2158/2175/2173 268/2176/2174
f 268/2176/2174 2158/2175/2173 2157/2177/2175
f 268/2176/2174 2157/2177/2175 269/2178/2176
f 269/2178/2176 2157/2177/2175 2156/2179/2177
f 269/2178/2176 2156/2179/2177 270/2180/2178
f 270/2180/2178 2156/2179/2177 2155/2181/2179
f 270/2180/2178 2155/2181/2179 271/2182/2180
f 271/2182/2180 2155/2181/2179 2154/2183/2181
f 271/2182/2180 2154/2183/2181 272/2184/2182
f 272/2184/2182 2154/2183/2181 2153/2185/2183
f 272/2184/2182 2153/2185/2183 273/2186/2184
f 273/2186/2184 2153/2185/2183 2152/2187/2185
f 273/2186/2184 2152/2187/2185 274/2188/2186
f 274/2188/2186 2152/2187/2185 2151/2189/2187
f 274/2188/2186 2151/2189/2187 275/2190/2188
f 275/2190/2188 2151/2189/2187 2150/2191/2189
f 275/2190/2188 2150/2191/2189 276/2192/2190
f 276/2192/2190 2150/2191/2189 2149/2193/2191
f 276/2192/2190 2149/2193/2191 277/2194/2192
f 277/2194/2192 2149/2193/2191 2148/2195/2193
f 277/2194/2192 2148/2195/2193 278/2196/2194
f 278/2196/2194 2148/2195/2193 2147/2197/2195
f 278/2196/2194 2147/2197/2195 279/2198/2196
f 279/2198/2196 2147/2197/2195 2146/2199/2197
f 279/2198/2196 2146/2199/2197 280/2200/2198
f 280/2200/2198 2146/2199/2197 2145/2201/2199
f 280/2200/2198 2145/2201/2199 281/2202/2200
f 281/2202/2200 2145/2201/2199 2144/2203/2201
f 281/2202/2200 2144/2203/2201 282/2204/2202
f 282/2204/2202 2144/2203/2201 2143/2205/2203
f 282/2204/2202 2143/2205/2203 283/2206/2204
f 283/2206/2204 2143/2205/2203 2142/2207/2205
f 283/2206/2204 2142/2207/2205 284/2208/2206
f 284/2208/2206 2142/2207/2205 2141/2209/2207
f 284/2208/2206 2141/2209/2207 285/2210/2208
f 285/2210/2208 2141/2209/2207 2140/2211/2209
f 285/2210/2208 2140/2211/2209 286/2212/2210
f 286/2212/2210 2140/2211/2209 2139/2213/2211
f 286/2212/2210 2139/2213/2211 287/2162/2162
f 287/2162/2162 2139/2213/2211 2138/2163/2163
f 262/2214/2212 2080/2215/2213 238/2216/2214
f 238/2216/2214 2080/2215/2213 2079/2217/2215
f 238/2218/2214 2079/2219/2215 239/2220/2216
f 239/2220/2216 2079/2219/2215 2103/2221/2217
f 239/2220/2216 2103/2221/2217 240/2222/2218
f 240/2222/2218 2103/2221/2217 2102/2223/2219
f 240/2222/2218 2102/2223/2219 241/2224/2220
f 241/2224/2220 2102/2223/2219 2101/2225/2221
f 241/2224/2220 2101/2225/2221 242/2226/2222
f 242/2226/2222 2101/2225/2221 2100/2227/2223
f 242/2226/2222 2100/2227/2223 243/2228/2224
f 243/2228/2224 2100/2227/2223 2099/2229/2225
f 243/2228/2224 2099/2229/2225 244/2230/2226
f 244/2230/2226 2099/2229/2225 2098/2231/2227
f 244/2230/2226 2098/2231/2227 245/2232/2228
f 245/2232/2228 2098/2231/2227 2097/2233/2229
f 245/2232/2228 2097/2233/2229 246/2234/2230
f 246/2234/2230 2097/2233/2229 2096/2235/2231
f 246/2234/2230 2096/2235/2231 247/2236/2232
f 247/2236/2232 2096/2235/2231 2095/2237/2233
f 247/2236/2232 2095/2237/2233 248/2238/2234
f 248/2238/2234 2095/2237/2233 2094/2239/2235
f 248/2238/2234 2094/2239/2235 249/2240/2236
f 249/2240/2236 2094/2239/2235 2093/2241/2237
f 249/2240/2236 2093/2241/2237 250/2242/2238
f 250/2242/2238 2093/2241/2237 2092/2243/2239
f 250/2242/2238 2092/2243/2239 251/2244/2240
f 251/2244/2240 2092/2243/2239 2091/2245/2241
f 251/2244/2240 2091/2245/2241 252/2246/2242
f 252/2246/2242 2091/2245/2241 2090/2247/2243
f 252/2246/2242 2090/2247/2243 253/2248/2244
f 253/2248/2244 2090/2247/2243 2089/2249/2245
f 253/2248/2244 2089/2249/2245 254/2250/2246
f 254/2250/2246 2089/2249/2245 2088/2251/2247
f 254/2250/2246 2088/2251/2247 255/2252/2248
f 255/2252/2248 2088/2251/2247 2087/2253/2249
f 255/2252/2248 2087/2253/2249 256/2254/2250
f 256/2254/2250 2087/2253/2249 2086/2255/2251
f 256/2254/2250 2086/2255/2251 257/2256/2252
f 257/2256/2252 2086/2255/2251 2085/2257/2253
f 257/2256/2252 2085/2257/2253 258/2258/2254
f 258/2258/2254 2085/2257/2253 2084/2259/2255
f 258/2258/2254 2084/2259/2255 259/2260/2256
f 259/2260/2256 2084/2259/2255 2083/2261/2257
f 259/2260/2256 2083/2261/2257 260/2262/2258
f 260/2262/2258 2083/2261/2257 2082/2263/2259
f 260/2262/2258 2082/2263/2259 261/2264/2260
f 261/2264/2260 2082/2263/2259 2081/2265/2261
f 261/2264/2260 2081/2265/2261 262/2214/2212
f 262/2214/2212 2081/2265/2261 2080/2215/2213
f 237/2266/2262 2022/2267/2263 213/2268/2264
f 213/2268/2264 2022/2267/2263 2021/2269/2265
f 213/2270/2264 2021/2271/2265 214/2272/2266
f 214/2272/2266 2021/2271/2265 2045/2273/2267
f 214/2272/2266 2045/2273/2267 215/2274/2268
f 215/2274/2268 2045/2273/2267 2044/2275/2269
f 215/2274/2268 2044/2275/2269 216/2276/2270
f 216/2276/2270 2044/2275/2269 2043/2277/2271
f 216/2276/2270 2043/2277/2271 217/2278/2272
f 217/2278/2272 2043/2277/2271 2042/2279/2273
f 217/2278/2272 2042/2279/2273 218/2280/2274
f 218/2280/2274 2042/2279/2273 2041/2281/2275
f 218/2280/2274 2041/2281/2275 219/2282/2276
f 219/2282/2276 2041/2281/2275 2040/2283/2277
f 219/2282/2276 2040/2283/2277 220/2284/2278
f 220/2284/2278 2040/2283/2277 2039/2285/2279
f 220/2284/2278 2039/2285/2279 221/2286/2280
f 221/2286/2280 2039/2285/2279 2038/2287/2281
f 221/2286/2280 2038/2287/2281 222/2288/2282
f 222/2288/2282 2038/2287/2281 2037/2289/2283
f 222/2288/2282 2037/2289/2283 223/2290/2284
f 223/2290/2284 2037/2289/2283 2036/2291/2285
f 223/2290/2284 2036/2291/2285 224/2292/2286
f 224/2292/2286 2036/2291/2285 2035/2293/2287
f 224/2292/2286 2035/2293/2287 225/2294/2288
f 225/2294/2288 2035/2293/2287 2034/2295/2289
f 225/2294/2288 2034/2295/2289 226/2296/2290
f 226/2296/2290 2034/2295/2289 2033/2297/2291
f 226/2296/2290 2033/2297/2291 227/2298/2292
f 227/2298/2292 2033/2297/2291 2032/2299/2293
f 227/2298/2292 2032/2299/2293 228/2300/2294
f 228/2300/2294 2032/2299/2293 2031/2301/2295
f 228/2300/2294 2031/2301/2295 229/2302/2296
f 229/2302/2296 2031/2301/2295 2030/2303/2297
f 229/2302/2296 2030/2303/2297 230/2304/2298
f 230/2304/2298 2030/2303/2297 2029/2305/2299
f 230/2304/2298 2029/2305/2299 231/2306/2300
f 231/2306/2300 2029/2305/2299 2028/2307/2301
f 231/2306/2300 2028/2307/2301 232/2308/2302
f 232/2308/2302 2028/2307/2301 2027/2309/2303
f 232/2308/2302 2027/2309/2303 233/2310/2304
f 233/2310/2304 2027/2309/2303 2026/2311/2305
f 233/2310/2304 2026/2311/2305 234/2312/2306
f 234/2312/2306 2026/2311/2305 2025/2313/2307
f 234/2312/2306 2025/2313/2307 235/2314/2308
f 235/2314/2308 2025/2313/2307 2024/2315/2309
f 235/2314/2308 2024/2315/2309 236/2316/2310
f 236/2316/2310 2024/2315/2309 2023/2317/2311
f 236/2316/2310 2023/2317/2311 237/2266/2262
f 237/2266/2262 2023/2317/2311 2022/2267/2263
f 212/2318/2312 1941/2319/2313 189/2320/2314
f 189/2320/2314 1941/2319/2313 1940/2321/2315
f 189/2322/2314 1940/2323/2315 190/2324/2316
f 190/2324/2316 1940/2323/2315 1963/2325/2317
f 190/2324/2316 1963/2325/2317 191/2326/2318
f 191/2326/2318 1963/2325/2317 1962/2327/2319
f 191/2326/2318 1962/2327/2319 192/2328/2320
f 192/2328/2320 1962/2327/2319 1961/2329/2321
f 192/2328/2320 1961/2329/2321 193/2330/2322
f 193/2330/2322 1961/2329/2321 1960/2331/2323
f 193/2330/2322 1960/2331/2323 194/2332/2324
f 194/2332/2324 1960/2331/2323 1959/2333/2325
f 194/2332/2324 1959/2333/2325 195/2334/2326
f 195/2334/2326 1959/2333/2325 1958/2335/2327
f 195/2334/2326 1958/2335/2327 196/2336/2328
f 196/2336/2328 1958/2335/2327 1957/2337/2329
f 196/2336/2328 1957/2337/2329 197/2338/2330
f 197/2338/2330 1957/2337/2329 1956/2339/2331
f 197/2338/2330 1956/2339/2331 198/2340/2332
f 198/2340/2332 1956/2339/2331 1955/2341/2333
f 198/2340/2332 1955/2341/2333 199/2342/2334
f 199/2342/2334 1955/2341/2333 1954/2343/2335
f 199/2342/2334 1954/2343/2335 200/2344/2336
f 200/2344/2336 1954/2343/2335 1953/2345/2337
f 200/2344/2336 1953/2345/2337 201/2346/2338
f 201/2346/2338 1953/2345/2337 1952/2347/2339
f 201/2346/2338 1952/2347/2339 202/2348/2340
f 202/2348/2340 1952/2347/2339 1951/2349/2341
f 202/2348/2340 1951/2349/2341 203/2350/2342
f 203/2350/2342 1951/2349/2341 1950/2351/2343
f 203/2350/2342 1950/2351/2343 204/2352/2344
f 204/2352/2344 1950/2351/2343 1949/2353/2345
f 204/2352/2344 1949/2353/2345 205/2354/2346
f 205/2354/2346 1949/2353/2345 1948/2355/2347
f 205/2354/2346 1948/2355/2347 206/2356/2348
f 206/2356/2348 1948/2355/2347 1947/2357/2349
f 206/2356/2348 1947/2357/2349 207/2358/2350
f 207/2358/2350 1947/2357/2349 1946/2359/2351
f 207/2358/2350 1946/2359/2351 208/2360/2352
f 208/2360/2352 1946/2359/2351 1945/2361/2353
f 208/2360/2352 1945/2361/2353 209/2362/2354
f 209/2362/2354 1945/2361/2353 1944/2363/2355
f 209/2362/2354 1944/2363/2355 210/2364/2356
f 210/2364/2356 1944/2363/2355 1943/2365/2357
f 210/2364/2356 1943/2365/2357 211/2366/2358
f 211/2366/2358 1943/2365/2357 1942/2367/2359
f 211/2366/2358 1942/2367/2359 212/2318/2312
f 212/2318/2312 1942/2367/2359 1941/2319/2313
f 188/2368/2360 1893/2369/2361 165/2370/2362
f 165/2370/2362 1893/2369/2361 1892/2371/2363
f 165/2372/2362 1892/2373/2363 166/2374/2364
f 166/2374/2364 1892/2373/2363 1915/2375/2365
f 166/2374/2364 1915/2375/2365 167/2376/2366
f 167/2376/2366 1915/2375/2365 1914/2377/2367
f 167/2376/2366 1914/2377/2367 168/2378/2368
f 168/2378/2368 1914/2377/2367 1913/2379/2369
f 168/2378/2368 1913/2379/2369 169/2380/2370
f 169/2380/2370 1913/2379/2369 1912/2381/2371
f 169/2380/2370 1912/2381/2371 170/2382/2372
f 170/2382/2372 1912/2381/2371 1911/2383/2373
f 170/2382/2372 1911/2383/2373 171/2384/2374
f 171/2384/2374 1911/2383/2373 1910/2385/2375
f 171/2384/2374 1910/2385/2375 172/2386/2376
f 172/2386/2376 1910/2385/2375 1909/2387/2377
f 172/2386/2376 1909/2387/2377 173/2388/2378
f 173/2388/2378 1909/2387/2377 1908/2389/2379
f 173/2388/2378 1908/2389/2379 174/2390/2380
f 174/2390/2380 1908/2389/2379 1907/2391/2381
f 174/2390/2380 1907/2391/2381 175/2392/2382
f 175/2392/2382 1907/2391/2381 1906/2393/2383
f 175/2392/2382 1906/2393/2383 176/2394/2384
f 176/2394/2384 1906/2393/2383 1905/2395/2385
f 176/2394/2384 1905/2395/2385 177/2396/2386
f 177/2396/2386 1905/2395/2385 1904/2397/2387
f 177/2396/2386 1904/2397/2387 178/2398/2388
f 178/2398/2388 1904/2397/2387 1903/2399/2389
f 178/2398/2388 1903/2399/2389 179/2400/2390
f 179/2400/2390 1903/2399/2389 1902/2401/2391
f 179/2400/2390 1902/2401/2391 180/2402/2392
f 180/2402/2392 1902/2401/2391 1901/2403/2393
f 180/2402/2392 1901/2403/2393 181/2404/2394
f 181/2404/2394 1901/2403/2393 1900/2405/2395
f 181/2404/2394 1900/2405/2395 182/2406/2396
f 182/2406/2396 1900/2405/2395 1899/2407/2397
f 182/2406/2396 1899/2407/2397 183/2408/2398
f 183/2408/2398 1899/2407/2397 1898/2409/2399
f 183/2408/2398 1898/2409/2399 184/2410/2400
f 184/2410/2400 1898/2409/2399 1897/2411/2401
f 184/2410/2400 1897/2411/2401 185/2412/2402
f 185/2412/2402 1897/2411/2401 1896/2413/2403
f 185/2412/2402 1896/2413/2403 186/2414/2404
f 186/2414/2404 1896/2413/2403 1895/2415/2405
f 186/2414/2404 1895/2415/2405 187/2416/2406
f 187/2416/2406 1895/2415/2405 1894/2417/2407
f 187/2416/2406 1894/2417/2407 188/2368/2360
f 188/2368/2360 1894/2417/2407 1893/2369/2361
f 164/2418/2408 1845/2419/2409 141/2420/2410
f 141/2420/2410 1845/2419/2409 1844/2421/2411
f 141/2422/2410 1844/2423/2411 142/2424/2412
f 142/2424/2412 1844/2423/2411 1867/2425/2413
f 142/2424/2412 1867/2425/2413 143/2426/2414
f 143/2426/2414 1867/2425/2413 1866/2427/2415
f 143/2426/2414 1866/2427/2415 144/2428/2416
f 144/2428/2416 1866/2427/2415 1865/2429/2417
f 144/2428/2416 1865/2429/2417 145/2430/2418
f 145/2430/2418 1865/2429/2417 1864/2431/2419
f 145/2430/2418 1864/2431/2419 146/2432/2420
f 146/2432/2420 1864/2431/2419 1863/2433/2421
f 146/2432/2420 1863/2433/2421 147/2434/2422
f 147/2434/2422 1863/2433/2421 1862/2435/2423
f 147/2434/2422 1862/2435/2423 148/2436/2424
f 148/2436/2424 1862/2435/2423 1861/2437/2425
f 148/2436/2424 1861/2437/2425 149/2438/2426
f 149/2438/2426 1861/2437/2425 1860/2439/2427
f 149/2438/2426 1860/2439/2427 150/2440/2428
f 150/2440/2428 1860/2439/2427 1859/2441/2429
f 150/2440/2428 1859/2441/2429 151/2442/2430
f 151/2442/2430 1859/2441/2429 1858/2443/2431
f 151/2442/2430 1858/2443/2431 152/2444/2432
f 152/2444/2432 1858/2443/2431 1857/2445/2433
f 152/2444/2432 1857/2445/2433 153/2446/2434
f 153/2446/2434 1857/2445/2433 1856/2447/2435
f 153/2446/2434 1856/2447/2435 154/2448/2436
f 154/2448/2436 1856/2447/2435 1855/2449/2437
f 154/2448/2436 1855/2449/2437 155/2450/2438
f 155/2450/2438 1855/2449/2437 1854/2451/2439
f 155/2450/2438 1854/2451/2439 156/2452/2440
f 156/2452/2440 1854/2451/2439 1853/2453/2441
f 156/2452/2440 1853/2453/2441 157/2454/2442
f 157/2454/2442 1853/2453/2441 1852/2455/2443
f 157/2454/2442 1852/2455/2443 158/2456/2444
f 158/2456/2444 1852/2455/2443 1851/2457/2445
f 158/2456/2444 1851/2457/2445 159/2458/2446
f 159/2458/2446 1851/2457/2445 1850/2459/2447
f 159/2458/2446 1850/2459/2447 160/2460/2448
f 160/2460/2448 1850/2459/2447 1849/2461/2449
f 160/2460/2448 1849/2461/2449 161/2462/2450
f 161/2462/2450 1849/2461/2449 1848/2463/2451
f 161/2462/2450 1848/2463/2451 162/2464/2452
f 162/2464/2452 1848/2463/2451 1847/2465/2453
f 162/2464/2452 1847/2465/2453 163/2466/2454
f 163/2466/2454 1847/2465/2453 1846/2467/2455
f 163/2466/2454 1846/2467/2455 164/2418/2408
f 164/2418/2408 1846/2467/2455 1845/2419/2409
f 140/2468/2456 2221/2469/2457 81/2470/2458
f 81/2470/2458 2221/2469/2457 2162/2471/2459
f 81/2472/2458 2162/2473/2459 82/2474/2460
f 82/2474/2460 2162/2473/2459 2163/2475/2461
f 82/2474/2460 2163/2475/2461 83/2476/2462
f 83/2476/2462 2163/2475/2461 2164/2477/2463
f 83/2476/2462 2164/2477/2463 84/2478/2464
f 84/2478/2464 2164/2477/2463 2165/2479/2465
f 84/2478/2464 2165/2479/2465 85/2480/2466
f 85/2480/2466 2165/2479/2465 2166/2481/2467
f 85/2480/2466 2166/2481/2467 86/2482/2468
f 86/2482/2468 2166/2481/2467 2167/2483/2469
f 86/2482/2468 2167/2483/2469 87/2484/2470
f 87/2484/2470 2167/2483/2469 2168/2485/2471
f 87/2484/2470 2168/2485/2471 88/2486/2472
f 88/2486/2472 2168/2485/2471 2169/2487/2473
f 88/2486/2472 2169/2487/2473 89/2488/2474
f 89/2488/2474 2169/2487/2473 2170/2489/2475
f 89/2488/2474 2170/2489/2475 90/2490/2476
f 90/2490/2476 2170/2489/2475 2171/2491/2477
f 90/2490/2476 2171/2491/2477 91/2492/2478
f 91/2492/2478 2171/2491/2477 2172/2493/2479
f 91/2492/2478 2172/2493/2479 92/2494/2480
f 92/2494/2480 2172/2493/2479 2173/2495/2481
f 92/2494/2480 2173/2495/2481 93/2496/2482
f 93/2496/2482 2173/2495/2481 2174/2497/2483
f 93/2496/2482 2174/2497/2483 94/2498/2484
f 94/2498/2484 2174/2497/2483 2175/2499/2485
f 94/2498/2484 2175/2499/2485 95/2500/2486
f 95/2500/2486 2175/2499/2485 2176/2501/2487
f 95/2500/2486 2176/2501/2487 96/2502/2488
f 96/2502/2488 2176/2501/2487 2177/2503/2489
f 96/2502/2488 2177/2503/2489 97/2504/2490
f 97/2504/2490 2177/2503/2489 2178/2505/2491
f 97/2504/2490 2178/2505/2491 98/2506/2492
f 98/2506/2492 2178/2505/2491 2179/2507/2493
f 98/2506/2492 2179/2507/2493 99/2508/2494
f 99/2508/2494 2179/2507/2493 2180/2509/2495
f 99/2508/2494 2180/2509/2495 100/2510/2496
f 100/2510/2496 2180/2509/2495 2181/2511/2497
f 100/2510/2496 2181/2511/2497 101/2512/2498
f 101/2512/2498 2181/2511/2497 2182/2513/2499
f 101/2512/2498 2182/2513/2499 102/2514/2500
f 102/2514/2500 2182/2513/2499 2183/2515/2501
f 102/2514/2500 2183/2515/2501 103/2516/2502
f 103/2516/2502 2183/2515/2501 2184/2517/2503
f 103/2516/2502 2184/2517/2503 104/2518/2504
f 104/2518/2504 2184/2517/2503 2185/2519/2505
f 104/2518/2504 2185/2519/2505 105/2520/2506
f 105/2520/2506 2185/2519/2505 2186/2521/2507
f 105/2520/2506 2186/2521/2507 106/2522/2508
f 106/2522/2508 2186/2521/2507 2187/2523/2509
f 106/2522/2508 2187/2523/2509 107/2524/2510
f 107/2524/2510 2187/2523/2509 2188/2525/2511
f 107/2524/2510 2188/2525/2511 108/2526/2512
f 108/2526/2512 2188/2525/2511 2189/2527/2513
f 108/2526/2512 2189/2527/2513 109/2528/2514
f 109/2528/2514 2189/2527/2513 2190/2529/2515
f 109/2528/2514 2190/2529/2515 110/2530/2516
f 110/2530/2516 2190/2529/2515 2191/2531/2517
f 110/2530/2516 2191/2531/2517 111/2532/2518
f 111/2532/2518 2191/2531/2517 2192/2533/2519
f 111/2532/2518 2192/2533/2519 112/2534/2520
f 112/2534/2520 2192/2533/2519 2193/2535/2521
f 112/2534/2520 2193/2535/2521 113/2536/2522
f 113/2536/2522 2193/2535/2521 2194/2537/2523
f 113/2536/2522 2194/2537/2523 114/2538/2524
f 114/2538/2524 2194/2537/2523 2195/2539/2525
f 114/2538/2524 2195/2539/2525 115/2540/2526
f 115/2540/2526 2195/2539/2525 2196/2541/2527
f 115/2540/2526 2196/2541/2527 116/2542/2528
f 116/2542/2528 2196/2541/2527 2197/2543/2529
f 116/2542/2528 2197/2543/2529 117/2544/2530
f 117/2544/2530 2197/2543/2529 2198/2545/2531
f 117/2544/2530 2198/2545/2531 118/2546/2532
f 118/2546/2532 2198/2545/2531 2199/2547/2533
f 118/2546/2532 2199/2547/2533 119/2548/2534
f 119/2548/2534 2199/2547/2533 2200/2549/2535
f 119/2548/2534 2200/2549/2535 120/2550/2536
f 120/2550/2536 2200/2549/2535 2201/2551/2537
f 120/2550/2536 2201/2551/2537 121/2552/2538
f 121/2552/2538 2201/2551/2537 2202/2553/2539
f 121/2552/2538 2202/2553/2539 122/2554/2540
f 122/2554/2540 2202/2553/2539 2203/2555/2541
f 122/2554/2540 2203/2555/2541 123/2556/2542
f 123/2556/2542 2203/2555/2541 2204/2557/2543
f 123/2556/2542 2204/2557/2543 124/2558/2544
f 124/2558/2544 2204/2557/2543 2205/2559/2545
f 124/2558/2544 2205/2559/2545 125/2560/2546
f 125/2560/2546 2205/2559/2545 2206/2561/2547
f 125/2560/2546 2206/2561/2547 126/2562/2548
f 126/2562/2548 2206/2561/2547 2207/2563/2549
f 126/2562/2548 2207/2563/2549 127/2564/2550
f 127/2564/2550 2207/2563/2549 2208/2565/2551
f 127/2564/2550 2208/2565/2551 128/2566/2552
f 128/2566/2552 2208/2565/2551 2209/2567/2553
f 128/2566/2552 2209/2567/2553 129/2568/2554
f 129/2568/2554 2209/2567/2553 2210/2569/2555
f 129/2568/2554 2210/2569/2555 130/2570/2556
f 130/2570/2556 2210/2569/2555 2211/2571/2557
f 130/2570/2556 2211/2571/2557 131/2572/2558
f 131/2572/2558 2211/2571/2557 2212/2573/2559
f 131/2572/2558 2212/2573/2559 132/2574/2560
f 132/2574/2560 2212/2573/2559 2213/2575/2561
f 132/2574/2560 2213/2575/2561 133/2576/2562
f 133/2576/2562 2213/2575/2561 2214/2577/2563
f 133/2576/2562 2214/2577/2563 134/2578/2564
f 134/2578/2564 2214/2577/2563 2215/2579/2565
f 134/2578/2564 2215/2579/2565 135/2580/2566
f 135/2580/2566 2215/2579/2565 2216/2581/2567
f 135/2580/2566 2216/2581/2567 136/2582/2568
f 136/2582/2568 2216/2581/2567 2217/2583/2569
f 136/2582/2568 2217/2583/2569 137/2584/2570
f 137/2584/2570 2217/2583/2569 2218/2585/2571
f 137/2584/2570 2218/2585/2571 138/2586/2572
f 138/2586/2572 2218/2585/2571 2219/2587/2573
f 138/2586/2572 2219/2587/2573 139/2588/2574
f 139/2588/2574 2219/2587/2573 2220/2589/2575
f 139/2588/2574 2220/2589/2575 140/2468/2456
f 140/2468/2456 2220/2589/2575 2221/2469/2457
f 1644/2590/2576 2105/2591/2577 1612/2592/2578
f 1612/2592/2578 2105/2591/2577 2104/2593/2579
f 1612/2594/2578 2104/2595/2579 1613/2596/2580
f 1613/2596/2580 2104/2595/2579 2136/2597/2581
f 1613/2596/2580 2136/2597/2581 1614/2598/2582
f 1614/2598/2582 2136/2597/2581 2135/2599/2583
f 1614/2598/2582 2135/2599/2583 1615/2600/2584
f 1615/2600/2584 2135/2599/2583 2134/2601/2585
f 1615/2600/2584 2134/2601/2585 1616/2602/2586
f 1616/2602/2586 2134/2601/2585 2133/2603/2587
f 1616/2602/2586 2133/2603/2587 1617/2604/2588
f 1617/2604/2588 2133/2603/2587 2132/2605/2589
f 1617/2604/2588 2132/2605/2589 1618/2606/2590
f 1618/2606/2590 2132/2605/2589 2131/2607/2591
f 1618/2606/2590 2131/2607/2591 1619/2608/2592
f 1619/2608/2592 2131/2607/2591 2130/2609/2593
f 1619/2608/2592 2130/2609/2593 1620/2610/2594
f 1620/2610/2594 2130/2609/2593 2129/2611/2595
f 1620/2610/2594 2129/2611/2595 1621/2612/2596
f 1621/2612/2596 2129/2611/2595 2128/2613/2597
f 1621/2612/2596 2128/2613/2597 1622/2614/2598
f 1622/2614/2598 2128/2613/2597 2127/2615/2599
f 1622/2614/2598 2127/2615/2599 1623/2616/2600
f 1623/2616/2600 2127/2615/2599 2126/2617/2601
f 1623/2616/2600 2126/2617/2601 1624/2618/2602
f 1624/2618/2602 2126/2617/2601 2125/2619/2603
f 1624/2618/2602 2125/2619/2603 1625/2620/2604
f 1625/2620/2604 2125/2619/2603 2124/2621/2605
f 1625/2620/2604 2124/2621/2605 1626/2622/2606
f 1626/2622/2606 2124/2621/2605 2123/2623/2607
f 1626/2622/2606 2123/2623/2607 1627/2624/2608
f 1627/2624/2608 2123/2623/2607 2122/2625/2609
f 1627/2624/2608 2122/2625/2609 1628/2626/2610
f 1628/2626/2610 2122/2625/2609 2121/2627/2611
f 1628/2626/2610 2121/2627/2611 1629/2628/2612
f 1629/2628/2612 2121/2627/2611 2120/2629/2613
f 1629/2628/2612 2120/2629/2613 1630/2630/2614
f 1630/2630/2614 2120/2629/2613 2119/2631/2615
f 1630/2630/2614 2119/2631/2615 1631/2632/2616
f 1631/2632/2616 2119/2631/2615 2118/2633/2617
f 1631/2632/2616 2118/2633/2617 1632/2634/2618
f 1632/2634/2618 2118/2633/2617 2117/2635/2619
f 1632/2634/2618 2117/2635/2619 1633/2636/2620
f 1633/2636/2620 2117/2635/2619 2116/2637/2621
f 1633/2636/2620 2116/2637/2621 1634/2638/2622
f 1634/2638/2622 2116/2637/2621 2115/2639/2623
f 1634/2638/2622 2115/2639/2623 1635/2640/2624
f 1635/2640/2624 2115/2639/2623 2114/2641/2625
f 1635/2640/2624 2114/2641/2625 1636/2642/2626
f 1636/2642/2626 2114/2641/2625 2113/2643/2627
f 1636/2642/2626 2113/2643/2627 1637/2644/2628
f 1637/2644/2628 2113/2643/2627 2112/2645/2629
f 1637/2644/2628 2112/2645/2629 1638/2646/2630
f 1638/2646/2630 2112/2645/2629 2111/2647/2631
f 1638/2646/2630 2111/2647/2631 1639/2648/2632
f 1639/2648/2632 2111/2647/2631 2110/2649/2633
f 1639/2648/2632 2110/2649/2633 1640/2650/2634
f 1640/2650/2634 2110/2649/2633 2109/2651/2635
f 1640/2650/2634 2109/2651/2635 1641/2652/2636
f 1641/2652/2636 2109/2651/2635 2108/2653/2637
f 1641/2652/2636 2108/2653/2637 1642/2654/2638
f 1642/2654/2638 2108/2653/2637 2107/2655/2639
f 1642/2654/2638 2107/2655/2639 1643/2656/2640
f 1643/2656/2640 2107/2655/2639 2106/2657/2641
f 1643/2656/2640 2106/2657/2641 1644/2590/2576
f 1644/2590/2576 2106/2657/2641 2105/2591/2577
f 1843/2658/2642 2047/2659/2643 1811/2660/2644
f 1811/2660/2644 2047/2659/2643 2046/2661/2645
f 1811/2662/2644 2046/2663/2645 1812/2664/2646
f 1812/2664/2646 2046/2663/2645 2078/2665/2647
f 1812/2664/2646 2078/2665/2647 1813/2666/2648
f 1813/2666/2648 2078/2665/2647 2077/2667/2649
f 1813/2666/2648 2077/2667/2649 1814/2668/2650
f 1814/2668/2650 2077/2667/2649 2076/2669/2651
f 1814/2668/2650 2076/2669/2651 1815/2670/2652
f 1815/2670/2652 2076/2669/2651 2075/2671/2653
f 1815/2670/2652 2075/2671/2653 1816/2672/2654
f 1816/2672/2654 2075/2671/2653 2074/2673/2655
f 1816/2672/2654 2074/2673/2655 1817/2674/2656
f 1817/2674/2656 2074/2673/2655 2073/2675/2657
f 1817/2674/2656 2073/2675/2657 1818/2676/2658
f 1818/2676/2658 2073/2675/2657 2072/2677/2659
f 1818/2676/2658 2072/2677/2659 1819/2678/2660
f 1819/2678/2660 2072/2677/2659 2071/2679/2661
f 1819/2678/2660 2071/2679/2661 1820/2680/2662
f 1820/2680/2662 2071/2679/2661 2070/2681/2663
f 1820/2680/2662 2070/2681/2663 1821/2682/2664
f 1821/2682/2664 2070/2681/2663 2069/2683/2665
f 1821/2682/2664 2069/2683/2665 1822/2684/2666
f 1822/2684/2666 2069/2683/2665 2068/2685/2667
f 1822/2684/2666 2068/2685/2667 1823/2686/2668
f 1823/2686/2668 2068/2685/2667 2067/2687/2669
f 1823/2686/2668 2067/2687/2669 1824/2688/2670
f 1824/2688/2670 2067/2687/2669 2066/2689/2671
f 1824/2688/2670 2066/2689/2671 1825/2690/2672
f 1825/2690/2672 2066/2689/2671 2065/2691/2673
f 1825/2690/2672 2065/2691/2673 1826/2692/2674
f 1826/2692/2674 2065/2691/2673 2064/2693/2675
f 1826/2692/2674 2064/2693/2675 1827/2694/2676
f 1827/2694/2676 2064/2693/2675 2063/2695/2677
f 1827/2694/2676 2063/2695/2677 1828/2696/2678
f 1828/2696/2678 2063/2695/2677 2062/2697/2679
f 1828/2696/2678 2062/2697/2679 1829/2698/2680
f 1829/2698/2680 2062/2697/2679 2061/2699/2681
f 1829/2698/2680 2061/2699/2681 1830/2700/2682
f 1830/2700/2682 2061/2699/2681 2060/2701/2683
f 1830/2700/2682 2060/2701/2683 1831/2702/2684
f 1831/2702/2684 2060/2701/2683 2059/2703/2685
f 1831/2702/2684 2059/2703/2685 1832/2704/2686
f 1832/2704/2686 2059/2703/2685 2058/2705/2687
f 1832/2704/2686 2058/2705/2687 1833/2706/2688
f 1833/2706/2688 2058/2705/2687 2057/2707/2689
f 1833/2706/2688 2057/2707/2689 1834/2708/2690
f 1834/2708/2690 2057/2707/2689 2056/2709/2691
f 1834/2708/2690 2056/2709/2691 1835/2710/2692
f 1835/2710/2692 2056/2709/2691 2055/2711/2693
f 1835/2710/2692 2055/2711/2693 1836/2712/2694
f 1836/2712/2694 2055/2711/2693 2054/2713/2695
f 1836/2712/2694 2054/2713/2695 1837/2714/2696
f 1837/2714/2696 2054/2713/2695 2053/2715/2697
f 1837/2714/2696 2053/2715/2697 1838/2716/2698
f 1838/2716/2698 2053/2715/2697 2052/2717/2699
f 1838/2716/2698 2052/2717/2699 1839/2718/2700
f 1839/2718/2700 2052/2717/2699 2051/2719/2701
f 1839/2718/2700 2051/2719/2701 1840/2720/2702
f 1840/2720/2702 2051/2719/2701 2050/2721/2703
f 1840/2720/2702 2050/2721/2703 1841/2722/2704
f 1841/2722/2704 2050/2721/2703 2049/2723/2705
f 1841/2722/2704 2049/2723/2705 1842/2724/2706
f 1842/2724/2706 2049/2723/2705 2048/2725/2707
f 1842/2724/2706 2048/2725/2707 1843/2658/2642
f 1843/2658/2642 2048/2725/2707 2047/2659/2643
f 1810/2726/2708 1989/2727/2709 1778/2728/2710
f 1778/2728/2710 1989/2727/2709 1988/2729/2711
f 1778/2730/2710 1988/2731/2711 1779/2732/2712
f 1779/2732/2712 1988/2731/2711 2020/2733/2713
f 1779/2732/2712 2020/2733/2713 1780/2734/2714
f 1780/2734/2714 2020/2733/2713 2019/2735/2715
f 1780/2734/2714 2019/2735/2715 1781/2736/2716
f 1781/2736/2716 2019/2735/2715 2018/2737/2717
f 1781/2736/2716 2018/2737/2717 1782/2738/2718
f 1782/2738/2718 2018/2737/2717 2017/2739/2719
f 1782/2738/2718 2017/2739/2719 1783/2740/2720
f 1783/2740/2720 2017/2739/2719 2016/2741/2721
f 1783/2740/2720 2016/2741/2721 1784/2742/2722
f 1784/2742/2722 2016/2741/2721 2015/2743/2723
f 1784/2742/2722 2015/2743/2723 1785/2744/2724
f 1785/2744/2724 2015/2743/2723 2014/2745/2725
f 1785/2744/2724 2014/2745/2725 1786/2746/2726
f 1786/2746/2726 2014/2745/2725 2013/2747/2727
f 1786/2746/2726 2013/2747/2727 1787/2748/2728
f 1787/2748/2728 2013/2747/2727 2012/2749/2729
f 1787/2748/2728 2012/2749/2729 1788/2750/2730
f 1788/2750/2730 2012/2749/2729 2011/2751/2731
f 1788/2750/2730 2011/2751/2731 1789/2752/2732
f 1789/2752/2732 2011/2751/2731 2010/2753/2733
f 1789/2752/2732 2010/2753/2733 1790/2754/2734
f 1790/2754/2734 2010/2753/2733 2009/2755/2735
f 1790/2754/2734 2009/2755/2735 1791/2756/2736
f 1791/2756/2736 2009/2755/2735 2008/2757/2737
f 1791/2756/2736 2008/2757/2737 1792/2758/2738
f 1792/2758/2738 2008/2757/2737 2007/2759/2739
f 1792/2758/2738 2007/2759/2739 1793/2760/2740
f 1793/2760/2740 2007/2759/2739 2006/2761/2741
f 1793/2760/2740 2006/2761/2741 1794/2762/2742
f 1794/2762/2742 2006/2761/2741 2005/2763/2743
f 1794/2762/2742 2005/2763/2743 1795/2764/2744
f 1795/2764/2744 2005/2763/2743 2004/2765/2745
f 1795/2764/2744 2004/2765/2745 1796/2766/2746
f 1796/2766/2746 2004/2765/2745 2003/2767/2747
f 1796/2766/2746 2003/2767/2747 1797/2768/2748
f 1797/2768/2748 2003/2767/2747 2002/2769/2749
f 1797/2768/2748 2002/2769/2749 1798/2770/2750
f 1798/2770/2750 2002/2769/2749 2001/2771/2751
f 1798/2770/2750 2001/2771/2751 1799/2772/2752
f 1799/2772/2752 2001/2771/2751 2000/2773/2753
f 1799/2772/2752 2000/2773/2753 1800/2774/2754
f 1800/2774/2754 2000/2773/2753 1999/2775/2755
f 1800/2774/2754 1999/2775/2755 1801/2776/2756
f 1801/2776/2756 1999/2775/2755 1998/2777/2757
f 1801/2776/2756 1998/2777/2757 1802/2778/2758
f 1802/2778/2758 1998/2777/2757 1997/2779/2759
f 1802/2778/2758 1997/2779/2759 1803/2780/2760
f 1803/2780/2760 1997/2779/2759 1996/2781/2761
f 1803/2780/2760 1996/2781/2761 1804/2782/2762
f 1804/2782/2762 1996/2781/2761 1995/2783/2763
f 1804/2782/2762 1995/2783/2763 1805/2784/2764
f 1805/2784/2764 1995/2783/2763 1994/2785/2765
f 1805/2784/2764 1994/2785/2765 1806/2786/2766
f 1806/2786/2766 1994/2785/2765 1993/2787/2767
f 1806/2786/2766 1993/2787/2767 1807/2788/2768
f 1807/2788/2768 1993/2787/2767 1992/2789/2769
f 1807/2788/2768 1992/2789/2769 1808/2790/2770
f 1808/2790/2770 1992/2789/2769 1991/2791/2771
f 1808/2790/2770 1991/2791/2771 1809/2792/2772
f 1809/2792/2772 1991/2791/2771 1990/2793/2773
f 1809/2792/2772 1990/2793/2773 1810/2726/2708
f 1810/2726/2708 1990/2793/2773 1989/2727/2709
f 1718/2794/2774 1717/2795/2775 2192/2796/2776
f 2192/2797/2776 1717/2798/2775 1777/2799/2777
f 2192/2797/2776 1777/2799/2777 2193/2800/2778
f 2193/2800/2778 1777/2799/2777 1776/2801/2779
f 2193/2800/2778 1776/2801/2779 2194/2802/2780
f 2194/2802/2780 1776/2801/2779 1775/2803/2781
f 2194/2802/2780 1775/2803/2781 2195/2804/2782
f 2195/2804/2782 1775/2803/2781 1774/2805/2783
f 2195/2804/2782 1774/2805/2783 2196/2806/2784
f 2196/2806/2784 1774/2805/2783 1773/2807/2785
f 2196/2806/2784 1773/2807/2785 2197/2808/2786
f 2197/2808/2786 1773/2807/2785 1772/2809/2787
f 2197/2808/2786 1772/2809/2787 2198/2810/2788
f 2198/2810/2788 1772/2809/2787 1771/2811/2789
f 2198/2810/2788 1771/2811/2789 2199/2812/2790
f 2199/2812/2790 1771/2811/2789 1770/2813/2791
f 2199/2812/2790 1770/2813/2791 2200/2814/2792
f 2200/2814/2792 1770/2813/2791 1769/2815/2793
f 2200/2814/2792 1769/2815/2793 2201/2816/2794
f 2201/2816/2794 1769/2815/2793 1768/2817/2795
f 2201/2816/2794 1768/2817/2795 2202/2818/2796
f 2202/2818/2796 1768/2817/2795 1767/2819/2797
f 2202/2818/2796 1767/2819/2797 2203/2820/2798
f 2203/2820/2798 1767/2819/2797 1766/2821/2799
f 2203/2820/2798 1766/2821/2799 2204/2822/2800
f 2204/2822/2800 1766/2821/2799 1765/2823/2801
f 2204/2822/2800 1765/2823/2801 2205/2824/2802
f 2205/2824/2802 1765/2823/2801 1764/2825/2803
f 2205/2824/2802 1764/2825/2803 2206/2826/2804
f 2206/2826/2804 1764/2825/2803 1763/2827/2805
f 2206/2826/2804 1763/2827/2805 2207/2828/2806
f 2207/2828/2806 1763/2827/2805 1762/2829/2807
f 2207/2828/2806 1762/2829/2807 2208/2830/2808
f 2208/2830/2808 1762/2829/2807 1761/2831/2809
f 2208/2830/2808 1761/2831/2809 2209/2832/2810
f 2209/2832/2810 1761/2831/2809 1760/2833/2811
f 2209/2832/2810 1760/2833/2811 2210/2834/2812
f 2210/2834/2812 1760/2833/2811 1759/2835/2813
f 2210/2834/2812 1759/2835/2813 2211/2836/2814
f 2211/2836/2814 1759/2835/2813 1758/2837/2815
f 2211/2836/2814 1758/2837/2815 2212/2838/2816
f 2212/2838/2816 1758/2837/2815 1757/2839/2817
f 2212/2838/2816 1757/2839/2817 2213/2840/2818
f 2213/2840/2818 1757/2839/2817 1756/2841/2819
f 2213/2840/2818 1756/2841/2819 2214/2842/2820
f 2214/2842/2820 1756/2841/2819 1755/2843/2821
f 2214/2842/2820 1755/2843/2821 2215/2844/2822
f 2215/2844/2822 1755/2843/2821 1754/2845/2823
f 2215/2844/2822 1754/2845/2823 2216/2846/2824
f 2216/2846/2824 1754/2845/2823 1753/2847/2825
f 2216/2846/2824 1753/2847/2825 2217/2848/2826
f 2217/2848/2826 1753/2847/2825 1752/2849/2827
f 2217/2848/2826 1752/2849/2827 2218/2850/2828
f 2218/2850/2828 1752/2849/2827 1751/2851/2829
f 2218/2850/2828 1751/2851/2829 2219/2852/2830
f 2219/2852/2830 1751/2851/2829 1750/2853/2831
f 2219/2852/2830 1750/2853/2831 2220/2854/2832
f 2220/2854/2832 1750/2853/2831 1749/2855/2833
f 2220/2854/2832 1749/2855/2833 2221/2856/2834
f 2221/2856/2834 1749/2855/2833 1748/2857/2835
f 2221/2856/2834 1748/2857/2835 2162/2858/2836
f 2162/2858/2836 1748/2857/2835 1747/2859/2837
f 2162/2858/2836 1747/2859/2837 2163/2860/2838
f 2163/2860/2838 1747/2859/2837 1746/2861/2839
f 2163/2860/2838 1746/2861/2839 2164/2862/2840
f 2164/2862/2840 1746/2861/2839 1745/2863/2841
f 2164/2862/2840 1745/2863/2841 2165/2864/2842
f 2165/2864/2842 1745/2863/2841 1744/2865/2843
f 2165/2864/2842 1744/2865/2843 2166/2866/2844
f 2166/2866/2844 1744/2865/2843 1743/2867/2845
f 2166/2866/2844 1743/2867/2845 2167/2868/2846
f 2167/2868/2846 1743/2867/2845 1742/2869/2847
f 2167/2868/2846 1742/2869/2847 2168/2870/2848
f 2168/2870/2848 1742/2869/2847 1741/2871/2849
f 2168/2870/2848 1741/2871/2849 2169/2872/2850
f 2169/2872/2850 1741/2871/2849 1740/2873/2851
f 2169/2872/2850 1740/2873/2851 2170/2874/2852
f 2170/2874/2852 1740/2873/2851 1739/2875/2853
f 2170/2874/2852 1739/2875/2853 2171/2876/2854
f 2171/2876/2854 1739/2875/2853 1738/2877/2855
f 2171/2876/2854 1738/2877/2855 2172/2878/2856
f 2172/2878/2856 1738/2877/2855 1737/2879/2857
f 2172/2878/2856 1737/2879/2857 2173/2880/2858
f 2173/2880/2858 1737/2879/2857 1736/2881/2859
f 2173/2880/2858 1736/2881/2859 2174/2882/2860
f 2174/2882/2860 1736/2881/2859 1735/2883/2861
f 2174/2882/2860 1735/2883/2861 2175/2884/2862
f 2175/2884/2862 1735/2883/2861 1734/2885/2863
f 2175/2884/2862 1734/2885/2863 2176/2886/2864
f 2176/2886/2864 1734/2885/2863 1733/2887/2865
f 2176/2886/2864 1733/2887/2865 2177/2888/2866
f 2177/2888/2866 1733/2887/2865 1732/2889/2867
f 2177/2888/2866 1732/2889/2867 2178/2890/2868
f 2178/2890/2868 1732/2889/2867 1731/2891/2869
f 2178/2890/2868 1731/2891/2869 2179/2892/2870
f 2179/2892/2870 1731/2891/2869 1730/2893/2871
f 2179/2892/2870 1730/2893/2871 2180/2894/2872
f 2180/2894/2872 1730/2893/2871 1729/2895/2873
f 2180/2894/2872 1729/2895/2873 2181/2896/2874
f 2181/2896/2874 1729/2895/2873 1728/2897/2875
f 2181/2896/2874 1728/2897/2875 2182/2898/2876
f 2182/2898/2876 1728/2897/2875 1727/2899/2877
f 2182/2898/2876 1727/2899/2877 2183/2900/2878
f 2183/2900/2878 1727/2899/2877 1726/2901/2879
f 2183/2900/2878 1726/2901/2879 2184/2902/2880
f 2184/2902/2880 1726/2901/2879 1725/2903/2881
f 2184/2902/2880 1725/2903/2881 2185/2904/2882
f 2185/2904/2882 1725/2903/2881 1724/2905/2883
f 2185/2904/2882 1724/2905/2883 2186/2906/2884
f 2186/2906/2884 1724/2905/2883 1723/2907/2885
f 2186/2906/2884 1723/2907/2885 2187/2908/2886
f 2187/2908/2886 1723/2907/2885 1722/2909/2887
f 2187/2908/2886 1722/2909/2887 2188/2910/2888
f 2188/2910/2888 1722/2909/2887 1721/2911/2889
f 2188/2910/2888 1721/2911/2889 2189/2912/2890
f 2189/2912/2890 1721/2911/2889 1720/2913/2891
f 2189/2912/2890 1720/2913/2891 2190/2914/2892
f 2190/2914/2892 1720/2913/2891 1719/2915/2893
f 2190/2914/2892 1719/2915/2893 2191/2916/2894
f 2191/2916/2894 1719/2915/2893 1718/2794/2774
f 2191/2916/2894 1718/2794/2774 2192/2796/2776
f 1987/2917/2895 1694/2918/2896 1964/2919/2897
f 1964/2919/2897 1694/2918/2896 1693/2920/2898
f 1964/2921/2897 1693/2922/2898 1965/2923/2899
f 1965/2923/2899 1693/2922/2898 1716/2924/2900
f 1965/2923/2899 1716/2924/2900 1966/2925/2901
f 1966/2925/2901 1716/2924/2900 1715/2926/2902
f 1966/2925/2901 1715/2926/2902 1967/2927/2903
f 1967/2927/2903 1715/2926/2902 1714/2928/2904
f 1967/2927/2903 1714/2928/2904 1968/2929/2905
f 1968/2929/2905 1714/2928/2904 1713/2930/2906
f 1968/2929/2905 1713/2930/2906 1969/2931/2907
f 1969/2931/2907 1713/2930/2906 1712/2932/2908
f 1969/2931/2907 1712/2932/2908 1970/2933/2909
f 1970/2933/2909 1712/2932/2908 1711/2934/2910
f 1970/2933/2909 1711/2934/2910 1971/2935/2911
f 1971/2935/2911 1711/2934/2910 1710/2936/2912
f 1971/2935/2911 1710/2936/2912 1972/2937/2913
f 1972/2937/2913 1710/2936/2912 1709/2938/2914
f 1972/2937/2913 1709/2938/2914 1973/2939/2915
f 1973/2939/2915 1709/2938/2914 1708/2940/2916
f 1973/2939/2915 1708/2940/2916 1974/2941/2917
f 1974/2941/2917 1708/2940/2916 1707/2942/2918
f 1974/2941/2917 1707/2942/2918 1975/2943/2919
f 1975/2943/2919 1707/2942/2918 1706/2944/2920
f 1975/2943/2919 1706/2944/2920 1976/2945/2921
f 1976/2945/2921 1706/2944/2920 1705/2946/2922
f 1976/2945/2921 1705/2946/2922 1977/2947/2923
f 1977/2947/2923 1705/2946/2922 1704/2948/2924
f 1977/2947/2923 1704/2948/2924 1978/2949/2925
f 1978/2949/2925 1704/2948/2924 1703/2950/2926
f 1978/2949/2925 1703/2950/2926 1979/2951/2927
f 1979/2951/2927 1703/2950/2926 1702/2952/2928
f 1979/2951/2927 1702/2952/2928 1980/2953/2929
f 1980/2953/2929 1702/2952/2928 1701/2954/2930
f 1980/2953/2929 1701/2954/2930 1981/2955/2931
f 1981/2955/2931 1701/2954/2930 1700/2956/2932
f 1981/2955/2931 1700/2956/2932 1982/2957/2933
f 1982/2957/2933 1700/2956/2932 1699/2958/2934
f 1982/2957/2933 1699/2958/2934 1983/2959/2935
f 1983/2959/2935 1699/2958/2934 1698/2960/2936
f 1983/2959/2935 1698/2960/2936 1984/2961/2937
f 1984/2961/2937 1698/2960/2936 1697/2962/2938
f 1984/2961/2937 1697/2962/2938 1985/2963/2939
f 1985/2963/2939 1697/2962/2938 1696/2964/2940
f 1985/2963/2939 1696/2964/2940 1986/2965/2941
f 1986/2965/2941 1696/2964/2940 1695/2966/2942
f 1986/2965/2941 1695/2966/2942 1987/2917/2895
f 1987/2917/2895 1695/2966/2942 1694/2918/2896
f 1939/2967/2943 1670/2968/2944 1916/2969/2945
f 1916/2969/2945 1670/2968/2944 1669/2970/2946
f 1916/2971/2945 1669/2972/2946 1917/2973/2947
f 1917/2973/2947 1669/2972/2946 1692/2974/2948
f 1917/2973/2947 1692/2974/2948 1918/2975/2949
f 1918/2975/2949 1692/2974/2948 1691/2976/2950
f 1918/2975/2949 1691/2976/2950 1919/2977/2951
f 1919/2977/2951 1691/2976/2950 1690/2978/2952
f 1919/2977/2951 1690/2978/2952 1920/2979/2953
f 1920/2979/2953 1690/2978/2952 1689/2980/2954
f 1920/2979/2953 1689/2980/2954 1921/2981/2955
f 1921/2981/2955 1689/2980/2954 1688/2982/2956
f 1921/2981/2955 1688/2982/2956 1922/2983/2957
f 1922/2983/2957 1688/2982/2956 1687/2984/2958
f 1922/2983/2957 1687/2984/2958 1923/2985/2959
f 1923/2985/2959 1687/2984/2958 1686/2986/2960
f 1923/2985/2959 1686/2986/2960 1924/2987/2961
f 1924/2987/2961 1686/2986/2960 1685/2988/2962
f 1924/2987/2961 1685/2988/2962 1925/2989/2963
f 1925/2989/2963 1685/2988/2962 1684/2990/2964
f 1925/2989/2963 1684/2990/2964 1926/2991/2965
f 1926/2991/2965 1684/2990/2964 1683/2992/2966
f 1926/2991/2965 1683/2992/2966 1927/2993/2967
f 1927/2993/2967 1683/2992/2966 1682/2994/2968
f 1927/2993/2967 1682/2994/2968 1928/2995/2969
f 1928/2995/2969 1682/2994/2968 1681/2996/2970
f 1928/2995/2969 1681/2996/2970 1929/2997/2971
f 1929/2997/2971 1681/2996/2970 1680/2998/2972
f 1929/2997/2971 1680/2998/2972 1930/2999/2973
f 1930/2999/2973 1680/2998/2972 1679/3000/2974
f 1930/2999/2973 1679/3000/2974 1931/3001/2975
f 1931/3001/2975 1679/3000/2974 1678/3002/2976
f 1931/3001/2975 1678/3002/2976 1932/3003/2977
f 1932/3003/2977 1678/3002/2976 1677/3004/2978
f 1932/3003/2977 1677/3004/2978 1933/3005/2979
f 1933/3005/2979 1677/3004/2978 1676/3006/2980
f 1933/3005/2979 1676/3006/2980 1934/3007/2981
f 1934/3007/2981 1676/3006/2980 1675/3008/2982
f 1934/3007/2981 1675/3008/2982 1935/3009/2983
f 1935/3009/2983 1675/3008/2982 1674/3010/2984
f 1935/3009/2983 1674/3010/2984 1936/3011/2985
f 1936/3011/2985 1674/3010/2984 1673/3012/2986
f 1936/3011/2985 1673/3012/2986 1937/3013/2987
f 1937/3013/2987 1673/3012/2986 1672/3014/2988
f 1937/3013/2987 1672/3014/2988 1938/3015/2989
f 1938/3015/2989 1672/3014/2988 1671/3016/2990
f 1938/3015/2989 1671/3016/2990 1939/2967/2943
f 1939/2967/2943 1671/3016/2990 1670/2968/2944
f 1891/3017/2991 1646/3018/2992 1868/3019/2993
f 1868/3019/2993 1646/3018/2992 1645/3020/2994
f 1868/3021/2993 1645/3022/2994 1869/3023/2995
f 1869/3023/2995 1645/3022/2994 1668/3024/2996
f 1869/3023/2995 1668/3024/2996 1870/3025/2997
f 1870/3025/2997 1668/3024/2996 1667/3026/2998
f 1870/3025/2997 1667/3026/2998 1871/3027/2999
f 1871/3027/2999 1667/3026/2998 1666/3028/3000
f 1871/3027/2999 1666/3028/3000 1872/3029/3001
f 1872/3029/3001 1666/3028/3000 1665/3030/3002
f 1872/3029/3001 1665/3030/3002 1873/3031/3003
f 1873/3031/3003 1665/3030/3002 1664/3032/3004
f 1873/3031/3003 1664/3032/3004 1874/3033/3005
f 1874/3033/3005 1664/3032/3004 1663/3034/3006
f 1874/3033/3005 1663/3034/3006 1875/3035/3007
f 1875/3035/3007 1663/3034/3006 1662/3036/3008
f 1875/3035/3007 1662/3036/3008 1876/3037/3009
f 1876/3037/3009 1662/3036/3008 1661/3038/3010
f 1876/3037/3009 1661/3038/3010 1877/3039/3011
f 1877/3039/3011 1661/3038/3010 1660/3040/3012
f 1877/3039/3011 1660/3040/3012 1878/3041/3013
f 1878/3041/3013 1660/3040/3012 1659/3042/3014
f 1878/3041/3013 1659/3042/3014 1879/3043/3015
f 1879/3043/3015 1659/3042/3014 1658/3044/3016
f 1879/3043/3015 1658/3044/3016 1880/3045/3017
f 1880/3045/3017 1658/3044/3016 1657/3046/3018
f 1880/3045/3017 1657/3046/3018 1881/3047/3019
f 1881/3047/3019 1657/3046/3018 1656/3048/3020
f 1881/3047/3019 1656/3048/3020 1882/3049/3021
f 1882/3049/3021 1656/3048/3020 1655/3050/3022
f 1882/3049/3021 1655/3050/3022 1883/3051/3023
f 1883/3051/3023 1655/3050/3022 1654/3052/3024
f 1883/3051/3023 1654/3052/3024 1884/3053/3025
f 1884/3053/3025 1654/3052/3024 1653/3054/3026
f 1884/3053/3025 1653/3054/3026 1885/3055/3027
f 1885/3055/3027 1653/3054/3026 1652/3056/3028
f 1885/3055/3027 1652/3056/3028 1886/3057/3029
f 1886/3057/3029 1652/3056/3028 1651/3058/3030
f 1886/3057/3029 1651/3058/3030 1887/3059/3031
f 1887/3059/3031 1651/3058/3030 1650/3060/3032
f 1887/3059/3031 1650/3060/3032 1888/3061/3033
f 1888/3061/3033 1650/3060/3032 1649/3062/3034
f 1888/3061/3033 1649/3062/3034 1889/3063/3035
f 1889/3063/3035 1649/3062/3034 1648/3064/3036
f 1889/3063/3035 1648/3064/3036 1890/3065/3037
f 1890/3065/3037 1648/3064/3036 1647/3066/3038
f 1890/3065/3037 1647/3066/3038 1891/3017/2991
f 1891/3017/2991 1647/3066/3038 1646/3018/2992
f 1611/3067/3039 2307/3068/3040 1526/3069/3041
f 1526/3069/3041 2307/3068/3040 2222/3070/3042
f 1526/3071/3041 2222/3072/3042 1527/3073/3043
f 1527/3073/3043 2222/3072/3042 2223/3074/3044
f 1527/3073/3043 2223/3074/3044 1528/3075/3045
f 1528/3075/3045 2223/3074/3044 2224/3076/3046
f 1528/3075/3045 2224/3076/3046 1529/3077/3047
f 1529/3077/3047 2224/3076/3046 2225/3078/3048
f 1529/3077/3047 2225/3078/3048 1530/3079/3049
f 1530/3079/3049 2225/3078/3048 2226/3080/3050
f 1530/3079/3049 2226/3080/3050 1531/3081/3051
f 1531/3081/3051 2226/3080/3050 2227/3082/3052
f 1531/3081/3051 2227/3082/3052 1532/3083/3053
f 1532/3083/3053 2227/3082/3052 2228/3084/3054
f 1532/3083/3053 2228/3084/3054 1533/3085/3055
f 1533/3085/3055 2228/3084/3054 2229/3086/3056
f 1533/3085/3055 2229/3086/3056 1534/3087/3057
f 1534/3087/3057 2229/3086/3056 2230/3088/3058
f 1534/3087/3057 2230/3088/3058 1535/3089/3059
f 1535/3089/3059 2230/3088/3058 2231/3090/3060
f 1535/3089/3059 2231/3090/3060 1536/3091/3061
f 1536/3091/3061 2231/3090/3060 2232/3092/3062
f 1536/3091/3061 2232/3092/3062 1537/3093/3063
f 1537/3093/3063 2232/3092/3062 2233/3094/3064
f 1537/3093/3063 2233/3094/3064 1538/3095/3065
f 1538/3095/3065 2233/3094/3064 2234/3096/3066
f 1538/3095/3065 2234/3096/3066 1539/3097/3067
f 1539/3097/3067 2234/3096/3066 2235/3098/3068
f 1539/3097/3067 2235/3098/3068 1540/3099/3069
f 1540/3099/3069 2235/3098/3068 2236/3100/3070
f 1540/3099/3069 2236/3100/3070 1541/3101/3071
f 1541/3101/3071 2236/3100/3070 2237/3102/3072
f 1541/3101/3071 2237/3102/3072 1542/3103/3073
f 1542/3103/3073 2237/3102/3072 2238/3104/3074
f 1542/3103/3073 2238/3104/3074 1543/3105/3075
f 1543/3105/3075 2238/3104/3074 2239/3106/3076
f 1543/3105/3075 2239/3106/3076 1544/3107/3077
f 1544/3107/3077 2239/3106/3076 2240/3108/3078
f 1544/3107/3077 2240/3108/3078 1545/3109/3079
f 1545/3109/3079 2240/3108/3078 2241/3110/3080
f 1545/3109/3079 2241/3110/3080 1546/3111/3081
f 1546/3111/3081 2241/3110/3080 2242/3112/3082
f 1546/3111/3081 2242/3112/3082 1547/3113/3083
f 1547/3113/3083 2242/3112/3082 2243/3114/3084
f 1547/3113/3083 2243/3114/3084 1548/3115/3085
f 1548/3115/3085 2243/3114/3084 2244/3116/3086
f 1548/3115/3085 2244/3116/3086 1549/3117/3087
f 1549/3117/3087 2244/3116/3086 2245/3118/3088
f 1549/3117/3087 2245/3118/3088 1550/3119/3089
f 1550/3119/3089 2245/3118/3088 2246/3120/3090
f 1550/3119/3089 2246/3120/3090 1551/3121/3091
f 1551/3121/3091 2246/3120/3090 2247/3122/3092
f 1551/3121/3091 2247/3122/3092 1552/3123/3093
f 1552/3123/3093 2247/3122/3092 2248/3124/3094
f 1552/3123/3093 2248/3124/3094 1553/3125/3095
f 1553/3125/3095 2248/3124/3094 2249/3126/3096
f 1553/3125/3095 2249/3126/3096 1554/3127/3097
f 1554/3127/3097 2249/3126/3096 2250/3128/3098
f 1554/3127/3097 2250/3128/3098 1555/3129/3099
f 1555/3129/3099 2250/3128/3098 2251/3130/3100
f 1555/3129/3099 2251/3130/3100 1556/3131/3101
f 1556/3131/3101 2251/3130/3100 2252/3132/3102
f 1556/3131/3101 2252/3132/3102 1557/3133/3103
f 1557/3133/3103 2252/3132/3102 2253/3134/3104
f 1557/3133/3103 2253/3134/3104 1558/3135/3105
f 1558/3135/3105 2253/3134/3104 2254/3136/3106
f 1558/3135/3105 2254/3136/3106 1559/3137/3107
f 1559/3137/3107 2254/3136/3106 2255/3138/3108
f 1559/3137/3107 2255/3138/3108 1560/3139/3109
f 1560/3139/3109 2255/3138/3108 2256/3140/3110
f 1560/3139/3109 2256/3140/3110 1561/3141/3111
f 1561/3141/3111 2256/3140/3110 2257/3142/3112
f 1561/3141/3111 2257/3142/3112 1562/3143/3113
f 1562/3143/3113 2257/3142/3112 2258/3144/3114
f 1562/3143/3113 2258/3144/3114 1563/3145/3115
f 1563/3145/3115 2258/3144/3114 2259/3146/3116
f 1563/3145/3115 2259/3146/3116 1564/3147/3117
f 1564/3147/3117 2259/3146/3116 2260/3148/3118
f 1564/3147/3117 2260/3148/3118 1565/3149/3119
f 1565/3149/3119 2260/3148/3118 2261/3150/3120
f 1565/3149/3119 2261/3150/3120 1566/3151/3121
f 1566/3151/3121 2261/3150/3120 2262/3152/3122
f 1566/3151/3121 2262/3152/3122 1567/3153/3123
f 1567/3153/3123 2262/3152/3122 2263/3154/3124
f 1567/3153/3123 2263/3154/3124 1568/3155/3125
f 1568/3155/3125 2263/3154/3124 2264/3156/3126
f 1568/3155/3125 2264/3156/3126 1569/3157/3127
f 1569/3157/3127 2264/3156/3126 2265/3158/3128
f 1569/3157/3127 2265/3158/3128 1570/3159/3129
f 1570/3159/3129 2265/3158/3128 2266/3160/3130
f 1570/3159/3129 2266/3160/3130 1571/3161/3131
f 1571/3161/3131 2266/3160/3130 2267/3162/3132
f 1571/3161/3131 2267/3162/3132 1572/3163/3133
f 1572/3163/3133 2267/3162/3132 2268/3164/3134
f 1572/3163/3133 2268/3164/3134 1573/3165/3135
f 1573/3165/3135 2268/3164/3134 2269/3166/3136
f 1573/3165/3135 2269/3166/3136 1574/3167/3137
f 1574/3167/3137 2269/3166/3136 2270/3168/3138
f 1574/3167/3137 2270/3168/3138 1575/3169/3139
f 1575/3169/3139 2270/3168/3138 2271/3170/3140
f 1575/3169/3139 2271/3170/3140 1576/3171/3141
f 1576/3171/3141 2271/3170/3140 2272/3172/3142
f 1576/3171/3141 2272/3172/3142 1577/3173/3143
f 1577/3173/3143 2272/3172/3142 2273/3174/3144
f 1577/3173/3143 2273/3174/3144 1578/3175/3145
f 1578/3175/3145 2273/3174/3144 2274/3176/3146
f 1578/3175/3145 2274/3176/3146 1579/3177/3147
f 1579/3177/3147 2274/3176/3146 2275/3178/3148
f 1579/3177/3147 2275/3178/3148 1580/3179/3149
f 1580/3179/3149 2275/3178/3148 2276/3180/3150
f 1580/3179/3149 2276/3180/3150 1581/3181/3151
f 1581/3181/3151 2276/3180/3150 2277/3182/3152
f 1581/3181/3151 2277/3182/3152 1582/3183/3153
f 1582/3183/3153 2277/3182/3152 2278/3184/3154
f 1582/3183/3153 2278/3184/3154 1583/3185/3155
f 1583/3185/3155 2278/3184/3154 2279/3186/3156
f 1583/3185/3155 2279/3186/3156 1584/3187/3157
f 1584/3187/3157 2279/3186/3156 2280/3188/3158
f 1584/3187/3157 2280/3188/3158 1585/3189/3159
f 1585/3189/3159 2280/3188/3158 2281/3190/3160
f 1585/3189/3159 2281/3190/3160 1586/3191/3161
f 1586/3191/3161 2281/3190/3160 2282/3192/3162
f 1586/3191/3161 2282/3192/3162 1587/3193/3163
f 1587/3193/3163 2282/3192/3162 2283/3194/3164
f 1587/3193/3163 2283/3194/3164 1588/3195/3165
f 1588/3195/3165 2283/3194/3164 2284/3196/3166
f 1588/3195/3165 2284/3196/3166 1589/3197/3167
f 1589/3197/3167 2284/3196/3166 2285/3198/3168
f 1589/3197/3167 2285/3198/3168 1590/3199/3169
f 1590/3199/3169 2285/3198/3168 2286/3200/3170
f 1590/3199/3169 2286/3200/3170 1591/3201/3171
f 1591/3201/3171 2286/3200/3170 2287/3202/3172
f 1591/3201/3171 2287/3202/3172 1592/3203/3173
f 1592/3203/3173 2287/3202/3172 2288/3204/3174
f 1592/3203/3173 2288/3204/3174 1593/3205/3175
f 1593/3205/3175 2288/3204/3174 2289/3206/3176
f 1593/3205/3175 2289/3206/3176 1594/3207/3177
f 1594/3207/3177 2289/3206/3176 2290/3208/3178
f 1594/3207/3177 2290/3208/3178 1595/3209/3179
f 1595/3209/3179 2290/3208/3178 2291/3210/3180
f 1595/3209/3179 2291/3210/3180 1596/3211/3181
f 1596/3211/3181 2291/3210/3180 2292/3212/3182
f 1596/3211/3181 2292/3212/3182 1597/3213/3183
f 1597/3213/3183 2292/3212/3182 2293/3214/3184
f 1597/3213/3183 2293/3214/3184 1598/3215/3185
f 1598/3215/3185 2293/3214/3184 2294/3216/3186
f 1598/3215/3185 2294/3216/3186 1599/3217/3187
f 1599/3217/3187 2294/3216/3186 2295/3218/3188
f 1599/3217/3187 2295/3218/3188 1600/3219/3189
f 1600/3219/3189 2295/3218/3188 2296/3220/3190
f 1600/3219/3189 2296/3220/3190 1601/3221/3191
f 1601/3221/3191 2296/3220/3190 2297/3222/3192
f 1601/3221/3191 2297/3222/3192 1602/3223/3193
f 1602/3223/3193 2297/3222/3192 2298/3224/3194
f 1602/3223/3193 2298/3224/3194 1603/3225/3195
f 1603/3225/3195 2298/3224/3194 2299/3226/3196
f 1603/3225/3195 2299/3226/3196 1604/3227/3197
f 1604/3227/3197 2299/3226/3196 2300/3228/3198
f 1604/3227/3197 2300/3228/3198 1605/3229/3199
f 1605/3229/3199 2300/3228/3198 2301/3230/3200
f 1605/3229/3199 2301/3230/3200 1606/3231/3201
f 1606/3231/3201 2301/3230/3200 2302/3232/3202
f 1606/3231/3201 2302/3232/3202 1607/3233/3203
f 1607/3233/3203 2302/3232/3202 2303/3234/3204
f 1607/3233/3203 2303/3234/3204 1608/3235/3205
f 1608/3235/3205 2303/3234/3204 2304/3236/3206
f 1608/3235/3205 2304/3236/3206 1609/3237/3207
f 1609/3237/3207 2304/3236/3206 2305/3238/3208
f 1609/3237/3207 2305/3238/3208 1610/3239/3209
f 1610/3239/3209 2305/3238/3208 2306/3240/3210
f 1610/3239/3209 2306/3240/3210 1611/3067/3039
f 1611/3067/3039 2306/3240/3210 2307/3068/3040
f 1439/3241/3211 1438/3242/3212 2265/3243/3213
f 2265/3244/3213 1438/3245/3212 1525/3246/3214
f 2265/3244/3213 1525/3246/3214 2266/3247/3215
f 2266/3247/3215 1525/3246/3214 1524/3248/3216
f 2266/3247/3215 1524/3248/3216 2267/3249/3217
f 2267/3249/3217 1524/3248/3216 1523/3250/3218
f 2267/3249/3217 1523/3250/3218 2268/3251/3219
f 2268/3251/3219 1523/3250/3218 1522/3252/3220
f 2268/3251/3219 1522/3252/3220 2269/3253/3221
f 2269/3253/3221 1522/3252/3220 1521/3254/3222
f 2269/3253/3221 1521/3254/3222 2270/3255/3223
f 2270/3255/3223 1521/3254/3222 1520/3256/3224
f 2270/3255/3223 1520/3256/3224 2271/3257/3225
f 2271/3257/3225 1520/3256/3224 1519/3258/3226
f 2271/3257/3225 1519/3258/3226 2272/3259/3227
f 2272/3259/3227 1519/3258/3226 1518/3260/3228
f 2272/3259/3227 1518/3260/3228 2273/3261/3229
f 2273/3261/3229 1518/3260/3228 1517/3262/3230
f 2273/3261/3229 1517/3262/3230 2274/3263/3231
f 2274/3263/3231 1517/3262/3230 1516/3264/3232
f 2274/3263/3231 1516/3264/3232 2275/3265/3233
f 2275/3265/3233 1516/3264/3232 1515/3266/3234
f 2275/3265/3233 1515/3266/3234 2276/3267/3235
f 2276/3267/3235 1515/3266/3234 1514/3268/3236
f 2276/3267/3235 1514/3268/3236 2277/3269/3237
f 2277/3269/3237 1514/3268/3236 1513/3270/3238
f 2277/3269/3237 1513/3270/3238 2278/3271/3239
f 2278/3271/3239 1513/3270/3238 1512/3272/3240
f 2278/3271/3239 1512/3272/3240 2279/3273/3241
f 2279/3273/3241 1512/3272/3240 1511/3274/3242
f 2279/3273/3241 1511/3274/3242 2280/3275/3243
f 2280/3275/3243 1511/3274/3242 1510/3276/3244
f 2280/3275/3243 1510/3276/3244 2281/3277/3245
f 2281/3277/3245 1510/3276/3244 1509/3278/3246
f 2281/3277/3245 1509/3278/3246 2282/3279/3247
f 2282/3279/3247 1509/3278/3246 1508/3280/3248
f 2282/3279/3247 1508/3280/3248 2283/3281/3249
f 2283/3281/3249 1508/3280/3248 1507/3282/3250
f 2283/3281/3249 1507/3282/3250 2284/3283/3251
f 2284/3283/3251 1507/3282/3250 1506/3284/3252
f 2284/3283/3251 1506/3284/3252 2285/3285/3253
f 2285/3285/3253 1506/3284/3252 1505/3286/3254
f 2285/3285/3253 1505/3286/3254 2286/3287/3255
f 2286/3287/3255 1505/3286/3254 1504/3288/3256
f 2286/3287/3255 1504/3288/3256 2287/3289/3257
f 2287/3289/3257 1504/3288/3256 1503/3290/3258
f 2287/3289/3257 1503/3290/3258 2288/3291/3259
f 2288/3291/3259 1503/3290/3258 1502/3292/3260
f 2288/3291/3259 1502/3292/3260 2289/3293/3261
f 2289/3293/3261 1502/3292/3260 1501/3294/3262
f 2289/3293/3261 1501/3294/3262 2290/3295/3263
f 2290/3295/3263 1501/3294/3262 1500/3296/3264
f 2290/3295/3263 1500/3296/3264 2291/3297/3265
f 2291/3297/3265 1500/3296/3264 1499/3298/3266
f 2291/3297/3265 1499/3298/3266 2292/3299/3267
f 2292/3299/3267 1499/3298/3266 1498/3300/3268
f 2292/3299/3267 1498/3300/3268 2293/3301/3269
f 2293/3301/3269 1498/3300/3268 1497/3302/3270
f 2293/3301/3269 1497/3302/3270 2294/3303/3271
f 2294/3303/3271 1497/3302/3270 1496/3304/3272
f 2294/3303/3271 1496/3304/3272 2295/3305/3273
f 2295/3305/3273 1496/3304/3272 1495/3306/3274
f 2295/3305/3273 1495/3306/3274 2296/3307/3275
f 2296/3307/3275 1495/3306/3274 1494/3308/3276
f 2296/3307/3275 1494/3308/3276 2297/3309/3277
f 2297/3309/3277 1494/3308/3276 1493/3310/3278
f 2297/3309/3277 1493/3310/3278 2298/3311/3279
f 2298/3311/3279 1493/3310/3278 1492/3312/3280
f 2298/3311/3279 1492/3312/3280 2299/3313/3281
f 2299/3313/3281 1492/3312/3280 1491/3314/3282
f 2299/3313/3281 1491/3314/3282 2300/3315/3283
f 2300/3315/3283 1491/3314/3282 1490/3316/3284
f 2300/3315/3283 1490/3316/3284 2301/3317/3285
f 2301/3317/3285 1490/3316/3284 1489/3318/3286
f 2301/3317/3285 1489/3318/3286 2302/3319/3287
f 2302/3319/3287 1489/3318/3286 1488/3320/3288
f 2302/3319/3287 1488/3320/3288 2303/3321/3289
f 2303/3321/3289 1488/3320/3288 1487/3322/3290
f 2303/3321/3289 1487/3322/3290 2304/3323/3291
f 2304/3323/3291 1487/3322/3290 1486/3324/3292
f 2304/3323/3291 1486/3324/3292 2305/3325/3293
f 2305/3325/3293 1486/3324/3292 1485/3326/3294
f 2305/3325/3293 1485/3326/3294 2306/3327/3295
f 2306/3327/3295 1485/3326/3294 1484/3328/3296
f 2306/3327/3295 1484/3328/3296 2307/3329/3297
f 2307/3329/3297 1484/3328/3296 1483/3330/3298
f 2307/3329/3297 1483/3330/3298 2222/3331/3299
f 2222/3331/3299 1483/3330/3298 1482/3332/3300
f 2222/3331/3299 1482/3332/3300 1481/3333/3301
f 2222/3331/3299 1481/3333/3301 2223/3334/3302
f 2223/3334/3302 1481/3333/3301 1480/3335/3303
f 2223/3334/3302 1480/3335/3303 2224/3336/3304
f 2224/3336/3304 1480/3335/3303 1479/3337/3305
f 2224/3336/3304 1479/3337/3305 2225/3338/3306
f 2225/3338/3306 1479/3337/3305 1478/3339/3307
f 2225/3338/3306 1478/3339/3307 2226/3340/3308
f 2226/3340/3308 1478/3339/3307 1477/3341/3309
f 2226/3340/3308 1477/3341/3309 2227/3342/3310
f 2227/3342/3310 1477/3341/3309 1476/3343/3311
f 2227/3342/3310 1476/3343/3311 2228/3344/3312
f 2228/3344/3312 1476/3343/3311 1475/3345/3313
f 2228/3344/3312 1475/3345/3313 2229/3346/3314
f 2229/3346/3314 1475/3345/3313 1474/3347/3315
f 2229/3346/3314 1474/3347/3315 2230/3348/3316
f 2230/3348/3316 1474/3347/3315 1473/3349/3317
f 2230/3348/3316 1473/3349/3317 2231/3350/3318
f 2231/3350/3318 1473/3349/3317 1472/3351/3319
f 2231/3350/3318 1472/3351/3319 2232/3352/3320
f 2232/3352/3320 1472/3351/3319 1471/3353/3321
f 2232/3352/3320 1471/3353/3321 2233/3354/3322
f 2233/3354/3322 1471/3353/3321 1470/3355/3323
f 2233/3354/3322 1470/3355/3323 2234/3356/3324
f 2234/3356/3324 1470/3355/3323 1469/3357/3325
f 2234/3356/3324 1469/3357/3325 2235/3358/3326
f 2235/3358/3326 1469/3357/3325 1468/3359/3327
f 2235/3358/3326 1468/3359/3327 2236/3360/3328
f 2236/3360/3328 1468/3359/3327 1467/3361/3329
f 2236/3360/3328 1467/3361/3329 2237/3362/3330
f 2237/3362/3330 1467/3361/3329 1466/3363/3331
f 2237/3362/3330 1466/3363/3331 2238/3364/3332
f 2238/3364/3332 1466/3363/3331 1465/3365/3333
f 2238/3364/3332 1465/3365/3333 2239/3366/3334
f 2239/3366/3334 1465/3365/3333 1464/3367/3335
f 2239/3366/3334 1464/3367/3335 2240/3368/3336
f 2240/3368/3336 1464/3367/3335 1463/3369/3337
f 2240/3368/3336 1463/3369/3337 2241/3370/3338
f 2241/3370/3338 1463/3369/3337 1462/3371/3339
f 2241/3370/3338 1462/3371/3339 2242/3372/3340
f 2242/3372/3340 1462/3371/3339 1461/3373/3341
f 2242/3372/3340 1461/3373/3341 2243/3374/3342
f 2243/3374/3342 1461/3373/3341 1460/3375/3343
f 2243/3374/3342 1460/3375/3343 2244/3376/3344
f 2244/3376/3344 1460/3375/3343 1459/3377/3345
f 2244/3376/3344 1459/3377/3345 2245/3378/3346
f 2245/3378/3346 1459/3377/3345 1458/3379/3347
f 2245/3378/3346 1458/3379/3347 2246/3380/3348
f 2246/3380/3348 1458/3379/3347 1457/3381/3349
f 2246/3380/3348 1457/3381/3349 2247/3382/3350
f 2247/3382/3350 1457/3381/3349 1456/3383/3351
f 2247/3382/3350 1456/3383/3351 2248/3384/3352
f 2248/3384/3352 1456/3383/3351 1455/3385/3353
f 2248/3384/3352 1455/3385/3353 2249/3386/3354
f 2249/3386/3354 1455/3385/3353 1454/3387/3355
f 2249/3386/3354 1454/3387/3355 2250/3388/3356
f 2250/3388/3356 1454/3387/3355 1453/3389/3357
f 2250/3388/3356 1453/3389/3357 2251/3390/3358
f 2251/3390/3358 1453/3389/3357 1452/3391/3359
f 2251/3390/3358 1452/3391/3359 2252/3392/3360
f 2252/3392/3360 1452/3391/3359 1451/3393/3361
f 2252/3392/3360 1451/3393/3361 2253/3394/3362
f 2253/3394/3362 1451/3393/3361 1450/3395/3363
f 2253/3394/3362 1450/3395/3363 2254/3396/3364
f 2254/3396/3364 1450/3395/3363 1449/3397/3365
f 2254/3396/3364 1449/3397/3365 2255/3398/3366
f 2255/3398/3366 1449/3397/3365 1448/3399/3367
f 2255/3398/3366 1448/3399/3367 2256/3400/3368
f 2256/3400/3368 1448/3399/3367 1447/3401/3369
f 2256/3400/3368 1447/3401/3369 2257/3402/3370
f 2257/3402/3370 1447/3401/3369 1446/3403/3371
f 2257/3402/3370 1446/3403/3371 2258/3404/3372
f 2258/3404/3372 1446/3403/3371 1445/3405/3373
f 2258/3404/3372 1445/3405/3373 2259/3406/3374
f 2259/3406/3374 1445/3405/3373 1444/3407/3375
f 2259/3406/3374 1444/3407/3375 2260/3408/3376
f 2260/3408/3376 1444/3407/3375 1443/3409/3377
f 2260/3408/3376 1443/3409/3377 2261/3410/3378
f 2261/3410/3378 1443/3409/3377 1442/3411/3379
f 2261/3410/3378 1442/3411/3379 2262/3412/3380
f 2262/3412/3380 1442/3411/3379 1441/3413/3381
f 2262/3412/3380 1441/3413/3381 2263/3414/3382
f 2263/3414/3382 1441/3413/3381 1440/3415/3383
f 2263/3414/3382 1440/3415/3383 2264/3416/3384
f 2264/3416/3384 1440/3415/3383 1439/3241/3211
f 2264/3416/3384 1439/3241/3211 2265/3243/3213
f 1437/3417/3385 2412/3418/3386 1335/3419/3387
f 1335/3419/3387 2412/3418/3386 2308/3420/3388
f 1335/3421/3387 2308/3422/3388 2309/3423/3389
f 2412/3418/3386 1437/3417/3385 2411/3424/3390
f 2411/3424/3390 1437/3417/3385 1436/3425/3391
f 2411/3424/3390 1436/3425/3391 2410/3426/3392
f 2410/3426/3392 1436/3425/3391 1435/3427/3393
f 2410/3426/3392 1435/3427/3393 2409/3428/3394
f 2409/3428/3394 1435/3427/3393 1434/3429/3395
f 2409/3428/3394 1434/3429/3395 2408/3430/3396
f 2408/3430/3396 1434/3429/3395 1433/3431/3397
f 2408/3430/3396 1433/3431/3397 2407/3432/3398
f 2407/3432/3398 1433/3431/3397 1432/3433/3399
f 2407/3432/3398 1432/3433/3399 2406/3434/3400
f 2406/3434/3400 1432/3433/3399 1431/3435/3401
f 2406/3434/3400 1431/3435/3401 2405/3436/3402
f 2405/3436/3402 1431/3435/3401 1430/3437/3403
f 2405/3436/3402 1430/3437/3403 2404/3438/3404
f 2404/3438/3404 1430/3437/3403 1429/3439/3405
f 2404/3438/3404 1429/3439/3405 2403/3440/3406
f 2403/3440/3406 1429/3439/3405 1428/3441/3407
f 2403/3440/3406 1428/3441/3407 2402/3442/3408
f 2402/3442/3408 1428/3441/3407 1427/3443/3409
f 2402/3442/3408 1427/3443/3409 2401/3444/3410
f 2401/3444/3410 1427/3443/3409 1426/3445/3411
f 2401/3444/3410 1426/3445/3411 2400/3446/3412
f 2400/3446/3412 1426/3445/3411 1425/3447/3413
f 2400/3446/3412 1425/3447/3413 2399/3448/3414
f 2399/3448/3414 1425/3447/3413 1424/3449/3415
f 2399/3448/3414 1424/3449/3415 2398/3450/3416
f 2398/3450/3416 1424/3449/3415 1423/3451/3417
f 2398/3450/3416 1423/3451/3417 2397/3452/3418
f 2397/3452/3418 1423/3451/3417 1422/3453/3419
f 2397/3452/3418 1422/3453/3419 2396/3454/3420
f 2396/3454/3420 1422/3453/3419 1421/3455/3421
f 2396/3454/3420 1421/3455/3421 2395/3456/3422
f 2395/3456/3422 1421/3455/3421 1420/3457/3423
f 2395/3456/3422 1420/3457/3423 2394/3458/3424
f 2394/3458/3424 1420/3457/3423 1419/3459/3425
f 2394/3458/3424 1419/3459/3425 2393/3460/3426
f 2393/3460/3426 1419/3459/3425 1418/3461/3427
f 2393/3460/3426 1418/3461/3427 2392/3462/3428
f 2392/3462/3428 1418/3461/3427 1417/3463/3429
f 2392/3462/3428 1417/3463/3429 2391/3464/3430
f 2391/3464/3430 1417/3463/3429 1416/3465/3431
f 2391/3464/3430 1416/3465/3431 2390/3466/3432
f 2390/3466/3432 1416/3465/3431 1415/3467/3433
f 2390/3466/3432 1415/3467/3433 2389/3468/3434
f 2389/3468/3434 1415/3467/3433 1414/3469/3435
f 2389/3468/3434 1414/3469/3435 2388/3470/3436
f 2388/3470/3436 1414/3469/3435 1413/3471/3437
f 2388/3470/3436 1413/3471/3437 2387/3472/3438
f 2387/3472/3438 1413/3471/3437 1412/3473/3439
f 2387/3472/3438 1412/3473/3439 2386/3474/3440
f 2386/3474/3440 1412/3473/3439 1411/3475/3441
f 2386/3474/3440 1411/3475/3441 2385/3476/3442
f 2385/3476/3442 1411/3475/3441 1410/3477/3443
f 2385/3476/3442 1410/3477/3443 2384/3478/3444
f 2384/3478/3444 1410/3477/3443 1409/3479/3445
f 2384/3478/3444 1409/3479/3445 2383/3480/3446
f 2383/3480/3446 1409/3479/3445 1408/3481/3447
f 2383/3480/3446 1408/3481/3447 2382/3482/3448
f 2382/3482/3448 1408/3481/3447 1407/3483/3449
f 2382/3482/3448 1407/3483/3449 2381/3484/3450
f 2381/3484/3450 1407/3483/3449 1406/3485/3451
f 2381/3484/3450 1406/3485/3451 2380/3486/3452
f 2380/3486/3452 1406/3485/3451 1405/3487/3453
f 2380/3486/3452 1405/3487/3453 2379/3488/3454
f 2379/3488/3454 1405/3487/3453 1404/3489/3455
f 2379/3488/3454 1404/3489/3455 2378/3490/3456
f 2378/3490/3456 1404/3489/3455 1403/3491/3457
f 2378/3490/3456 1403/3491/3457 2377/3492/3458
f 2377/3492/3458 1403/3491/3457 1402/3493/3459
f 2377/3492/3458 1402/3493/3459 2376/3494/3460
f 2376/3494/3460 1402/3493/3459 1401/3495/3461
f 2376/3494/3460 1401/3495/3461 2375/3496/3462
f 2375/3496/3462 1401/3495/3461 1400/3497/3463
f 2375/3496/3462 1400/3497/3463 2374/3498/3464
f 2374/3498/3464 1400/3497/3463 1399/3499/3465
f 2374/3498/3464 1399/3499/3465 2373/3500/3466
f 2373/3500/3466 1399/3499/3465 1398/3501/3467
f 2373/3500/3466 1398/3501/3467 2372/3502/3468
f 2372/3502/3468 1398/3501/3467 1397/3503/3469
f 2372/3502/3468 1397/3503/3469 2371/3504/3470
f 2371/3504/3470 1397/3503/3469 1396/3505/3471
f 2371/3504/3470 1396/3505/3471 2370/3506/3472
f 2370/3506/3472 1396/3505/3471 1395/3507/3473
f 2370/3506/3472 1395/3507/3473 2369/3508/3474
f 2369/3508/3474 1395/3507/3473 1394/3509/3475
f 2369/3508/3474 1394/3509/3475 2368/3510/3476
f 2368/3510/3476 1394/3509/3475 1393/3511/3477
f 2368/3510/3476 1393/3511/3477 2367/3512/3478
f 2367/3512/3478 1393/3511/3477 1392/3513/3479
f 2367/3512/3478 1392/3513/3479 2366/3514/3480
f 2366/3514/3480 1392/3513/3479 1391/3515/3481
f 2366/3514/3480 1391/3515/3481 2365/3516/3482
f 2365/3516/3482 1391/3515/3481 1390/3517/3483
f 2365/3516/3482 1390/3517/3483 2364/3518/3484
f 2364/3518/3484 1390/3517/3483 1389/3519/3485
f 2364/3518/3484 1389/3519/3485 2363/3520/3486
f 2363/3520/3486 1389/3519/3485 1388/3521/3487
f 2363/3520/3486 1388/3521/3487 2362/3522/3488
f 2362/3522/3488 1388/3521/3487 1387/3523/3489
f 2362/3522/3488 1387/3523/3489 2361/3524/3490
f 2361/3524/3490 1387/3523/3489 2360/3525/3491
f 2360/3525/3491 1387/3523/3489 1386/3526/3492
f 2360/3525/3491 1386/3526/3492 2359/3527/3493
f 2359/3527/3493 1386/3526/3492 1385/3528/3494
f 2359/3527/3493 1385/3528/3494 2358/3529/3495
f 2358/3529/3495 1385/3528/3494 1384/3530/3496
f 2358/3529/3495 1384/3530/3496 2357/3531/3497
f 2357/3531/3497 1384/3530/3496 1383/3532/3498
f 2357/3531/3497 1383/3532/3498 2356/3533/3499
f 2356/3533/3499 1383/3532/3498 1382/3534/3500
f 2356/3533/3499 1382/3534/3500 2355/3535/3501
f 2355/3535/3501 1382/3534/3500 1381/3536/3502
f 2355/3535/3501 1381/3536/3502 2354/3537/3503
f 2354/3537/3503 1381/3536/3502 1380/3538/3504
f 2354/3537/3503 1380/3538/3504 2353/3539/3505
f 2353/3539/3505 1380/3538/3504 1379/3540/3506
f 2353/3539/3505 1379/3540/3506 2352/3541/3507
f 2352/3541/3507 1379/3540/3506 1378/3542/3508
f 2352/3541/3507 1378/3542/3508 2351/3543/3509
f 2351/3543/3509 1378/3542/3508 1377/3544/3510
f 2351/3543/3509 1377/3544/3510 2350/3545/3511
f 2350/3545/3511 1377/3544/3510 1376/3546/3512
f 2350/3545/3511 1376/3546/3512 2349/3547/3513
f 2349/3547/3513 1376/3546/3512 1375/3548/3514
f 2349/3547/3513 1375/3548/3514 2348/3549/3515
f 2348/3549/3515 1375/3548/3514 1374/3550/3516
f 2348/3549/3515 1374/3550/3516 2347/3551/3517
f 2347/3551/3517 1374/3550/3516 1373/3552/3518
f 2347/3551/3517 1373/3552/3518 2346/3553/3519
f 2346/3553/3519 1373/3552/3518 1372/3554/3520
f 2346/3553/3519 1372/3554/3520 2345/3555/3521
f 2345/3555/3521 1372/3554/3520 1371/3556/3522
f 2345/3555/3521 1371/3556/3522 2344/3557/3523
f 2344/3557/3523 1371/3556/3522 1370/3558/3524
f 2344/3557/3523 1370/3558/3524 2343/3559/3525
f 2343/3559/3525 1370/3558/3524 1369/3560/3526
f 2343/3559/3525 1369/3560/3526 2342/3561/3527
f 2342/3561/3527 1369/3560/3526 1368/3562/3528
f 2342/3561/3527 1368/3562/3528 2341/3563/3529
f 2341/3563/3529 1368/3562/3528 1367/3564/3530
f 2341/3563/3529 1367/3564/3530 2340/3565/3531
f 2340/3565/3531 1367/3564/3530 1366/3566/3532
f 2340/3565/3531 1366/3566/3532 2339/3567/3533
f 2339/3567/3533 1366/3566/3532 1365/3568/3534
f 2339/3567/3533 1365/3568/3534 2338/3569/3535
f 2338/3569/3535 1365/3568/3534 1364/3570/3536
f 2338/3569/3535 1364/3570/3536 2337/3571/3537
f 2337/3571/3537 1364/3570/3536 1363/3572/3538
f 2337/3571/3537 1363/3572/3538 2336/3573/3539
f 2336/3573/3539 1363/3572/3538 1362/3574/3540
f 2336/3573/3539 1362/3574/3540 2335/3575/3541
f 2335/3575/3541 1362/3574/3540 1361/3576/3542
f 2335/3575/3541 1361/3576/3542 2334/3577/3543
f 2334/3577/3543 1361/3576/3542 1360/3578/3544
f 2334/3577/3543 1360/3578/3544 2333/3579/3545
f 2333/3579/3545 1360/3578/3544 1359/3580/3546
f 2333/3579/3545 1359/3580/3546 2332/3581/3547
f 2332/3581/3547 1359/3580/3546 1358/3582/3548
f 2332/3581/3547 1358/3582/3548 2331/3583/3549
f 2331/3583/3549 1358/3582/3548 1357/3584/3550
f 2331/3583/3549 1357/3584/3550 2330/3585/3551
f 2330/3585/3551 1357/3584/3550 1356/3586/3552
f 2330/3585/3551 1356/3586/3552 2329/3587/3553
f 2329/3587/3553 1356/3586/3552 1355/3588/3554
f 2329/3587/3553 1355/3588/3554 2328/3589/3555
f 2328/3589/3555 1355/3588/3554 1354/3590/3556
f 2328/3589/3555 1354/3590/3556 2327/3591/3557
f 2327/3591/3557 1354/3590/3556 1353/3592/3558
f 2327/3591/3557 1353/3592/3558 2326/3593/3559
f 2326/3593/3559 1353/3592/3558 1352/3594/3560
f 2326/3593/3559 1352/3594/3560 2325/3595/3561
f 2325/3595/3561 1352/3594/3560 1351/3596/3562
f 2325/3595/3561 1351/3596/3562 2324/3597/3563
f 2324/3597/3563 1351/3596/3562 1350/3598/3564
f 2324/3597/3563 1350/3598/3564 2323/3599/3565
f 2323/3599/3565 1350/3598/3564 1349/3600/3566
f 2323/3599/3565 1349/3600/3566 2322/3601/3567
f 2322/3601/3567 1349/3600/3566 1348/3602/3568
f 2322/3601/3567 1348/3602/3568 2321/3603/3569
f 2321/3603/3569 1348/3602/3568 1347/3604/3570
f 2321/3603/3569 1347/3604/3570 2320/3605/3571
f 2320/3605/3571 1347/3604/3570 1346/3606/3572
f 2320/3605/3571 1346/3606/3572 2319/3607/3573
f 2319/3607/3573 1346/3606/3572 1345/3608/3574
f 2319/3607/3573 1345/3608/3574 2318/3609/3575
f 2318/3609/3575 1345/3608/3574 1344/3610/3576
f 2318/3609/3575 1344/3610/3576 2317/3611/3577
f 2317/3611/3577 1344/3610/3576 1343/3612/3578
f 2317/3611/3577 1343/3612/3578 2316/3613/3579
f 2316/3613/3579 1343/3612/3578 1342/3614/3580
f 2316/3613/3579 1342/3614/3580 2315/3615/3581
f 2315/3615/3581 1342/3614/3580 1341/3616/3582
f 2315/3615/3581 1341/3616/3582 2314/3617/3583
f 2314/3617/3583 1341/3616/3582 1340/3618/3584
f 2314/3617/3583 1340/3618/3584 2313/3619/3585
f 2313/3619/3585 1340/3618/3584 1339/3620/3586
f 2313/3619/3585 1339/3620/3586 2312/3621/3587
f 2312/3621/3587 1339/3620/3586 1338/3622/3588
f 2312/3621/3587 1338/3622/3588 2311/3623/3589
f 2311/3623/3589 1338/3622/3588 1337/3624/3590
f 2311/3623/3589 1337/3624/3590 2310/3625/3591
f 2310/3625/3591 1337/3624/3590 1336/3626/3592
f 2310/3625/3591 1336/3626/3592 2309/3423/3389
f 2309/3423/3389 1336/3626/3592 1335/3421/3387
f 2414/3627/3593 2361/3628/3594 2413/3629/3595
f 2413/3630/3595 2361/3631/3594 2360/3632/3596
f 2413/3630/3595 2360/3632/3596 2517/3633/3597
f 2517/3633/3597 2360/3632/3596 2359/3634/3598
f 2517/3633/3597 2359/3634/3598 2516/3635/3599
f 2516/3635/3599 2359/3634/3598 2358/3636/3600
f 2516/3635/3599 2358/3636/3600 2515/3637/3601
f 2515/3637/3601 2358/3636/3600 2357/3638/3602
f 2515/3637/3601 2357/3638/3602 2514/3639/3603
f 2514/3639/3603 2357/3638/3602 2356/3640/3604
f 2514/3639/3603 2356/3640/3604 2513/3641/3605
f 2513/3641/3605 2356/3640/3604 2355/3642/3606
f 2513/3641/3605 2355/3642/3606 2512/3643/3607
f 2512/3643/3607 2355/3642/3606 2354/3644/3608
f 2512/3643/3607 2354/3644/3608 2511/3645/3609
f 2511/3645/3609 2354/3644/3608 2353/3646/3610
f 2511/3645/3609 2353/3646/3610 2510/3647/3611
f 2510/3647/3611 2353/3646/3610 2352/3648/3612
f 2510/3647/3611 2352/3648/3612 2509/3649/3613
f 2509/3649/3613 2352/3648/3612 2351/3650/3614
f 2509/3649/3613 2351/3650/3614 2508/3651/3615
f 2508/3651/3615 2351/3650/3614 2350/3652/3616
f 2508/3651/3615 2350/3652/3616 2507/3653/3617
f 2507/3653/3617 2350/3652/3616 2349/3654/3618
f 2507/3653/3617 2349/3654/3618 2506/3655/3619
f 2506/3655/3619 2349/3654/3618 2348/3656/3620
f 2506/3655/3619 2348/3656/3620 2505/3657/3621
f 2505/3657/3621 2348/3656/3620 2347/3658/3622
f 2505/3657/3621 2347/3658/3622 2504/3659/3623
f 2504/3659/3623 2347/3658/3622 2346/3660/3624
f 2504/3659/3623 2346/3660/3624 2503/3661/3625
f 2503/3661/3625 2346/3660/3624 2345/3662/3626
f 2503/3661/3625 2345/3662/3626 2502/3663/3627
f 2502/3663/3627 2345/3662/3626 2344/3664/3628
f 2502/3663/3627 2344/3664/3628 2501/3665/3629
f 2501/3665/3629 2344/3664/3628 2343/3666/3630
f 2501/3665/3629 2343/3666/3630 2500/3667/3631
f 2500/3667/3631 2343/3666/3630 2342/3668/3632
f 2500/3667/3631 2342/3668/3632 2499/3669/3633
f 2499/3669/3633 2342/3668/3632 2341/3670/3634
f 2499/3669/3633 2341/3670/3634 2498/3671/3635
f 2498/3671/3635 2341/3670/3634 2340/3672/3636
f 2498/3671/3635 2340/3672/3636 2497/3673/3637
f 2497/3673/3637 2340/3672/3636 2339/3674/3638
f 2497/3673/3637 2339/3674/3638 2496/3675/3639
f 2496/3675/3639 2339/3674/3638 2338/3676/3640
f 2496/3675/3639 2338/3676/3640 2495/3677/3641
f 2495/3677/3641 2338/3676/3640 2337/3678/3642
f 2495/3677/3641 2337/3678/3642 2494/3679/3643
f 2494/3679/3643 2337/3678/3642 2336/3680/3644
f 2494/3679/3643 2336/3680/3644 2493/3681/3645
f 2493/3681/3645 2336/3680/3644 2335/3682/3646
f 2493/3681/3645 2335/3682/3646 2492/3683/3647
f 2492/3683/3647 2335/3682/3646 2334/3684/3648
f 2492/3683/3647 2334/3684/3648 2491/3685/3649
f 2491/3685/3649 2334/3684/3648 2333/3686/3650
f 2491/3685/3649 2333/3686/3650 2490/3687/3651
f 2490/3687/3651 2333/3686/3650 2332/3688/3652
f 2490/3687/3651 2332/3688/3652 2489/3689/3653
f 2489/3689/3653 2332/3688/3652 2331/3690/3654
f 2489/3689/3653 2331/3690/3654 2488/3691/3655
f 2488/3691/3655 2331/3690/3654 2330/3692/3656
f 2488/3691/3655 2330/3692/3656 2487/3693/3657
f 2487/3693/3657 2330/3692/3656 2329/3694/3658
f 2487/3693/3657 2329/3694/3658 2486/3695/3659
f 2486/3695/3659 2329/3694/3658 2328/3696/3660
f 2486/3695/3659 2328/3696/3660 2485/3697/3661
f 2485/3697/3661 2328/3696/3660 2327/3698/3662
f 2485/3697/3661 2327/3698/3662 2484/3699/3663
f 2484/3699/3663 2327/3698/3662 2326/3700/3664
f 2484/3699/3663 2326/3700/3664 2483/3701/3665
f 2483/3701/3665 2326/3700/3664 2325/3702/3666
f 2483/3701/3665 2325/3702/3666 2482/3703/3667
f 2482/3703/3667 2325/3702/3666 2324/3704/3668
f 2482/3703/3667 2324/3704/3668 2481/3705/3669
f 2481/3705/3669 2324/3704/3668 2323/3706/3670
f 2481/3705/3669 2323/3706/3670 2480/3707/3671
f 2480/3707/3671 2323/3706/3670 2322/3708/3672
f 2480/3707/3671 2322/3708/3672 2479/3709/3673
f 2479/3709/3673 2322/3708/3672 2321/3710/3674
f 2479/3709/3673 2321/3710/3674 2478/3711/3675
f 2478/3711/3675 2321/3710/3674 2320/3712/3676
f 2478/3711/3675 2320/3712/3676 2477/3713/3677
f 2477/3713/3677 2320/3712/3676 2319/3714/3678
f 2477/3713/3677 2319/3714/3678 2476/3715/3679
f 2476/3715/3679 2319/3714/3678 2318/3716/3680
f 2476/3715/3679 2318/3716/3680 2475/3717/3681
f 2475/3717/3681 2318/3716/3680 2317/3718/3682
f 2475/3717/3681 2317/3718/3682 2474/3719/3683
f 2474/3719/3683 2317/3718/3682 2316/3720/3684
f 2474/3719/3683 2316/3720/3684 2473/3721/3685
f 2473/3721/3685 2316/3720/3684 2315/3722/3686
f 2473/3721/3685 2315/3722/3686 2472/3723/3687
f 2472/3723/3687 2315/3722/3686 2314/3724/3688
f 2472/3723/3687 2314/3724/3688 2471/3725/3689
f 2471/3725/3689 2314/3724/3688 2313/3726/3690
f 2471/3725/3689 2313/3726/3690 2470/3727/3691
f 2470/3727/3691 2313/3726/3690 2312/3728/3692
f 2470/3727/3691 2312/3728/3692 2469/3729/3693
f 2469/3729/3693 2312/3728/3692 2311/3730/3694
f 2469/3729/3693 2311/3730/3694 2468/3731/3695
f 2468/3731/3695 2311/3730/3694 2310/3732/3696
f 2468/3731/3695 2310/3732/3696 2467/3733/3697
f 2467/3733/3697 2310/3732/3696 2309/3734/3698
f 2467/3733/3697 2309/3734/3698 2466/3735/3699
f 2466/3735/3699 2309/3734/3698 2308/3736/3700
f 2466/3735/3699 2308/3736/3700 2465/3737/3701
f 2465/3737/3701 2308/3736/3700 2412/3738/3702
f 2465/3737/3701 2412/3738/3702 2464/3739/3703
f 2464/3739/3703 2412/3738/3702 2411/3740/3704
f 2464/3739/3703 2411/3740/3704 2463/3741/3705
f 2463/3741/3705 2411/3740/3704 2410/3742/3706
f 2463/3741/3705 2410/3742/3706 2462/3743/3707
f 2462/3743/3707 2410/3742/3706 2409/3744/3708
f 2462/3743/3707 2409/3744/3708 2461/3745/3709
f 2461/3745/3709 2409/3744/3708 2408/3746/3710
f 2461/3745/3709 2408/3746/3710 2460/3747/3711
f 2460/3747/3711 2408/3746/3710 2407/3748/3712
f 2460/3747/3711 2407/3748/3712 2459/3749/3713
f 2459/3749/3713 2407/3748/3712 2406/3750/3714
f 2459/3749/3713 2406/3750/3714 2458/3751/3715
f 2458/3751/3715 2406/3750/3714 2405/3752/3716
f 2458/3751/3715 2405/3752/3716 2457/3753/3717
f 2457/3753/3717 2405/3752/3716 2404/3754/3718
f 2457/3753/3717 2404/3754/3718 2456/3755/3719
f 2456/3755/3719 2404/3754/3718 2403/3756/3720
f 2456/3755/3719 2403/3756/3720 2455/3757/3721
f 2455/3757/3721 2403/3756/3720 2402/3758/3722
f 2455/3757/3721 2402/3758/3722 2454/3759/3723
f 2454/3759/3723 2402/3758/3722 2401/3760/3724
f 2454/3759/3723 2401/3760/3724 2453/3761/3725
f 2453/3761/3725 2401/3760/3724 2400/3762/3726
f 2453/3761/3725 2400/3762/3726 2452/3763/3727
f 2452/3763/3727 2400/3762/3726 2399/3764/3728
f 2452/3763/3727 2399/3764/3728 2451/3765/3729
f 2451/3765/3729 2399/3764/3728 2398/3766/3730
f 2451/3765/3729 2398/3766/3730 2450/3767/3731
f 2450/3767/3731 2398/3766/3730 2397/3768/3732
f 2450/3767/3731 2397/3768/3732 2449/3769/3733
f 2449/3769/3733 2397/3768/3732 2396/3770/3734
f 2449/3769/3733 2396/3770/3734 2448/3771/3735
f 2448/3771/3735 2396/3770/3734 2395/3772/3736
f 2448/3771/3735 2395/3772/3736 2447/3773/3737
f 2447/3773/3737 2395/3772/3736 2394/3774/3738
f 2447/3773/3737 2394/3774/3738 2446/3775/3739
f 2446/3775/3739 2394/3774/3738 2393/3776/3740
f 2446/3775/3739 2393/3776/3740 2445/3777/3741
f 2445/3777/3741 2393/3776/3740 2392/3778/3742
f 2445/3777/3741 2392/3778/3742 2444/3779/3743
f 2444/3779/3743 2392/3778/3742 2391/3780/3744
f 2444/3779/3743 2391/3780/3744 2443/3781/3745
f 2443/3781/3745 2391/3780/3744 2390/3782/3746
f 2443/3781/3745 2390/3782/3746 2442/3783/3747
f 2442/3783/3747 2390/3782/3746 2389/3784/3748
f 2442/3783/3747 2389/3784/3748 2441/3785/3749
f 2441/3785/3749 2389/3784/3748 2388/3786/3750
f 2441/3785/3749 2388/3786/3750 2440/3787/3751
f 2440/3787/3751 2388/3786/3750 2387/3788/3752
f 2440/3787/3751 2387/3788/3752 2439/3789/3753
f 2439/3789/3753 2387/3788/3752 2386/3790/3754
f 2439/3789/3753 2386/3790/3754 2438/3791/3755
f 2438/3791/3755 2386/3790/3754 2385/3792/3756
f 2438/3791/3755 2385/3792/3756 2437/3793/3757
f 2437/3793/3757 2385/3792/3756 2384/3794/3758
f 2437/3793/3757 2384/3794/3758 2436/3795/3759
f 2436/3795/3759 2384/3794/3758 2383/3796/3760
f 2436/3795/3759 2383/3796/3760 2435/3797/3761
f 2435/3797/3761 2383/3796/3760 2382/3798/3762
f 2435/3797/3761 2382/3798/3762 2434/3799/3763
f 2434/3799/3763 2382/3798/3762 2381/3800/3764
f 2434/3799/3763 2381/3800/3764 2433/3801/3765
f 2433/3801/3765 2381/3800/3764 2380/3802/3766
f 2433/3801/3765 2380/3802/3766 2432/3803/3767
f 2432/3803/3767 2380/3802/3766 2379/3804/3768
f 2432/3803/3767 2379/3804/3768 2431/3805/3769
f 2431/3805/3769 2379/3804/3768 2378/3806/3770
f 2431/3805/3769 2378/3806/3770 2430/3807/3771
f 2430/3807/3771 2378/3806/3770 2377/3808/3772
f 2430/3807/3771 2377/3808/3772 2429/3809/3773
f 2429/3809/3773 2377/3808/3772 2376/3810/3774
f 2429/3809/3773 2376/3810/3774 2428/3811/3775
f 2428/3811/3775 2376/3810/3774 2375/3812/3776
f 2428/3811/3775 2375/3812/3776 2427/3813/3777
f 2427/3813/3777 2375/3812/3776 2374/3814/3778
f 2427/3813/3777 2374/3814/3778 2426/3815/3779
f 2426/3815/3779 2374/3814/3778 2373/3816/3780
f 2426/3815/3779 2373/3816/3780 2425/3817/3781
f 2425/3817/3781 2373/3816/3780 2372/3818/3782
f 2425/3817/3781 2372/3818/3782 2424/3819/3783
f 2424/3819/3783 2372/3818/3782 2371/3820/3784
f 2424/3819/3783 2371/3820/3784 2423/3821/3785
f 2423/3821/3785 2371/3820/3784 2370/3822/3786
f 2423/3821/3785 2370/3822/3786 2422/3823/3787
f 2422/3823/3787 2370/3822/3786 2369/3824/3788
f 2422/3823/3787 2369/3824/3788 2421/3825/3789
f 2421/3825/3789 2369/3824/3788 2368/3826/3790
f 2421/3825/3789 2368/3826/3790 2420/3827/3791
f 2420/3827/3791 2368/3826/3790 2367/3828/3792
f 2420/3827/3791 2367/3828/3792 2419/3829/3793
f 2419/3829/3793 2367/3828/3792 2366/3830/3794
f 2419/3829/3793 2366/3830/3794 2418/3831/3795
f 2418/3831/3795 2366/3830/3794 2365/3832/3796
f 2418/3831/3795 2365/3832/3796 2417/3833/3797
f 2417/3833/3797 2365/3832/3796 2364/3834/3798
f 2417/3833/3797 2364/3834/3798 2416/3835/3799
f 2416/3835/3799 2364/3834/3798 2363/3836/3800
f 2416/3835/3799 2363/3836/3800 2415/3837/3801
f 2415/3837/3801 2363/3836/3800 2362/3838/3802
f 2415/3837/3801 2362/3838/3802 2414/3627/3593
f 2414/3627/3593 2362/3838/3802 2361/3628/3594
f 822/3839/3803 1300/3840/3804 787/3841/3805
f 787/3841/3805 1300/3840/3804 1299/3842/3806
f 787/3843/3805 1299/3844/3806 788/3845/3807
f 788/3845/3807 1299/3844/3806 1334/3846/3808
f 788/3845/3807 1334/3846/3808 1333/3847/3809
f 822/3839/3803 821/3848/3810 1300/3840/3804
f 1300/3840/3804 821/3848/3810 1301/3849/3811
f 1301/3849/3811 821/3848/3810 820/3850/3812
f 1301/3849/3811 820/3850/3812 1302/3851/3813
f 1302/3851/3813 820/3850/3812 819/3852/3814
f 1302/3851/3813 819/3852/3814 1303/3853/3815
f 1303/3853/3815 819/3852/3814 818/3854/3816
f 1303/3853/3815 818/3854/3816 1304/3855/3817
f 1304/3855/3817 818/3854/3816 817/3856/3818
f 1304/3855/3817 817/3856/3818 1305/3857/3819
f 1305/3857/3819 817/3856/3818 816/3858/3820
f 1305/3857/3819 816/3858/3820 1306/3859/3821
f 1306/3859/3821 816/3858/3820 815/3860/3822
f 1306/3859/3821 815/3860/3822 1307/3861/3823
f 1307/3861/3823 815/3860/3822 814/3862/3824
f 1307/3861/3823 814/3862/3824 1308/3863/3825
f 1308/3863/3825 814/3862/3824 813/3864/3826
f 1308/3863/3825 813/3864/3826 1309/3865/3827
f 1309/3865/3827 813/3864/3826 812/3866/3828
f 1309/3865/3827 812/3866/3828 1310/3867/3829
f 1310/3867/3829 812/3866/3828 811/3868/3830
f 1310/3867/3829 811/3868/3830 1311/3869/3831
f 1311/3869/3831 811/3868/3830 810/3870/3832
f 1311/3869/3831 810/3870/3832 1312/3871/3833
f 1312/3871/3833 810/3870/3832 809/3872/3834
f 1312/3871/3833 809/3872/3834 1313/3873/3835
f 1313/3873/3835 809/3872/3834 808/3874/3836
f 1313/3873/3835 808/3874/3836 1314/3875/3837
f 1314/3875/3837 808/3874/3836 807/3876/3838
f 1314/3875/3837 807/3876/3838 1315/3877/3839
f 1315/3877/3839 807/3876/3838 806/3878/3840
f 1315/3877/3839 806/3878/3840 1316/3879/3841
f 1316/3879/3841 806/3878/3840 805/3880/3842
f 1316/3879/3841 805/3880/3842 1317/3881/3843
f 1317/3881/3843 805/3880/3842 804/3882/3844
f 1317/3881/3843 804/3882/3844 1318/3883/3845
f 1318/3883/3845 804/3882/3844 803/3884/3846
f 1318/3883/3845 803/3884/3846 1319/3885/3847
f 1319/3885/3847 803/3884/3846 802/3886/3848
f 1319/3885/3847 802/3886/3848 1320/3887/3849
f 1320/3887/3849 802/3886/3848 801/3888/3850
f 1320/3887/3849 801/3888/3850 1321/3889/3851
f 1321/3889/3851 801/3888/3850 800/3890/3852
f 1321/3889/3851 800/3890/3852 1322/3891/3853
f 1322/3891/3853 800/3890/3852 799/3892/3854
f 1322/3891/3853 799/3892/3854 1323/3893/3855
f 1323/3893/3855 799/3892/3854 798/3894/3856
f 1323/3893/3855 798/3894/3856 1324/3895/3857
f 1324/3895/3857 798/3894/3856 797/3896/3858
f 1324/3895/3857 797/3896/3858 1325/3897/3859
f 1325/3897/3859 797/3896/3858 796/3898/3860
f 1325/3897/3859 796/3898/3860 1326/3899/3861
f 1326/3899/3861 796/3898/3860 795/3900/3862
f 1326/3899/3861 795/3900/3862 1327/3901/3863
f 1327/3901/3863 795/3900/3862 794/3902/3864
f 1327/3901/3863 794/3902/3864 1328/3903/3865
f 1328/3903/3865 794/3902/3864 793/3904/3866
f 1328/3903/3865 793/3904/3866 1329/3905/3867
f 1329/3905/3867 793/3904/3866 792/3906/3868
f 1329/3905/3867 792/3906/3868 1330/3907/3869
f 1330/3907/3869 792/3906/3868 791/3908/3870
f 1330/3907/3869 791/3908/3870 1331/3909/3871
f 1331/3909/3871 791/3908/3870 790/3910/3872
f 1331/3909/3871 790/3910/3872 1332/3911/3873
f 1332/3911/3873 790/3910/3872 789/3912/3874
f 1332/3911/3873 789/3912/3874 1333/3847/3809
f 1333/3847/3809 789/3912/3874 788/3845/3807
f 786/3913/3875 1264/3914/3876 751/3915/3877
f 751/3915/3877 1264/3914/3876 1263/3916/3878
f 751/3917/3877 1263/3918/3878 752/3919/3879
f 752/3919/3879 1263/3918/3878 1298/3920/3880
f 752/3919/3879 1298/3920/3880 1297/3921/3881
f 786/3913/3875 785/3922/3882 1264/3914/3876
f 1264/3914/3876 785/3922/3882 1265/3923/3883
f 1265/3923/3883 785/3922/3882 784/3924/3884
f 1265/3923/3883 784/3924/3884 1266/3925/3885
f 1266/3925/3885 784/3924/3884 783/3926/3886
f 1266/3925/3885 783/3926/3886 1267/3927/3887
f 1267/3927/3887 783/3926/3886 782/3928/3888
f 1267/3927/3887 782/3928/3888 1268/3929/3889
f 1268/3929/3889 782/3928/3888 781/3930/3890
f 1268/3929/3889 781/3930/3890 1269/3931/3891
f 1269/3931/3891 781/3930/3890 780/3932/3892
f 1269/3931/3891 780/3932/3892 1270/3933/3893
f 1270/3933/3893 780/3932/3892 779/3934/3894
f 1270/3933/3893 779/3934/3894 1271/3935/3895
f 1271/3935/3895 779/3934/3894 778/3936/3896
f 1271/3935/3895 778/3936/3896 1272/3937/3897
f 1272/3937/3897 778/3936/3896 777/3938/3898
f 1272/3937/3897 777/3938/3898 1273/3939/3899
f 1273/3939/3899 777/3938/3898 776/3940/3900
f 1273/3939/3899 776/3940/3900 1274/3941/3901
f 1274/3941/3901 776/3940/3900 775/3942/3902
f 1274/3941/3901 775/3942/3902 1275/3943/3903
f 1275/3943/3903 775/3942/3902 774/3944/3904
f 1275/3943/3903 774/3944/3904 1276/3945/3905
f 1276/3945/3905 774/3944/3904 773/3946/3906
f 1276/3945/3905 773/3946/3906 1277/3947/3907
f 1277/3947/3907 773/3946/3906 772/3948/3908
f 1277/3947/3907 772/3948/3908 1278/3949/3909
f 1278/3949/3909 772/3948/3908 771/3950/3910
f 1278/3949/3909 771/3950/3910 1279/3951/3911
f 1279/3951/3911 771/3950/3910 770/3952/3912
f 1279/3951/3911 770/3952/3912 1280/3953/3913
f 1280/3953/3913 770/3952/3912 769/3954/3914
f 1280/3953/3913 769/3954/3914 1281/3955/3915
f 1281/3955/3915 769/3954/3914 768/3956/3916
f 1281/3955/3915 768/3956/3916 1282/3957/3917
f 1282/3957/3917 768/3956/3916 767/3958/3918
f 1282/3957/3917 767/3958/3918 1283/3959/3919
f 1283/3959/3919 767/3958/3918 766/3960/3920
f 1283/3959/3919 766/3960/3920 1284/3961/3921
f 1284/3961/3921 766/3960/3920 765/3962/3922
f 1284/3961/3921 765/3962/3922 1285/3963/3923
f 1285/3963/3923 765/3962/3922 764/3964/3924
f 1285/3963/3923 764/3964/3924 1286/3965/3925
f 1286/3965/3925 764/3964/3924 763/3966/3926
f 1286/3965/3925 763/3966/3926 1287/3967/3927
f 1287/3967/3927 763/3966/3926 762/3968/3928
f 1287/3967/3927 762/3968/3928 1288/3969/3929
f 1288/3969/3929 762/3968/3928 761/3970/3930
f 1288/3969/3929 761/3970/3930 1289/3971/3931
f 1289/3971/3931 761/3970/3930 760/3972/3932
f 1289/3971/3931 760/3972/3932 1290/3973/3933
f 1290/3973/3933 760/3972/3932 759/3974/3934
f 1290/3973/3933 759/3974/3934 1291/3975/3935
f 1291/3975/3935 759/3974/3934 758/3976/3936
f 1291/3975/3935 758/3976/3936 1292/3977/3937
f 1292/3977/3937 758/3976/3936 757/3978/3938
f 1292/3977/3937 757/3978/3938 1293/3979/3939
f 1293/3979/3939 757/3978/3938 756/3980/3940
f 1293/3979/3939 756/3980/3940 1294/3981/3941
f 1294/3981/3941 756/3980/3940 755/3982/3942
f 1294/3981/3941 755/3982/3942 1295/3983/3943
f 1295/3983/3943 755/3982/3942 754/3984/3944
f 1295/3983/3943 754/3984/3944 1296/3985/3945
f 1296/3985/3945 754/3984/3944 753/3986/3946
f 1296/3985/3945 753/3986/3946 1297/3921/3881
f 1297/3921/3881 753/3986/3946 752/3919/3879
f 750/3987/3947 1228/3988/3948 715/3989/3949
f 715/3989/3949 1228/3988/3948 1227/3990/3950
f 715/3991/3949 1227/3992/3950 716/3993/3951
f 716/3993/3951 1227/3992/3950 1262/3994/3952
f 716/3993/3951 1262/3994/3952 1261/3995/3953
f 750/3987/3947 749/3996/3954 1228/3988/3948
f 1228/3988/3948 749/3996/3954 1229/3997/3955
f 1229/3997/3955 749/3996/3954 748/3998/3956
f 1229/3997/3955 748/3998/3956 1230/3999/3957
f 1230/3999/3957 748/3998/3956 747/4000/3958
f 1230/3999/3957 747/4000/3958 1231/4001/3959
f 1231/4001/3959 747/4000/3958 746/4002/3960
f 1231/4001/3959 746/4002/3960 1232/4003/3961
f 1232/4003/3961 746/4002/3960 745/4004/3962
f 1232/4003/3961 745/4004/3962 1233/4005/3963
f 1233/4005/3963 745/4004/3962 744/4006/3964
f 1233/4005/3963 744/4006/3964 1234/4007/3965
f 1234/4007/3965 744/4006/3964 743/4008/3966
f 1234/4007/3965 743/4008/3966 1235/4009/3967
f 1235/4009/3967 743/4008/3966 742/4010/3968
f 1235/4009/3967 742/4010/3968 1236/4011/3969
f 1236/4011/3969 742/4010/3968 741/4012/3970
f 1236/4011/3969 741/4012/3970 1237/4013/3971
f 1237/4013/3971 741/4012/3970 740/4014/3972
f 1237/4013/3971 740/4014/3972 1238/4015/3973
f 1238/4015/3973 740/4014/3972 739/4016/3974
f 1238/4015/3973 739/4016/3974 1239/4017/3975
f 1239/4017/3975 739/4016/3974 738/4018/3976
f 1239/4017/3975 738/4018/3976 1240/4019/3977
f 1240/4019/3977 738/4018/3976 737/4020/3978
f 1240/4019/3977 737/4020/3978 1241/4021/3979
f 1241/4021/3979 737/4020/3978 736/4022/3980
f 1241/4021/3979 736/4022/3980 1242/4023/3981
f 1242/4023/3981 736/4022/3980 735/4024/3982
f 1242/4023/3981 735/4024/3982 1243/4025/3983
f 1243/4025/3983 735/4024/3982 734/4026/3984
f 1243/4025/3983 734/4026/3984 1244/4027/3985
f 1244/4027/3985 734/4026/3984 733/4028/3986
f 1244/4027/3985 733/4028/3986 1245/4029/3987
f 1245/4029/3987 733/4028/3986 732/4030/3988
f 1245/4029/3987 732/4030/3988 1246/4031/3989
f 1246/4031/3989 732/4030/3988 731/4032/3990
f 1246/4031/3989 731/4032/3990 1247/4033/3991
f 1247/4033/3991 731/4032/3990 730/4034/3992
f 1247/4033/3991 730/4034/3992 1248/4035/3993
f 1248/4035/3993 730/4034/3992 729/4036/3994
f 1248/4035/3993 729/4036/3994 1249/4037/3995
f 1249/4037/3995 729/4036/3994 728/4038/3996
f 1249/4037/3995 728/4038/3996 1250/4039/3997
f 1250/4039/3997 728/4038/3996 727/4040/3998
f 1250/4039/3997 727/4040/3998 1251/4041/3999
f 1251/4041/3999 727/4040/3998 726/4042/4000
f 1251/4041/3999 726/4042/4000 1252/4043/4001
f 1252/4043/4001 726/4042/4000 725/4044/4002
f 1252/4043/4001 725/4044/4002 1253/4045/4003
f 1253/4045/4003 725/4044/4002 724/4046/4004
f 1253/4045/4003 724/4046/4004 1254/4047/4005
f 1254/4047/4005 724/4046/4004 723/4048/4006
f 1254/4047/4005 723/4048/4006 1255/4049/4007
f 1255/4049/4007 723/4048/4006 722/4050/4008
f 1255/4049/4007 722/4050/4008 1256/4051/4009
f 1256/4051/4009 722/4050/4008 721/4052/4010
f 1256/4051/4009 721/4052/4010 1257/4053/4011
f 1257/4053/4011 721/4052/4010 720/4054/4012
f 1257/4053/4011 720/4054/4012 1258/4055/4013
f 1258/4055/4013 720/4054/4012 719/4056/4014
f 1258/4055/4013 719/4056/4014 1259/4057/4015
f 1259/4057/4015 719/4056/4014 718/4058/4016
f 1259/4057/4015 718/4058/4016 1260/4059/4017
f 1260/4059/4017 718/4058/4016 717/4060/4018
f 1260/4059/4017 717/4060/4018 1261/3995/3953
f 1261/3995/3953 717/4060/4018 716/3993/3951
f 714/4061/4019 1192/4062/4020 679/4063/4021
f 679/4063/4021 1192/4062/4020 1191/4064/4022
f 679/4065/4021 1191/4066/4022 680/4067/4023
f 680/4067/4023 1191/4066/4022 1226/4068/4024
f 680/4067/4023 1226/4068/4024 1225/4069/4025
f 714/4061/4019 713/4070/4026 1192/4062/4020
f 1192/4062/4020 713/4070/4026 1193/4071/4027
f 1193/4071/4027 713/4070/4026 712/4072/4028
f 1193/4071/4027 712/4072/4028 1194/4073/4029
f 1194/4073/4029 712/4072/4028 711/4074/4030
f 1194/4073/4029 711/4074/4030 1195/4075/4031
f 1195/4075/4031 711/4074/4030 710/4076/4032
f 1195/4075/4031 710/4076/4032 1196/4077/4033
f 1196/4077/4033 710/4076/4032 709/4078/4034
f 1196/4077/4033 709/4078/4034 1197/4079/4035
f 1197/4079/4035 709/4078/4034 708/4080/4036
f 1197/4079/4035 708/4080/4036 1198/4081/4037
f 1198/4081/4037 708/4080/4036 707/4082/4038
f 1198/4081/4037 707/4082/4038 1199/4083/4039
f 1199/4083/4039 707/4082/4038 706/4084/4040
f 1199/4083/4039 706/4084/4040 1200/4085/4041
f 1200/4085/4041 706/4084/4040 705/4086/4042
f 1200/4085/4041 705/4086/4042 1201/4087/4043
f 1201/4087/4043 705/4086/4042 704/4088/4044
f 1201/4087/4043 704/4088/4044 1202/4089/4045
f 1202/4089/4045 704/4088/4044 703/4090/4046
f 1202/4089/4045 703/4090/4046 1203/4091/4047
f 1203/4091/4047 703/4090/4046 702/4092/4048
f 1203/4091/4047 702/4092/4048 1204/4093/4049
f 1204/4093/4049 702/4092/4048 701/4094/4050
f 1204/4093/4049 701/4094/4050 1205/4095/4051
f 1205/4095/4051 701/4094/4050 700/4096/4052
f 1205/4095/4051 700/4096/4052 1206/4097/4053
f 1206/4097/4053 700/4096/4052 699/4098/4054
f 1206/4097/4053 699/4098/4054 1207/4099/4055
f 1207/4099/4055 699/4098/4054 698/4100/4056
f 1207/4099/4055 698/4100/4056 1208/4101/4057
f 1208/4101/4057 698/4100/4056 697/4102/4058
f 1208/4101/4057 697/4102/4058 1209/4103/4059
f 1209/4103/4059 697/4102/4058 696/4104/4060
f 1209/4103/4059 696/4104/4060 1210/4105/4061
f 1210/4105/4061 696/4104/4060 695/4106/4062
f 1210/4105/4061 695/4106/4062 1211/4107/4063
f 1211/4107/4063 695/4106/4062 694/4108/4064
f 1211/4107/4063 694/4108/4064 1212/4109/4065
f 1212/4109/4065 694/4108/4064 693/4110/4066
f 1212/4109/4065 693/4110/4066 1213/4111/4067
f 1213/4111/4067 693/4110/4066 692/4112/4068
f 1213/4111/4067 692/4112/4068 1214/4113/4069
f 1214/4113/4069 692/4112/4068 691/4114/4070
f 1214/4113/4069 691/4114/4070 1215/4115/4071
f 1215/4115/4071 691/4114/4070 690/4116/4072
f 1215/4115/4071 690/4116/4072 1216/4117/4073
f 1216/4117/4073 690/4116/4072 689/4118/4074
f 1216/4117/4073 689/4118/4074 1217/4119/4075
f 1217/4119/4075 689/4118/4074 688/4120/4076
f 1217/4119/4075 688/4120/4076 1218/4121/4077
f 1218/4121/4077 688/4120/4076 687/4122/4078
f 1218/4121/4077 687/4122/4078 1219/4123/4079
f 1219/4123/4079 687/4122/4078 686/4124/4080
f 1219/4123/4079 686/4124/4080 1220/4125/4081
f 1220/4125/4081 686/4124/4080 685/4126/4082
f 1220/4125/4081 685/4126/4082 1221/4127/4083
f 1221/4127/4083 685/4126/4082 684/4128/4084
f 1221/4127/4083 684/4128/4084 1222/4129/4085
f 1222/4129/4085 684/4128/4084 683/4130/4086
f 1222/4129/4085 683/4130/4086 1223/4131/4087
f 1223/4131/4087 683/4130/4086 682/4132/4088
f 1223/4131/4087 682/4132/4088 1224/4133/4089
f 1224/4133/4089 682/4132/4088 681/4134/4090
f 1224/4133/4089 681/4134/4090 1225/4069/4025
f 1225/4069/4025 681/4134/4090 680/4067/4023
f 678/4135/4091 1156/4136/4092 643/4137/4093
f 643/4137/4093 1156/4136/4092 1155/4138/4094
f 643/4139/4093 1155/4140/4094 644/4141/4095
f 644/4141/4095 1155/4140/4094 1190/4142/4096
f 644/4141/4095 1190/4142/4096 1189/4143/4097
f 678/4135/4091 677/4144/4098 1156/4136/4092
f 1156/4136/4092 677/4144/4098 1157/4145/4099
f 1157/4145/4099 677/4144/4098 676/4146/4100
f 1157/4145/4099 676/4146/4100 1158/4147/4101
f 1158/4147/4101 676/4146/4100 675/4148/4102
f 1158/4147/4101 675/4148/4102 1159/4149/4103
f 1159/4149/4103 675/4148/4102 674/4150/4104
f 1159/4149/4103 674/4150/4104 1160/4151/4105
f 1160/4151/4105 674/4150/4104 673/4152/4106
f 1160/4151/4105 673/4152/4106 1161/4153/4107
f 1161/4153/4107 673/4152/4106 672/4154/4108
f 1161/4153/4107 672/4154/4108 1162/4155/4109
f 1162/4155/4109 672/4154/4108 671/4156/4110
f 1162/4155/4109 671/4156/4110 1163/4157/4111
f 1163/4157/4111 671/4156/4110 670/4158/4112
f 1163/4157/4111 670/4158/4112 1164/4159/4113
f 1164/4159/4113 670/4158/4112 669/4160/4114
f 1164/4159/4113 669/4160/4114 1165/4161/4115
f 1165/4161/4115 669/4160/4114 668/4162/4116
f 1165/4161/4115 668/4162/4116 1166/4163/4117
f 1166/4163/4117 668/4162/4116 667/4164/4118
f 1166/4163/4117 667/4164/4118 1167/4165/4119
f 1167/4165/4119 667/4164/4118 666/4166/4120
f 1167/4165/4119 666/4166/4120 1168/4167/4121
f 1168/4167/4121 666/4166/4120 665/4168/4122
f 1168/4167/4121 665/4168/4122 1169/4169/4123
f 1169/4169/4123 665/4168/4122 664/4170/4124
f 1169/4169/4123 664/4170/4124 1170/4171/4125
f 1170/4171/4125 664/4170/4124 663/4172/4126
f 1170/4171/4125 663/4172/4126 1171/4173/4127
f 1171/4173/4127 663/4172/4126 662/4174/4128
f 1171/4173/4127 662/4174/4128 1172/4175/4129
f 1172/4175/4129 662/4174/4128 661/4176/4130
f 1172/4175/4129 661/4176/4130 1173/4177/4131
f 1173/4177/4131 661/4176/4130 660/4178/4132
f 1173/4177/4131 660/4178/4132 1174/4179/4133
f 1174/4179/4133 660/4178/4132 659/4180/4134
f 1174/4179/4133 659/4180/4134 1175/4181/4135
f 1175/4181/4135 659/4180/4134 658/4182/4136
f 1175/4181/4135 658/4182/4136 1176/4183/4137
f 1176/4183/4137 658/4182/4136 657/4184/4138
f 1176/4183/4137 657/4184/4138 1177/4185/4139
f 1177/4185/4139 657/4184/4138 656/4186/4140
f 1177/4185/4139 656/4186/4140 1178/4187/4141
f 1178/4187/4141 656/4186/4140 655/4188/4142
f 1178/4187/4141 655/4188/4142 1179/4189/4143
f 1179/4189/4143 655/4188/4142 654/4190/4144
f 1179/4189/4143 654/4190/4144 1180/4191/4145
f 1180/4191/4145 654/4190/4144 653/4192/4146
f 1180/4191/4145 653/4192/4146 1181/4193/4147
f 1181/4193/4147 653/4192/4146 652/4194/4148
f 1181/4193/4147 652/4194/4148 1182/4195/4149
f 1182/4195/4149 652/4194/4148 651/4196/4150
f 1182/4195/4149 651/4196/4150 1183/4197/4151
f 1183/4197/4151 651/4196/4150 650/4198/4152
f 1183/4197/4151 650/4198/4152 1184/4199/4153
f 1184/4199/4153 650/4198/4152 649/4200/4154
f 1184/4199/4153 649/4200/4154 1185/4201/4155
f 1185/4201/4155 649/4200/4154 648/4202/4156
f 1185/4201/4155 648/4202/4156 1186/4203/4157
f 1186/4203/4157 648/4202/4156 647/4204/4158
f 1186/4203/4157 647/4204/4158 1187/4205/4159
f 1187/4205/4159 647/4204/4158 646/4206/4160
f 1187/4205/4159 646/4206/4160 1188/4207/4161
f 1188/4207/4161 646/4206/4160 645/4208/4162
f 1188/4207/4161 645/4208/4162 1189/4143/4097
f 1189/4143/4097 645/4208/4162 644/4141/4095
f 642/4209/4163 1120/4210/4164 607/4211/4165
f 607/4211/4165 1120/4210/4164 1119/4212/4166
f 607/4213/4165 1119/4214/4166 608/4215/4167
f 608/4215/4167 1119/4214/4166 1154/4216/4168
f 608/4215/4167 1154/4216/4168 1153/4217/4169
f 642/4209/4163 641/4218/4170 1120/4210/4164
f 1120/4210/4164 641/4218/4170 1121/4219/4171
f 1121/4219/4171 641/4218/4170 640/4220/4172
f 1121/4219/4171 640/4220/4172 1122/4221/4173
f 1122/4221/4173 640/4220/4172 639/4222/4174
f 1122/4221/4173 639/4222/4174 1123/4223/4175
f 1123/4223/4175 639/4222/4174 638/4224/4176
f 1123/4223/4175 638/4224/4176 1124/4225/4177
f 1124/4225/4177 638/4224/4176 637/4226/4178
f 1124/4225/4177 637/4226/4178 1125/4227/4179
f 1125/4227/4179 637/4226/4178 636/4228/4180
f 1125/4227/4179 636/4228/4180 1126/4229/4181
f 1126/4229/4181 636/4228/4180 635/4230/4182
f 1126/4229/4181 635/4230/4182 1127/4231/4183
f 1127/4231/4183 635/4230/4182 634/4232/4184
f 1127/4231/4183 634/4232/4184 1128/4233/4185
f 1128/4233/4185 634/4232/4184 633/4234/4186
f 1128/4233/4185 633/4234/4186 1129/4235/4187
f 1129/4235/4187 633/4234/4186 632/4236/4188
f 1129/4235/4187 632/4236/4188 1130/4237/4189
f 1130/4237/4189 632/4236/4188 631/4238/4190
f 1130/4237/4189 631/4238/4190 1131/4239/4191
f 1131/4239/4191 631/4238/4190 630/4240/4192
f 1131/4239/4191 630/4240/4192 1132/4241/4193
f 1132/4241/4193 630/4240/4192 629/4242/4194
f 1132/4241/4193 629/4242/4194 1133/4243/4195
f 1133/4243/4195 629/4242/4194 628/4244/4196
f 1133/4243/4195 628/4244/4196 1134/4245/4197
f 1134/4245/4197 628/4244/4196 627/4246/4198
f 1134/4245/4197 627/4246/4198 1135/4247/4199
f 1135/4247/4199 627/4246/4198 626/4248/4200
f 1135/4247/4199 626/4248/4200 1136/4249/4201
f 1136/4249/4201 626/4248/4200 625/4250/4202
f 1136/4249/4201 625/4250/4202 1137/4251/4203
f 1137/4251/4203 625/4250/4202 624/4252/4204
f 1137/4251/4203 624/4252/4204 1138/4253/4205
f 1138/4253/4205 624/4252/4204 623/4254/4206
f 1138/4253/4205 623/4254/4206 1139/4255/4207
f 1139/4255/4207 623/4254/4206 622/4256/4208
f 1139/4255/4207 622/4256/4208 1140/4257/4209
f 1140/4257/4209 622/4256/4208 621/4258/4210
f 1140/4257/4209 621/4258/4210 1141/4259/4211
f 1141/4259/4211 621/4258/4210 620/4260/4212
f 1141/4259/4211 620/4260/4212 1142/4261/4213
f 1142/4261/4213 620/4260/4212 619/4262/4214
f 1142/4261/4213 619/4262/4214 1143/4263/4215
f 1143/4263/4215 619/4262/4214 618/4264/4216
f 1143/4263/4215 618/4264/4216 1144/4265/4217
f 1144/4265/4217 618/4264/4216 617/4266/4218
f 1144/4265/4217 617/4266/4218 1145/4267/4219
f 1145/4267/4219 617/4266/4218 616/4268/4220
f 1145/4267/4219 616/4268/4220 1146/4269/4221
f 1146/4269/4221 616/4268/4220 615/4270/4222
f 1146/4269/4221 615/4270/4222 1147/4271/4223
f 1147/4271/4223 615/4270/4222 614/4272/4224
f 1147/4271/4223 614/4272/4224 1148/4273/4225
f 1148/4273/4225 614/4272/4224 613/4274/4226
f 1148/4273/4225 613/4274/4226 1149/4275/4227
f 1149/4275/4227 613/4274/4226 612/4276/4228
f 1149/4275/4227 612/4276/4228 1150/4277/4229
f 1150/4277/4229 612/4276/4228 611/4278/4230
f 1150/4277/4229 611/4278/4230 1151/4279/4231
f 1151/4279/4231 611/4278/4230 610/4280/4232
f 1151/4279/4231 610/4280/4232 1152/4281/4233
f 1152/4281/4233 610/4280/4232 609/4282/4234
f 1152/4281/4233 609/4282/4234 1153/4217/4169
f 1153/4217/4169 609/4282/4234 608/4215/4167
f 606/4283/4235 1084/4284/4236 571/4285/4237
f 571/4285/4237 1084/4284/4236 1083/4286/4238
f 571/4287/4237 1083/4288/4238 572/4289/4239
f 572/4289/4239 1083/4288/4238 1118/4290/4240
f 572/4289/4239 1118/4290/4240 1117/4291/4241
f 606/4283/4235 605/4292/4242 1084/4284/4236
f 1084/4284/4236 605/4292/4242 1085/4293/4243
f 1085/4293/4243 605/4292/4242 604/4294/4244
f 1085/4293/4243 604/4294/4244 1086/4295/4245
f 1086/4295/4245 604/4294/4244 603/4296/4246
f 1086/4295/4245 603/4296/4246 1087/4297/4247
f 1087/4297/4247 603/4296/4246 602/4298/4248
f 1087/4297/4247 602/4298/4248 1088/4299/4249
f 1088/4299/4249 602/4298/4248 601/4300/4250
f 1088/4299/4249 601/4300/4250 1089/4301/4251
f 1089/4301/4251 601/4300/4250 600/4302/4252
f 1089/4301/4251 600/4302/4252 1090/4303/4253
f 1090/4303/4253 600/4302/4252 599/4304/4254
f 1090/4303/4253 599/4304/4254 1091/4305/4255
f 1091/4305/4255 599/4304/4254 598/4306/4256
f 1091/4305/4255 598/4306/4256 1092/4307/4257
f 1092/4307/4257 598/4306/4256 597/4308/4258
f 1092/4307/4257 597/4308/4258 1093/4309/4259
f 1093/4309/4259 597/4308/4258 596/4310/4260
f 1093/4309/4259 596/4310/4260 1094/4311/4261
f 1094/4311/4261 596/4310/4260 595/4312/4262
f 1094/4311/4261 595/4312/4262 1095/4313/4263
f 1095/4313/4263 595/4312/4262 594/4314/4264
f 1095/4313/4263 594/4314/4264 1096/4315/4265
f 1096/4315/4265 594/4314/4264 593/4316/4266
f 1096/4315/4265 593/4316/4266 1097/4317/4267
f 1097/4317/4267 593/4316/4266 592/4318/4268
f 1097/4317/4267 592/4318/4268 1098/4319/4269
f 1098/4319/4269 592/4318/4268 591/4320/4270
f 1098/4319/4269 591/4320/4270 1099/4321/4271
f 1099/4321/4271 591/4320/4270 590/4322/4272
f 1099/4321/4271 590/4322/4272 1100/4323/4273
f 1100/4323/4273 590/4322/4272 589/4324/4274
f 1100/4323/4273 589/4324/4274 1101/4325/4275
f 1101/4325/4275 589/4324/4274 588/4326/4276
f 1101/4325/4275 588/4326/4276 1102/4327/4277
f 1102/4327/4277 588/4326/4276 587/4328/4278
f 1102/4327/4277 587/4328/4278 1103/4329/4279
f 1103/4329/4279 587/4328/4278 586/4330/4280
f 1103/4329/4279 586/4330/4280 1104/4331/4281
f 1104/4331/4281 586/4330/4280 585/4332/4282
f 1104/4331/4281 585/4332/4282 1105/4333/4283
f 1105/4333/4283 585/4332/4282 584/4334/4284
f 1105/4333/4283 584/4334/4284 1106/4335/4285
f 1106/4335/4285 584/4334/4284 583/4336/4286
f 1106/4335/4285 583/4336/4286 1107/4337/4287
f 1107/4337/4287 583/4336/4286 582/4338/4288
f 1107/4337/4287 582/4338/4288 1108/4339/4289
f 1108/4339/4289 582/4338/4288 581/4340/4290
f 1108/4339/4289 581/4340/4290 1109/4341/4291
f 1109/4341/4291 581/4340/4290 580/4342/4292
f 1109/4341/4291 580/4342/4292 1110/4343/4293
f 1110/4343/4293 580/4342/4292 579/4344/4294
f 1110/4343/4293 579/4344/4294 1111/4345/4295
f 1111/4345/4295 579/4344/4294 578/4346/4296
f 1111/4345/4295 578/4346/4296 1112/4347/4297
f 1112/4347/4297 578/4346/4296 577/4348/4298
f 1112/4347/4297 577/4348/4298 1113/4349/4299
f 1113/4349/4299 577/4348/4298 576/4350/4300
f 1113/4349/4299 576/4350/4300 1114/4351/4301
f 1114/4351/4301 576/4350/4300 575/4352/4302
f 1114/4351/4301 575/4352/4302 1115/4353/4303
f 1115/4353/4303 575/4352/4302 574/4354/4304
f 1115/4353/4303 574/4354/4304 1116/4355/4305
f 1116/4355/4305 574/4354/4304 573/4356/4306
f 1116/4355/4305 573/4356/4306 1117/4291/4241
f 1117/4291/4241 573/4356/4306 572/4289/4239
f 570/4357/4307 1048/4358/4308 535/4359/4309
f 535/4359/4309 1048/4358/4308 1047/4360/4310
f 535/4361/4309 1047/4362/4310 536/4363/4311
f 536/4363/4311 1047/4362/4310 1082/4364/4312
f 536/4363/4311 1082/4364/4312 1081/4365/4313
f 570/4357/4307 569/4366/4314 1048/4358/4308
f 1048/4358/4308 569/4366/4314 1049/4367/4315
f 1049/4367/4315 569/4366/4314 568/4368/4316
f 1049/4367/4315 568/4368/4316 1050/4369/4317
f 1050/4369/4317 568/4368/4316 567/4370/4318
f 1050/4369/4317 567/4370/4318 1051/4371/4319
f 1051/4371/4319 567/4370/4318 566/4372/4320
f 1051/4371/4319 566/4372/4320 1052/4373/4321
f 1052/4373/4321 566/4372/4320 565/4374/4322
f 1052/4373/4321 565/4374/4322 1053/4375/4323
f 1053/4375/4323 565/4374/4322 564/4376/4324
f 1053/4375/4323 564/4376/4324 1054/4377/4325
f 1054/4377/4325 564/4376/4324 563/4378/4326
f 1054/4377/4325 563/4378/4326 1055/4379/4327
f 1055/4379/4327 563/4378/4326 562/4380/4328
f 1055/4379/4327 562/4380/4328 1056/4381/4329
f 1056/4381/4329 562/4380/4328 561/4382/4330
f 1056/4381/4329 561/4382/4330 1057/4383/4331
f 1057/4383/4331 561/4382/4330 560/4384/4332
f 1057/4383/4331 560/4384/4332 1058/4385/4333
f 1058/4385/4333 560/4384/4332 559/4386/4334
f 1058/4385/4333 559/4386/4334 1059/4387/4335
f 1059/4387/4335 559/4386/4334 558/4388/4336
f 1059/4387/4335 558/4388/4336 1060/4389/4337
f 1060/4389/4337 558/4388/4336 557/4390/4338
f 1060/4389/4337 557/4390/4338 1061/4391/4339
f 1061/4391/4339 557/4390/4338 556/4392/4340
f 1061/4391/4339 556/4392/4340 1062/4393/4341
f 1062/4393/4341 556/4392/4340 555/4394/4342
f 1062/4393/4341 555/4394/4342 1063/4395/4343
f 1063/4395/4343 555/4394/4342 554/4396/4344
f 1063/4395/4343 554/4396/4344 1064/4397/4345
f 1064/4397/4345 554/4396/4344 553/4398/4346
f 1064/4397/4345 553/4398/4346 1065/4399/4347
f 1065/4399/4347 553/4398/4346 552/4400/4348
f 1065/4399/4347 552/4400/4348 1066/4401/4349
f 1066/4401/4349 552/4400/4348 551/4402/4350
f 1066/4401/4349 551/4402/4350 1067/4403/4351
f 1067/4403/4351 551/4402/4350 550/4404/4352
f 1067/4403/4351 550/4404/4352 1068/4405/4353
f 1068/4405/4353 550/4404/4352 549/4406/4354
f 1068/4405/4353 549/4406/4354 1069/4407/4355
f 1069/4407/4355 549/4406/4354 548/4408/4356
f 1069/4407/4355 548/4408/4356 1070/4409/4357
f 1070/4409/4357 548/4408/4356 547/4410/4358
f 1070/4409/4357 547/4410/4358 1071/4411/4359
f 1071/4411/4359 547/4410/4358 546/4412/4360
f 1071/4411/4359 546/4412/4360 1072/4413/4361
f 1072/4413/4361 546/4412/4360 545/4414/4362
f 1072/4413/4361 545/4414/4362 1073/4415/4363
f 1073/4415/4363 545/4414/4362 544/4416/4364
f 1073/4415/4363 544/4416/4364 1074/4417/4365
f 1074/4417/4365 544/4416/4364 543/4418/4366
f 1074/4417/4365 543/4418/4366 1075/4419/4367
f 1075/4419/4367 543/4418/4366 542/4420/4368
f 1075/4419/4367 542/4420/4368 1076/4421/4369
f 1076/4421/4369 542/4420/4368 541/4422/4370
f 1076/4421/4369 541/4422/4370 1077/4423/4371
f 1077/4423/4371 541/4422/4370 540/4424/4372
f 1077/4423/4371 540/4424/4372 1078/4425/4373
f 1078/4425/4373 540/4424/4372 539/4426/4374
f 1078/4425/4373 539/4426/4374 1079/4427/4375
f 1079/4427/4375 539/4426/4374 538/4428/4376
f 1079/4427/4375 538/4428/4376 1080/4429/4377
f 1080/4429/4377 538/4428/4376 537/4430/4378
f 1080/4429/4377 537/4430/4378 1081/4365/4313
f 1081/4365/4313 537/4430/4378 536/4363/4311
f 534/4431/4379 1012/4432/4380 499/4433/4381
f 499/4433/4381 1012/4432/4380 1011/4434/4382
f 499/4435/4381 1011/4436/4382 500/4437/4383
f 500/4437/4383 1011/4436/4382 1046/4438/4384
f 500/4437/4383 1046/4438/4384 1045/4439/4385
f 534/4431/4379 533/4440/4386 1012/4432/4380
f 1012/4432/4380 533/4440/4386 1013/4441/4387
f 1013/4441/4387 533/4440/4386 532/4442/4388
f 1013/4441/4387 532/4442/4388 1014/4443/4389
f 1014/4443/4389 532/4442/4388 531/4444/4390
f 1014/4443/4389 531/4444/4390 1015/4445/4391
f 1015/4445/4391 531/4444/4390 530/4446/4392
f 1015/4445/4391 530/4446/4392 1016/4447/4393
f 1016/4447/4393 530/4446/4392 529/4448/4394
f 1016/4447/4393 529/4448/4394 1017/4449/4395
f 1017/4449/4395 529/4448/4394 528/4450/4396
f 1017/4449/4395 528/4450/4396 1018/4451/4397
f 1018/4451/4397 528/4450/4396 527/4452/4398
f 1018/4451/4397 527/4452/4398 1019/4453/4399
f 1019/4453/4399 527/4452/4398 526/4454/4400
f 1019/4453/4399 526/4454/4400 1020/4455/4401
f 1020/4455/4401 526/4454/4400 525/4456/4402
f 1020/4455/4401 525/4456/4402 1021/4457/4403
f 1021/4457/4403 525/4456/4402 524/4458/4404
f 1021/4457/4403 524/4458/4404 1022/4459/4405
f 1022/4459/4405 524/4458/4404 523/4460/4406
f 1022/4459/4405 523/4460/4406 1023/4461/4407
f 1023/4461/4407 523/4460/4406 522/4462/4408
f 1023/4461/4407 522/4462/4408 1024/4463/4409
f 1024/4463/4409 522/4462/4408 521/4464/4410
f 1024/4463/4409 521/4464/4410 1025/4465/4411
f 1025/4465/4411 521/4464/4410 520/4466/4412
f 1025/4465/4411 520/4466/4412 1026/4467/4413
f 1026/4467/4413 520/4466/4412 519/4468/4414
f 1026/4467/4413 519/4468/4414 1027/4469/4415
f 1027/4469/4415 519/4468/4414 518/4470/4416
f 1027/4469/4415 518/4470/4416 1028/4471/4417
f 1028/4471/4417 518/4470/4416 517/4472/4418
f 1028/4471/4417 517/4472/4418 1029/4473/4419
f 1029/4473/4419 517/4472/4418 516/4474/4420
f 1029/4473/4419 516/4474/4420 1030/4475/4421
f 1030/4475/4421 516/4474/4420 515/4476/4422
f 1030/4475/4421 515/4476/4422 1031/4477/4423
f 1031/4477/4423 515/4476/4422 514/4478/4424
f 1031/4477/4423 514/4478/4424 1032/4479/4425
f 1032/4479/4425 514/4478/4424 513/4480/4426
f 1032/4479/4425 513/4480/4426 1033/4481/4427
f 1033/4481/4427 513/4480/4426 512/4482/4428
f 1033/4481/4427 512/4482/4428 1034/4483/4429
f 1034/4483/4429 512/4482/4428 511/4484/4430
f 1034/4483/4429 511/4484/4430 1035/4485/4431
f 1035/4485/4431 511/4484/4430 510/4486/4432
f 1035/4485/4431 510/4486/4432 1036/4487/4433
f 1036/4487/4433 510/4486/4432 509/4488/4434
f 1036/4487/4433 509/4488/4434 1037/4489/4435
f 1037/4489/4435 509/4488/4434 508/4490/4436
f 1037/4489/4435 508/4490/4436 1038/4491/4437
f 1038/4491/4437 508/4490/4436 507/4492/4438
f 1038/4491/4437 507/4492/4438 1039/4493/4439
f 1039/4493/4439 507/4492/4438 506/4494/4440
f 1039/4493/4439 506/4494/4440 1040/4495/4441
f 1040/4495/4441 506/4494/4440 505/4496/4442
f 1040/4495/4441 505/4496/4442 1041/4497/4443
f 1041/4497/4443 505/4496/4442 504/4498/4444
f 1041/4497/4443 504/4498/4444 1042/4499/4445
f 1042/4499/4445 504/4498/4444 503/4500/4446
f 1042/4499/4445 503/4500/4446 1043/4501/4447
f 1043/4501/4447 503/4500/4446 502/4502/4448
f 1043/4501/4447 502/4502/4448 1044/4503/4449
f 1044/4503/4449 502/4502/4448 501/4504/4450
f 1044/4503/4449 501/4504/4450 1045/4439/4385
f 1045/4439/4385 501/4504/4450 500/4437/4383
f 498/4505/4451 976/4506/4452 463/4507/4453
f 463/4507/4453 976/4506/4452 975/4508/4454
f 463/4509/4453 975/4510/4454 464/4511/4455
f 464/4511/4455 975/4510/4454 1010/4512/4456
f 464/4511/4455 1010/4512/4456 1009/4513/4457
f 498/4505/4451 497/4514/4458 976/4506/4452
f 976/4506/4452 497/4514/4458 977/4515/4459
f 977/4515/4459 497/4514/4458 496/4516/4460
f 977/4515/4459 496/4516/4460 978/4517/4461
f 978/4517/4461 496/4516/4460 495/4518/4462
f 978/4517/4461 495/4518/4462 979/4519/4463
f 979/4519/4463 495/4518/4462 494/4520/4464
f 979/4519/4463 494/4520/4464 980/4521/4465
f 980/4521/4465 494/4520/4464 493/4522/4466
f 980/4521/4465 493/4522/4466 981/4523/4467
f 981/4523/4467 493/4522/4466 492/4524/4468
f 981/4523/4467 492/4524/4468 982/4525/4469
f 982/4525/4469 492/4524/4468 491/4526/4470
f 982/4525/4469 491/4526/4470 983/4527/4471
f 983/4527/4471 491/4526/4470 490/4528/4472
f 983/4527/4471 490/4528/4472 984/4529/4473
f 984/4529/4473 490/4528/4472 489/4530/4474
f 984/4529/4473 489/4530/4474 985/4531/4475
f 985/4531/4475 489/4530/4474 488/4532/4476
f 985/4531/4475 488/4532/4476 986/4533/4477
f 986/4533/4477 488/4532/4476 487/4534/4478
f 986/4533/4477 487/4534/4478 987/4535/4479
f 987/4535/4479 487/4534/4478 486/4536/4480
f 987/4535/4479 486/4536/4480 988/4537/4481
f 988/4537/4481 486/4536/4480 485/4538/4482
f 988/4537/4481 485/4538/4482 989/4539/4483
f 989/4539/4483 485/4538/4482 484/4540/4484
f 989/4539/4483 484/4540/4484 990/4541/4485
f 990/4541/4485 484/4540/4484 483/4542/4486
f 990/4541/4485 483/4542/4486 991/4543/4487
f 991/4543/4487 483/4542/4486 482/4544/4488
f 991/4543/4487 482/4544/4488 992/4545/4489
f 992/4545/4489 482/4544/4488 481/4546/4490
f 992/4545/4489 481/4546/4490 993/4547/4491
f 993/4547/4491 481/4546/4490 480/4548/4492
f 993/4547/4491 480/4548/4492 994/4549/4493
f 994/4549/4493 480/4548/4492 479/4550/4494
f 994/4549/4493 479/4550/4494 995/4551/4495
f 995/4551/4495 479/4550/4494 478/4552/4496
f 995/4551/4495 478/4552/4496 996/4553/4497
f 996/4553/4497 478/4552/4496 477/4554/4498
f 996/4553/4497 477/4554/4498 997/4555/4499
f 997/4555/4499 477/4554/4498 476/4556/4500
f 997/4555/4499 476/4556/4500 998/4557/4501
f 998/4557/4501 476/4556/4500 475/4558/4502
f 998/4557/4501 475/4558/4502 999/4559/4503
f 999/4559/4503 475/4558/4502 474/4560/4504
f 999/4559/4503 474/4560/4504 1000/4561/4505
f 1000/4561/4505 474/4560/4504 473/4562/4506
f 1000/4561/4505 473/4562/4506 1001/4563/4507
f 1001/4563/4507 473/4562/4506 472/4564/4508
f 1001/4563/4507 472/4564/4508 1002/4565/4509
f 1002/4565/4509 472/4564/4508 471/4566/4510
f 1002/4565/4509 471/4566/4510 1003/4567/4511
f 1003/4567/4511 471/4566/4510 470/4568/4512
f 1003/4567/4511 470/4568/4512 1004/4569/4513
f 1004/4569/4513 470/4568/4512 469/4570/4514
f 1004/4569/4513 469/4570/4514 1005/4571/4515
f 1005/4571/4515 469/4570/4514 468/4572/4516
f 1005/4571/4515 468/4572/4516 1006/4573/4517
f 1006/4573/4517 468/4572/4516 467/4574/4518
f 1006/4573/4517 467/4574/4518 1007/4575/4519
f 1007/4575/4519 467/4574/4518 466/4576/4520
f 1007/4575/4519 466/4576/4520 1008/4577/4521
f 1008/4577/4521 466/4576/4520 465/4578/4522
f 1008/4577/4521 465/4578/4522 1009/4513/4457
f 1009/4513/4457 465/4578/4522 464/4511/4455
f 462/4579/4523 940/4580/4524 427/4581/4525
f 427/4581/4525 940/4580/4524 939/4582/4526
f 427/4583/4525 939/4584/4526 428/4585/4527
f 428/4585/4527 939/4584/4526 974/4586/4528
f 428/4585/4527 974/4586/4528 973/4587/4529
f 462/4579/4523 461/4588/4530 940/4580/4524
f 940/4580/4524 461/4588/4530 941/4589/4531
f 941/4589/4531 461/4588/4530 460/4590/4532
f 941/4589/4531 460/4590/4532 942/4591/4533
f 942/4591/4533 460/4590/4532 459/4592/4534
f 942/4591/4533 459/4592/4534 943/4593/4535
f 943/4593/4535 459/4592/4534 458/4594/4536
f 943/4593/4535 458/4594/4536 944/4595/4537
f 944/4595/4537 458/4594/4536 457/4596/4538
f 944/4595/4537 457/4596/4538 945/4597/4539
f 945/4597/4539 457/4596/4538 456/4598/4540
f 945/4597/4539 456/4598/4540 946/4599/4541
f 946/4599/4541 456/4598/4540 455/4600/4542
f 946/4599/4541 455/4600/4542 947/4601/4543
f 947/4601/4543 455/4600/4542 454/4602/4544
f 947/4601/4543 454/4602/4544 948/4603/4545
f 948/4603/4545 454/4602/4544 453/4604/4546
f 948/4603/4545 453/4604/4546 949/4605/4547
f 949/4605/4547 453/4604/4546 452/4606/4548
f 949/4605/4547 452/4606/4548 950/4607/4549
f 950/4607/4549 452/4606/4548 451/4608/4550
f 950/4607/4549 451/4608/4550 951/4609/4551
f 951/4609/4551 451/4608/4550 450/4610/4552
f 951/4609/4551 450/4610/4552 952/4611/4553
f 952/4611/4553 450/4610/4552 449/4612/4554
f 952/4611/4553 449/4612/4554 953/4613/4555
f 953/4613/4555 449/4612/4554 448/4614/4556
f 953/4613/4555 448/4614/4556 954/4615/4557
f 954/4615/4557 448/4614/4556 447/4616/4558
f 954/4615/4557 447/4616/4558 955/4617/4559
f 955/4617/4559 447/4616/4558 446/4618/4560
f 955/4617/4559 446/4618/4560 956/4619/4561
f 956/4619/4561 446/4618/4560 445/4620/4562
f 956/4619/4561 445/4620/4562 957/4621/4563
f 957/4621/4563 445/4620/4562 444/4622/4564
f 957/4621/4563 444/4622/4564 958/4623/4565
f 958/4623/4565 444/4622/4564 443/4624/4566
f 958/4623/4565 443/4624/4566 959/4625/4567
f 959/4625/4567 443/4624/4566 442/4626/4568
f 959/4625/4567 442/4626/4568 960/4627/4569
f 960/4627/4569 442/4626/4568 441/4628/4570
f 960/4627/4569 441/4628/4570 961/4629/4571
f 961/4629/4571 441/4628/4570 440/4630/4572
f 961/4629/4571 440/4630/4572 962/4631/4573
f 962/4631/4573 440/4630/4572 439/4632/4574
f 962/4631/4573 439/4632/4574 963/4633/4575
f 963/4633/4575 439/4632/4574 438/4634/4576
f 963/4633/4575 438/4634/4576 964/4635/4577
f 964/4635/4577 438/4634/4576 437/4636/4578
f 964/4635/4577 437/4636/4578 965/4637/4579
f 965/4637/4579 437/4636/4578 436/4638/4580
f 965/4637/4579 436/4638/4580 966/4639/4581
f 966/4639/4581 436/4638/4580 435/4640/4582
f 966/4639/4581 435/4640/4582 967/4641/4583
f 967/4641/4583 435/4640/4582 434/4642/4584
f 967/4641/4583 434/4642/4584 968/4643/4585
f 968/4643/4585 434/4642/4584 433/4644/4586
f 968/4643/4585 433/4644/4586 969/4645/4587
f 969/4645/4587 433/4644/4586 432/4646/4588
f 969/4645/4587 432/4646/4588 970/4647/4589
f 970/4647/4589 432/4646/4588 431/4648/4590
f 970/4647/4589 431/4648/4590 971/4649/4591
f 971/4649/4591 431/4648/4590 430/4650/4592
f 971/4649/4591 430/4650/4592 972/4651/4593
f 972/4651/4593 430/4650/4592 429/4652/4594
f 972/4651/4593 429/4652/4594 973/4587/4529
f 973/4587/4529 429/4652/4594 428/4585/4527
f 426/4653/4595 904/4654/4596 391/4655/4597
f 391/4655/4597 904/4654/4596 903/4656/4598
f 391/4657/4597 903/4658/4598 392/4659/4599
f 392/4659/4599 903/4658/4598 938/4660/4600
f 392/4659/4599 938/4660/4600 937/4661/4601
f 426/4653/4595 425/4662/4602 904/4654/4596
f 904/4654/4596 425/4662/4602 905/4663/4603
f 905/4663/4603 425/4662/4602 424/4664/4604
f 905/4663/4603 424/4664/4604 906/4665/4605
f 906/4665/4605 424/4664/4604 423/4666/4606
f 906/4665/4605 423/4666/4606 907/4667/4607
f 907/4667/4607 423/4666/4606 422/4668/4608
f 907/4667/4607 422/4668/4608 908/4669/4609
f 908/4669/4609 422/4668/4608 421/4670/4610
f 908/4669/4609 421/4670/4610 909/4671/4611
f 909/4671/4611 421/4670/4610 420/4672/4612
f 909/4671/4611 420/4672/4612 910/4673/4613
f 910/4673/4613 420/4672/4612 419/4674/4614
f 910/4673/4613 419/4674/4614 911/4675/4615
f 911/4675/4615 419/4674/4614 418/4676/4616
f 911/4675/4615 418/4676/4616 912/4677/4617
f 912/4677/4617 418/4676/4616 417/4678/4618
f 912/4677/4617 417/4678/4618 913/4679/4619
f 913/4679/4619 417/4678/4618 416/4680/4620
f 913/4679/4619 416/4680/4620 914/4681/4621
f 914/4681/4621 416/4680/4620 415/4682/4622
f 914/4681/4621 415/4682/4622 915/4683/4623
f 915/4683/4623 415/4682/4622 414/4684/4624
f 915/4683/4623 414/4684/4624 916/4685/4625
f 916/4685/4625 414/4684/4624 413/4686/4626
f 916/4685/4625 413/4686/4626 917/4687/4627
f 917/4687/4627 413/4686/4626 412/4688/4628
f 917/4687/4627 412/4688/4628 918/4689/4629
f 918/4689/4629 412/4688/4628 411/4690/4630
f 918/4689/4629 411/4690/4630 919/4691/4631
f 919/4691/4631 411/4690/4630 410/4692/4632
f 919/4691/4631 410/4692/4632 920/4693/4633
f 920/4693/4633 410/4692/4632 409/4694/4634
f 920/4693/4633 409/4694/4634 921/4695/4635
f 921/4695/4635 409/4694/4634 408/4696/4636
f 921/4695/4635 408/4696/4636 922/4697/4637
f 922/4697/4637 408/4696/4636 407/4698/4638
f 922/4697/4637 407/4698/4638 923/4699/4639
f 923/4699/4639 407/4698/4638 406/4700/4640
f 923/4699/4639 406/4700/4640 924/4701/4641
f 924/4701/4641 406/4700/4640 405/4702/4642
f 924/4701/4641 405/4702/4642 925/4703/4643
f 925/4703/4643 405/4702/4642 404/4704/4644
f 925/4703/4643 404/4704/4644 926/4705/4645
f 926/4705/4645 404/4704/4644 403/4706/4646
f 926/4705/4645 403/4706/4646 927/4707/4647
f 927/4707/4647 403/4706/4646 402/4708/4648
f 927/4707/4647 402/4708/4648 928/4709/4649
f 928/4709/4649 402/4708/4648 401/4710/4650
f 928/4709/4649 401/4710/4650 929/4711/4651
f 929/4711/4651 401/4710/4650 400/4712/4652
f 929/4711/4651 400/4712/4652 930/4713/4653
f 930/4713/4653 400/4712/4652 399/4714/4654
f 930/4713/4653 399/4714/4654 931/4715/4655
f 931/4715/4655 399/4714/4654 398/4716/4656
f 931/4715/4655 398/4716/4656 932/4717/4657
f 932/4717/4657 398/4716/4656 397/4718/4658
f 932/4717/4657 397/4718/4658 933/4719/4659
f 933/4719/4659 397/4718/4658 396/4720/4660
f 933/4719/4659 396/4720/4660 934/4721/4661
f 934/4721/4661 396/4720/4660 395/4722/4662
f 934/4721/4661 395/4722/4662 935/4723/4663
f 935/4723/4663 395/4722/4662 394/4724/4664
f 935/4723/4663 394/4724/4664 936/4725/4665
f 936/4725/4665 394/4724/4664 393/4726/4666
f 936/4725/4665 393/4726/4666 937/4661/4601
f 937/4661/4601 393/4726/4666 392/4659/4599
f 390/4727/4667 2414/4728/4668 288/4729/4669
f 288/4729/4669 2414/4728/4668 2413/4730/4670
f 288/4731/4669 2413/4732/4670 2517/4733/4671
f 2414/4728/4668 390/4727/4667 2415/4734/4672
f 2415/4734/4672 390/4727/4667 389/4735/4673
f 2415/4734/4672 389/4735/4673 2416/4736/4674
f 2416/4736/4674 389/4735/4673 388/4737/4675
f 2416/4736/4674 388/4737/4675 2417/4738/4676
f 2417/4738/4676 388/4737/4675 387/4739/4677
f 2417/4738/4676 387/4739/4677 2418/4740/4678
f 2418/4740/4678 387/4739/4677 386/4741/4679
f 2418/4740/4678 386/4741/4679 2419/4742/4680
f 2419/4742/4680 386/4741/4679 385/4743/4681
f 2419/4742/4680 385/4743/4681 2420/4744/4682
f 2420/4744/4682 385/4743/4681 384/4745/4683
f 2420/4744/4682 384/4745/4683 2421/4746/4684
f 2421/4746/4684 384/4745/4683 383/4747/4685
f 2421/4746/4684 383/4747/4685 2422/4748/4686
f 2422/4748/4686 383/4747/4685 382/4749/4687
f 2422/4748/4686 382/4749/4687 2423/4750/4688
f 2423/4750/4688 382/4749/4687 381/4751/4689
f 2423/4750/4688 381/4751/4689 2424/4752/4690
f 2424/4752/4690 381/4751/4689 380/4753/4691
f 2424/4752/4690 380/4753/4691 2425/4754/4692
f 2425/4754/4692 380/4753/4691 379/4755/4693
f 2425/4754/4692 379/4755/4693 2426/4756/4694
f 2426/4756/4694 379/4755/4693 378/4757/4695
f 2426/4756/4694 378/4757/4695 2427/4758/4696
f 2427/4758/4696 378/4757/4695 377/4759/4697
f 2427/4758/4696 377/4759/4697 2428/4760/4698
f 2428/4760/4698 377/4759/4697 376/4761/4699
f 2428/4760/4698 376/4761/4699 2429/4762/4700
f 2429/4762/4700 376/4761/4699 375/4763/4701
f 2429/4762/4700 375/4763/4701 2430/4764/4702
f 2430/4764/4702 375/4763/4701 374/4765/4703
f 2430/4764/4702 374/4765/4703 2431/4766/4704
f 2431/4766/4704 374/4765/4703 373/4767/4705
f 2431/4766/4704 373/4767/4705 2432/4768/4706
f 2432/4768/4706 373/4767/4705 372/4769/4707
f 2432/4768/4706 372/4769/4707 2433/4770/4708
f 2433/4770/4708 372/4769/4707 371/4771/4709
f 2433/4770/4708 371/4771/4709 2434/4772/4710
f 2434/4772/4710 371/4771/4709 370/4773/4711
f 2434/4772/4710 370/4773/4711 2435/4774/4712
f 2435/4774/4712 370/4773/4711 369/4775/4713
f 2435/4774/4712 369/4775/4713 2436/4776/4714
f 2436/4776/4714 369/4775/4713 368/4777/4715
f 2436/4776/4714 368/4777/4715 2437/4778/4716
f 2437/4778/4716 368/4777/4715 367/4779/4717
f 2437/4778/4716 367/4779/4717 2438/4780/4718
f 2438/4780/4718 367/4779/4717 366/4781/4719
f 2438/4780/4718 366/4781/4719 2439/4782/4720
f 2439/4782/4720 366/4781/4719 365/4783/4721
f 2439/4782/4720 365/4783/4721 2440/4784/4722
f 2440/4784/4722 365/4783/4721 364/4785/4723
f 2440/4784/4722 364/4785/4723 2441/4786/4724
f 2441/4786/4724 364/4785/4723 363/4787/4725
f 2441/4786/4724 363/4787/4725 2442/4788/4726
f 2442/4788/4726 363/4787/4725 362/4789/4727
f 2442/4788/4726 362/4789/4727 2443/4790/4728
f 2443/4790/4728 362/4789/4727 361/4791/4729
f 2443/4790/4728 361/4791/4729 2444/4792/4730
f 2444/4792/4730 361/4791/4729 360/4793/4731
f 2444/4792/4730 360/4793/4731 2445/4794/4732
f 2445/4794/4732 360/4793/4731 359/4795/4733
f 2445/4794/4732 359/4795/4733 2446/4796/4734
f 2446/4796/4734 359/4795/4733 358/4797/4735
f 2446/4796/4734 358/4797/4735 2447/4798/4736
f 2447/4798/4736 358/4797/4735 357/4799/4737
f 2447/4798/4736 357/4799/4737 2448/4800/4738
f 2448/4800/4738 357/4799/4737 356/4801/4739
f 2448/4800/4738 356/4801/4739 2449/4802/4740
f 2449/4802/4740 356/4801/4739 355/4803/4741
f 2449/4802/4740 355/4803/4741 2450/4804/4742
f 2450/4804/4742 355/4803/4741 354/4805/4743
f 2450/4804/4742 354/4805/4743 2451/4806/4744
f 2451/4806/4744 354/4805/4743 353/4807/4745
f 2451/4806/4744 353/4807/4745 2452/4808/4746
f 2452/4808/4746 353/4807/4745 352/4809/4747
f 2452/4808/4746 352/4809/4747 2453/4810/4748
f 2453/4810/4748 352/4809/4747 351/4811/4749
f 2453/4810/4748 351/4811/4749 2454/4812/4750
f 2454/4812/4750 351/4811/4749 350/4813/4751
f 2454/4812/4750 350/4813/4751 2455/4814/4752
f 2455/4814/4752 350/4813/4751 349/4815/4753
f 2455/4814/4752 349/4815/4753 2456/4816/4754
f 2456/4816/4754 349/4815/4753 348/4817/4755
f 2456/4816/4754 348/4817/4755 2457/4818/4756
f 2457/4818/4756 348/4817/4755 347/4819/4757
f 2457/4818/4756 347/4819/4757 2458/4820/4758
f 2458/4820/4758 347/4819/4757 346/4821/4759
f 2458/4820/4758 346/4821/4759 2459/4822/4760
f 2459/4822/4760 346/4821/4759 345/4823/4761
f 2459/4822/4760 345/4823/4761 2460/4824/4762
f 2460/4824/4762 345/4823/4761 344/4825/4763
f 2460/4824/4762 344/4825/4763 2461/4826/4764
f 2461/4826/4764 344/4825/4763 343/4827/4765
f 2461/4826/4764 343/4827/4765 2462/4828/4766
f 2462/4828/4766 343/4827/4765 342/4829/4767
f 2462/4828/4766 342/4829/4767 2463/4830/4768
f 2463/4830/4768 342/4829/4767 341/4831/4769
f 2463/4830/4768 341/4831/4769 2464/4832/4770
f 2464/4832/4770 341/4831/4769 340/4833/4771
f 2464/4832/4770 340/4833/4771 2465/4834/4772
f 2465/4834/4772 340/4833/4771 2466/4835/4773
f 2466/4835/4773 340/4833/4771 339/4836/4774
f 2466/4835/4773 339/4836/4774 2467/4837/4775
f 2467/4837/4775 339/4836/4774 338/4838/4776
f 2467/4837/4775 338/4838/4776 2468/4839/4777
f 2468/4839/4777 338/4838/4776 337/4840/4778
f 2468/4839/4777 337/4840/4778 2469/4841/4779
f 2469/4841/4779 337/4840/4778 336/4842/4780
f 2469/4841/4779 336/4842/4780 2470/4843/4781
f 2470/4843/4781 336/4842/4780 335/4844/4782
f 2470/4843/4781 335/4844/4782 2471/4845/4783
f 2471/4845/4783 335/4844/4782 334/4846/4784
f 2471/4845/4783 334/4846/4784 2472/4847/4785
f 2472/4847/4785 334/4846/4784 333/4848/4786
f 2472/4847/4785 333/4848/4786 2473/4849/4787
f 2473/4849/4787 333/4848/4786 332/4850/4788
f 2473/4849/4787 332/4850/4788 2474/4851/4789
f 2474/4851/4789 332/4850/4788 331/4852/4790
f 2474/4851/4789 331/4852/4790 2475/4853/4791
f 2475/4853/4791 331/4852/4790 330/4854/4792
f 2475/4853/4791 330/4854/4792 2476/4855/4793
f 2476/4855/4793 330/4854/4792 329/4856/4794
f 2476/4855/4793 329/4856/4794 2477/4857/4795
f 2477/4857/4795 329/4856/4794 328/4858/4796
f 2477/4857/4795 328/4858/4796 2478/4859/4797
f 2478/4859/4797 328/4858/4796 327/4860/4798
f 2478/4859/4797 327/4860/4798 2479/4861/4799
f 2479/4861/4799 327/4860/4798 326/4862/4800
f 2479/4861/4799 326/4862/4800 2480/4863/4801
f 2480/4863/4801 326/4862/4800 325/4864/4802
f 2480/4863/4801 325/4864/4802 2481/4865/4803
f 2481/4865/4803 325/4864/4802 324/4866/4804
f 2481/4865/4803 324/4866/4804 2482/4867/4805
f 2482/4867/4805 324/4866/4804 323/4868/4806
f 2482/4867/4805 323/4868/4806 2483/4869/4807
f 2483/4869/4807 323/4868/4806 322/4870/4808
f 2483/4869/4807 322/4870/4808 2484/4871/4809
f 2484/4871/4809 322/4870/4808 321/4872/4810
f 2484/4871/4809 321/4872/4810 2485/4873/4811
f 2485/4873/4811 321/4872/4810 320/4874/4812
f 2485/4873/4811 320/4874/4812 2486/4875/4813
f 2486/4875/4813 320/4874/4812 319/4876/4814
f 2486/4875/4813 319/4876/4814 2487/4877/4815
f 2487/4877/4815 319/4876/4814 318/4878/4816
f 2487/4877/4815 318/4878/4816 2488/4879/4817
f 2488/4879/4817 318/4878/4816 317/4880/4818
f 2488/4879/4817 317/4880/4818 2489/4881/4819
f 2489/4881/4819 317/4880/4818 316/4882/4820
f 2489/4881/4819 316/4882/4820 2490/4883/4821
f 2490/4883/4821 316/4882/4820 315/4884/4822
f 2490/4883/4821 315/4884/4822 2491/4885/4823
f 2491/4885/4823 315/4884/4822 314/4886/4824
f 2491/4885/4823 314/4886/4824 2492/4887/4825
f 2492/4887/4825 314/4886/4824 313/4888/4826
f 2492/4887/4825 313/4888/4826 2493/4889/4827
f 2493/4889/4827 313/4888/4826 312/4890/4828
f 2493/4889/4827 312/4890/4828 2494/4891/4829
f 2494/4891/4829 312/4890/4828 311/4892/4830
f 2494/4891/4829 311/4892/4830 2495/4893/4831
f 2495/4893/4831 311/4892/4830 310/4894/4832
f 2495/4893/4831 310/4894/4832 2496/4895/4833
f 2496/4895/4833 310/4894/4832 309/4896/4834
f 2496/4895/4833 309/4896/4834 2497/4897/4835
f 2497/4897/4835 309/4896/4834 308/4898/4836
f 2497/4897/4835 308/4898/4836 2498/4899/4837
f 2498/4899/4837 308/4898/4836 307/4900/4838
f 2498/4899/4837 307/4900/4838 2499/4901/4839
f 2499/4901/4839 307/4900/4838 306/4902/4840
f 2499/4901/4839 306/4902/4840 2500/4903/4841
f 2500/4903/4841 306/4902/4840 305/4904/4842
f 2500/4903/4841 305/4904/4842 2501/4905/4843
f 2501/4905/4843 305/4904/4842 304/4906/4844
f 2501/4905/4843 304/4906/4844 2502/4907/4845
f 2502/4907/4845 304/4906/4844 303/4908/4846
f 2502/4907/4845 303/4908/4846 2503/4909/4847
f 2503/4909/4847 303/4908/4846 302/4910/4848
f 2503/4909/4847 302/4910/4848 2504/4911/4849
f 2504/4911/4849 302/4910/4848 301/4912/4850
f 2504/4911/4849 301/4912/4850 2505/4913/4851
f 2505/4913/4851 301/4912/4850 300/4914/4852
f 2505/4913/4851 300/4914/4852 2506/4915/4853
f 2506/4915/4853 300/4914/4852 299/4916/4854
f 2506/4915/4853 299/4916/4854 2507/4917/4855
f 2507/4917/4855 299/4916/4854 298/4918/4856
f 2507/4917/4855 298/4918/4856 2508/4919/4857
f 2508/4919/4857 298/4918/4856 297/4920/4858
f 2508/4919/4857 297/4920/4858 2509/4921/4859
f 2509/4921/4859 297/4920/4858 296/4922/4860
f 2509/4921/4859 296/4922/4860 2510/4923/4861
f 2510/4923/4861 296/4922/4860 295/4924/4862
f 2510/4923/4861 295/4924/4862 2511/4925/4863
f 2511/4925/4863 295/4924/4862 294/4926/4864
f 2511/4925/4863 294/4926/4864 2512/4927/4865
f 2512/4927/4865 294/4926/4864 293/4928/4866
f 2512/4927/4865 293/4928/4866 2513/4929/4867
f 2513/4929/4867 293/4928/4866 292/4930/4868
f 2513/4929/4867 292/4930/4868 2514/4931/4869
f 2514/4931/4869 292/4930/4868 291/4932/4870
f 2514/4931/4869 291/4932/4870 2515/4933/4871
f 2515/4933/4871 291/4932/4870 290/4934/4872
f 2515/4933/4871 290/4934/4872 2516/4935/4873
f 2516/4935/4873 290/4934/4872 289/4936/4874
f 2516/4935/4873 289/4936/4874 2517/4733/4671
f 2517/4733/4671 289/4936/4874 288/4731/4669
f 80/4937/4875 824/4938/4876 1/4939/4877
f 1/4939/4877 824/4938/4876 823/4940/4878
f 1/4941/4877 823/4942/4878 2/4943/4879
f 2/4943/4879 823/4942/4878 902/4944/4880
f 2/4943/4879 902/4944/4880 3/4945/4881
f 3/4945/4881 902/4944/4880 901/4946/4882
f 3/4945/4881 901/4946/4882 4/4947/4883
f 4/4947/4883 901/4946/4882 900/4948/4884
f 4/4947/4883 900/4948/4884 5/4949/4885
f 5/4949/4885 900/4948/4884 899/4950/4886
f 5/4949/4885 899/4950/4886 6/4951/4887
f 6/4951/4887 899/4950/4886 898/4952/4888
f 6/4951/4887 898/4952/4888 7/4953/4889
f 7/4953/4889 898/4952/4888 897/4954/4890
f 7/4953/4889 897/4954/4890 8/4955/4891
f 8/4955/4891 897/4954/4890 896/4956/4892
f 8/4955/4891 896/4956/4892 9/4957/4893
f 9/4957/4893 896/4956/4892 895/4958/4894
f 9/4957/4893 895/4958/4894 10/4959/4895
f 10/4959/4895 895/4958/4894 894/4960/4896
f 10/4959/4895 894/4960/4896 11/4961/4897
f 11/4961/4897 894/4960/4896 893/4962/4898
f 11/4961/4897 893/4962/4898 12/4963/4899
f 12/4963/4899 893/4962/4898 892/4964/4900
f 12/4963/4899 892/4964/4900 13/4965/4901
f 13/4965/4901 892/4964/4900 891/4966/4902
f 13/4965/4901 891/4966/4902 14/4967/4903
f 14/4967/4903 891/4966/4902 890/4968/4904
f 14/4967/4903 890/4968/4904 15/4969/4905
f 15/4969/4905 890/4968/4904 889/4970/4906
f 15/4969/4905 889/4970/4906 16/4971/4907
f 16/4971/4907 889/4970/4906 888/4972/4908
f 16/4971/4907 888/4972/4908 17/4973/4909
f 17/4973/4909 888/4972/4908 887/4974/4910
f 17/4973/4909 887/4974/4910 18/4975/4911
f 18/4975/4911 887/4974/4910 886/4976/4912
f 18/4975/4911 886/4976/4912 19/4977/4913
f 19/4977/4913 886/4976/4912 885/4978/4914
f 19/4977/4913 885/4978/4914 20/4979/4915
f 20/4979/4915 885/4978/4914 884/4980/4916
f 20/4979/4915 884/4980/4916 21/4981/4917
f 21/4981/4917 884/4980/4916 883/4982/4918
f 21/4981/4917 883/4982/4918 22/4983/4919
f 22/4983/4919 883/4982/4918 882/4984/4920
f 22/4983/4919 882/4984/4920 23/4985/4921
f 23/4985/4921 882/4984/4920 881/4986/4922
f 23/4985/4921 881/4986/4922 24/4987/4923
f 24/4987/4923 881/4986/4922 880/4988/4924
f 24/4987/4923 880/4988/4924 25/4989/4925
f 25/4989/4925 880/4988/4924 879/4990/4926
f 25/4989/4925 879/4990/4926 26/4991/4927
f 26/4991/4927 879/4990/4926 878/4992/4928
f 26/4991/4927 878/4992/4928 27/4993/4929
f 27/4993/4929 878/4992/4928 877/4994/4930
f 27/4993/4929 877/4994/4930 28/4995/4931
f 28/4995/4931 877/4994/4930 876/4996/4932
f 28/4995/4931 876/4996/4932 29/4997/4933
f 29/4997/4933 876/4996/4932 875/4998/4934
f 29/4997/4933 875/4998/4934 30/4999/4935
f 30/4999/4935 875/4998/4934 874/5000/4936
f 30/4999/4935 874/5000/4936 31/5001/4937
f 31/5001/4937 874/5000/4936 873/5002/4938
f 31/5001/4937 873/5002/4938 32/5003/4939
f 32/5003/4939 873/5002/4938 872/5004/4940
f 32/5003/4939 872/5004/4940 33/5005/4941
f 33/5005/4941 872/5004/4940 871/5006/4942
f 33/5005/4941 871/5006/4942 34/5007/4943
f 34/5007/4943 871/5006/4942 870/5008/4944
f 34/5007/4943 870/5008/4944 35/5009/4945
f 35/5009/4945 870/5008/4944 869/5010/4946
f 35/5009/4945 869/5010/4946 36/5011/4947
f 36/5011/4947 869/5010/4946 868/5012/4948
f 36/5011/4947 868/5012/4948 37/5013/4949
f 37/5013/4949 868/5012/4948 867/5014/4950
f 37/5013/4949 867/5014/4950 38/5015/4951
f 38/5015/4951 867/5014/4950 866/5016/4952
f 38/5015/4951 866/5016/4952 39/5017/4953
f 39/5017/4953 866/5016/4952 865/5018/4954
f 39/5017/4953 865/5018/4954 40/5019/4955
f 40/5019/4955 865/5018/4954 864/5020/4956
f 40/5019/4955 864/5020/4956 41/5021/4957
f 41/5021/4957 864/5020/4956 863/5022/4958
f 41/5021/4957 863/5022/4958 42/5023/4959
f 42/5023/4959 863/5022/4958 862/5024/4960
f 42/5023/4959 862/5024/4960 43/5025/4961
f 43/5025/4961 862/5024/4960 861/5026/4962
f 43/5025/4961 861/5026/4962 44/5027/4963
f 44/5027/4963 861/5026/4962 860/5028/4964
f 44/5027/4963 860/5028/4964 45/5029/4965
f 45/5029/4965 860/5028/4964 859/5030/4966
f 45/5029/4965 859/5030/4966 46/5031/4967
f 46/5031/4967 859/5030/4966 858/5032/4968
f 46/5031/4967 858/5032/4968 47/5033/4969
f 47/5033/4969 858/5032/4968 857/5034/4970
f 47/5033/4969 857/5034/4970 48/5035/4971
f 48/5035/4971 857/5034/4970 856/5036/4972
f 48/5035/4971 856/5036/4972 49/5037/4973
f 49/5037/4973 856/5036/4972 855/5038/4974
f 49/5037/4973 855/5038/4974 50/5039/4975
f 50/5039/4975 855/5038/4974 854/5040/4976
f 50/5039/4975 854/5040/4976 51/5041/4977
f 51/5041/4977 854/5040/4976 853/5042/4978
f 51/5041/4977 853/5042/4978 52/5043/4979
f 52/5043/4979 853/5042/4978 852/5044/4980
f 52/5043/4979 852/5044/4980 53/5045/4981
f 53/5045/4981 852/5044/4980 851/5046/4982
f 53/5045/4981 851/5046/4982 54/5047/4983
f 54/5047/4983 851/5046/4982 850/5048/4984
f 54/5047/4983 850/5048/4984 55/5049/4985
f 55/5049/4985 850/5048/4984 849/5050/4986
f 55/5049/4985 849/5050/4986 56/5051/4987
f 56/5051/4987 849/5050/4986 848/5052/4988
f 56/5051/4987 848/5052/4988 57/5053/4989
f 57/5053/4989 848/5052/4988 847/5054/4990
f 57/5053/4989 847/5054/4990 58/5055/4991
f 58/5055/4991 847/5054/4990 846/5056/4992
f 58/5055/4991 846/5056/4992 59/5057/4993
f 59/5057/4993 846/5056/4992 845/5058/4994
f 59/5057/4993 845/5058/4994 60/5059/4995
f 60/5059/4995 845/5058/4994 844/5060/4996
f 60/5059/4995 844/5060/4996 61/5061/4997
f 61/5061/4997 844/5060/4996 843/5062/4998
f 61/5061/4997 843/5062/4998 62/5063/4999
f 62/5063/4999 843/5062/4998 842/5064/5000
f 62/5063/4999 842/5064/5000 63/5065/5001
f 63/5065/5001 842/5064/5000 841/5066/5002
f 63/5065/5001 841/5066/5002 64/5067/5003
f 64/5067/5003 841/5066/5002 840/5068/5004
f 64/5067/5003 840/5068/5004 65/5069/5005
f 65/5069/5005 840/5068/5004 839/5070/5006
f 65/5069/5005 839/5070/5006 66/5071/5007
f 66/5071/5007 839/5070/5006 838/5072/5008
f 66/5071/5007 838/5072/5008 67/5073/5009
f 67/5073/5009 838/5072/5008 837/5074/5010
f 67/5073/5009 837/5074/5010 68/5075/5011
f 68/5075/5011 837/5074/5010 836/5076/5012
f 68/5075/5011 836/5076/5012 69/5077/5013
f 69/5077/5013 836/5076/5012 835/5078/5014
f 69/5077/5013 835/5078/5014 70/5079/5015
f 70/5079/5015 835/5078/5014 834/5080/5016
f 70/5079/5015 834/5080/5016 71/5081/5017
f 71/5081/5017 834/5080/5016 833/5082/5018
f 71/5081/5017 833/5082/5018 72/5083/5019
f 72/5083/5019 833/5082/5018 832/5084/5020
f 72/5083/5019 832/5084/5020 73/5085/5021
f 73/5085/5021 832/5084/5020 831/5086/5022
f 73/5085/5021 831/5086/5022 74/5087/5023
f 74/5087/5023 831/5086/5022 830/5088/5024
f 74/5087/5023 830/5088/5024 75/5089/5025
f 75/5089/5025 830/5088/5024 829/5090/5026
f 75/5089/5025 829/5090/5026 76/5091/5027
f 76/5091/5027 829/5090/5026 828/5092/5028
f 76/5091/5027 828/5092/5028 77/5093/5029
f 77/5093/5029 828/5092/5028 827/5094/5030
f 77/5093/5029 827/5094/5030 78/5095/5031
f 78/5095/5031 827/5094/5030 826/5096/5032
f 78/5095/5031 826/5096/5032 79/5097/5033
f 79/5097/5033 826/5096/5032 825/5098/5034
f 79/5097/5033 825/5098/5034 80/4937/4875
f 80/4937/4875 825/5098/5034 824/4938/4876
# 2517 vertices
# 5098 texture params
# 5034 normals
# 5058 facets

# 1 groups
